EQID,Mw,SoF,Dip,RJB,VS30,PGV_geo
146,3.8,S,61.0,88.25978624,481.0,0.041942239
209,4.2,S,68.0,116.082342,373.0,0.037115264
414,4.1,S,66.0,102.8265568,371.0,0.011931486
735,4.2,S,87.0,73.77953875,369.0,0.063620554
493,4.0,N,65.0,161.1502182,324.0,0.030799546
559,4.4,S,88.0,172.4318688,382.0,0.029982291
629,4.1,S,59.0,67.40277451,735.0,0.049637931
616,4.3,S,84.0,108.9124874,460.0,0.048970463
575,4.2,S,52.0,189.4637213,229.0,0.042057839
155,4.0,N,62.0,175.6435421,321.0,0.020655275
552,4.1,S,79.0,31.70755822,224.0,0.147826202
280,4.2,R,57.0,29.01135683,348.0,0.109661823
211,4.1,S,90.0,45.19138358,315.0,0.026246967
523,4.3,N,74.0,108.6741774,462.0,0.069546854
8744,4.0,S,63.0,89.0,333.0,0.031668944
335,4.1,S,70.0,149.4379792,361.0,0.008027648
344,4.0,N,42.0,53.37062788,558.0,0.05343631
497,4.2,S,74.0,118.3727843,375.0,0.012497431
336,3.7,S,86.0,23.34014205,376.0,0.085004318
280,4.2,R,57.0,72.62140039,190.0,0.096105667
202,4.3,S,77.0,151.5420287,259.0,0.077055949
554,4.0,S,62.0,58.54742099,384.0,0.132216627
362,4.3,N,55.0,58.5766782,827.0,0.03653425
471,4.1,S,76.0,118.8692227,444.0,0.017499359
602,4.1,N,25.0,100.2507254,745.0,0.023163804
106,4.2,N,66.0,136.7871479,348.0,0.037882267
532,4.4,S,86.0,156.402285,303.0,0.013901635
133,4.4,R,67.0,122.8084908,376.0,0.075519632
233,4.3,S,54.0,96.89158459,695.0,0.014991419
448,4.0,S,53.0,154.7550107,875.0,0.003196538
498,4.2,S,72.0,91.26972857,273.0,0.046974205
664,4.0,S,90.0,48.98675813,663.0,0.017323145
505,4.2,R,90.0,95.89544984,313.0,0.00958169
202,4.3,S,77.0,94.57855744,514.0,0.0557712
706,4.1,N,55.0,84.2524462,205.0,0.025619623
173,4.3,R,64.0,115.4017968,295.0,0.027043604
230,4.2,S,59.0,154.8827853,462.0,0.009115091
460,4.1,N,81.0,158.2103048,317.0,0.020522944
376,4.2,S,55.0,52.41511685,532.0,0.025838687
294,4.3,S,73.0,172.9230274,430.0,0.022631606
728,4.1,N,55.0,143.4418507,732.0,0.001749687
8475,4.1,S,86.0,71.0,314.0,0.014175083
629,4.1,S,59.0,139.3883803,519.0,0.015735498
249,3.9,N,48.0,74.91477649,340.0,0.028812526
8820,4.2,S,89.0,97.0,875.0,0.033632516
276,4.2,N,48.0,39.35581376,131.0,0.101480879
661,4.4,S,73.0,141.0222059,444.0,0.00770431
8872,4.3,S,78.0,77.0,528.0,0.024371435
661,4.4,S,73.0,54.22281058,815.0,0.040498619
609,4.0,N,51.0,20.31141724,292.0,0.109897768
527,4.2,N,74.0,23.08384664,234.0,0.227789813
487,4.3,S,81.0,106.2686607,219.0,0.02450689
350,4.0,N,39.0,90.63051098,375.0,0.022885906
493,4.0,N,65.0,48.08962023,344.0,0.093387562
742,4.1,N,15.0,111.1239688,301.0,0.013718314
584,4.1,S,88.0,58.2938891,407.0,0.0226794
502,4.0,S,86.0,103.278148,366.0,0.029050038
411,4.0,S,51.0,68.97085142,444.0,0.020480586
317,4.0,N,28.0,145.5412142,875.0,0.00524191
207,4.0,S,56.0,196.0032696,324.0,0.005792186
559,4.4,S,88.0,159.8374696,570.0,0.017200823
271,4.3,S,79.0,108.3144044,377.0,0.010410421
657,4.2,S,76.0,44.63429274,393.0,0.048454404
203,3.9,N,87.0,165.4879025,500.0,0.004835253
514,4.3,S,80.0,116.8542277,469.0,0.013916808
569,4.1,S,54.0,195.4441847,570.0,0.002824975
532,4.4,S,86.0,165.1641692,398.0,0.004875788
422,4.0,S,55.0,53.73825687,346.0,0.115403407
405,3.7,N,44.0,37.57744456,219.0,0.056833009
8484,4.2,N,69.0,102.0,948.0,0.00702598
574,4.2,S,60.0,153.4679674,391.0,0.014121112
8553,4.2,S,88.0,69.0,523.0,0.029603487
258,4.2,N,33.0,36.9257935,236.0,0.400253239
341,4.2,S,75.0,69.22751739,192.0,0.047543893
414,4.1,S,66.0,58.92917159,696.0,0.014138618
185,4.3,S,90.0,117.0547077,223.0,0.019750802
335,4.1,S,70.0,66.08481651,375.0,0.020759657
461,4.0,S,64.0,35.17225107,487.0,0.028978466
373,3.9,N,39.0,59.82044648,532.0,0.025226956
254,4.3,S,85.0,54.37974212,315.0,0.104194653
144,3.8,S,74.0,122.0656024,376.0,0.030358692
344,4.0,N,42.0,46.01425623,145.0,0.137816553
413,4.2,N,41.0,116.4104482,549.0,0.014282295
243,3.9,S,62.0,56.00424567,214.0,0.028628603
495,4.4,S,54.0,36.3950913,1862.0,0.036721594
226,4.2,N,51.0,30.0448359,234.0,0.401611527
598,4.3,S,89.0,162.6305737,721.0,0.011135462
656,4.1,S,59.0,76.27599948,1380.0,0.018009249
251,3.7,R,71.0,102.4884918,654.0,0.007004617
697,4.0,N,55.0,72.76964343,875.0,0.023275049
735,4.2,S,87.0,101.375886,328.0,0.13679605
497,4.2,S,74.0,143.9300091,469.0,0.002224029
9179,4.4,S,88.0,85.0,501.0,0.057085055
8484,4.2,N,69.0,134.0,630.0,0.012389281
705,4.0,N,55.0,64.63759376,630.0,0.018980032
198,4.0,N,74.0,197.7507897,460.0,0.015832254
561,4.2,S,76.0,81.99253173,907.0,0.007040197
573,4.1,S,66.0,160.0402019,396.0,0.005845007
624,4.2,S,82.0,41.25516224,300.0,0.05434609
254,4.3,S,85.0,109.6644972,387.0,0.051465465
559,4.4,S,88.0,129.4587979,366.0,0.03473308
371,3.9,N,60.0,54.61231201,387.0,0.021335061
534,4.4,N,70.0,70.32227442,294.0,0.174265493
8785,4.3,S,69.0,81.0,131.0,0.072378131
572,4.0,S,62.0,97.59743918,259.0,0.027444142
302,4.4,N,51.0,108.4331949,804.0,0.007424463
423,4.2,N,35.0,39.8429306,948.0,0.047927602
376,4.2,S,55.0,76.55545626,270.0,0.02769128
719,4.2,N,55.0,72.31129803,313.0,0.039157351
294,4.3,S,73.0,89.3753974,986.0,0.04237877
535,4.1,N,63.0,174.9966156,529.0,0.007524793
174,3.7,S,77.0,53.08027472,346.0,0.064039026
711,4.0,N,55.0,65.58123364,145.0,0.078472043
370,4.0,N,43.0,25.70862284,207.0,0.095242637
485,4.1,N,43.0,50.9645428,369.0,0.026318063
478,4.3,N,39.0,33.46730394,948.0,0.11377578
518,4.3,N,74.0,95.57608823,234.0,0.078691053
602,4.1,N,25.0,99.78724981,771.0,0.025015993
251,3.7,R,71.0,74.44548289,660.0,0.019519462
239,4.2,S,76.0,31.2080356,390.0,0.197278573
503,4.0,N,50.0,18.11976621,350.0,0.157781913
8460,4.0,N,49.0,35.0,363.0,0.090248536
197,4.1,N,63.0,119.7738579,444.0,0.023569778
411,4.0,S,51.0,66.30734096,145.0,0.065314431
335,4.1,S,70.0,132.8930921,639.0,0.004246606
475,4.1,N,40.0,56.83039258,215.0,0.055632576
221,3.9,S,65.0,24.75931322,771.0,0.172141085
532,4.4,S,86.0,159.2786642,426.0,0.01074188
239,4.2,S,76.0,107.0516053,469.0,0.037069843
187,4.3,N,59.0,137.1915092,304.0,0.025535734
294,4.3,S,73.0,40.23367909,415.0,0.189347046
290,4.0,S,47.0,79.21340553,336.0,0.026515376
274,3.7,S,39.0,56.74044172,424.0,0.033854167
513,4.2,S,66.0,49.73688921,549.0,0.098425221
95,4.3,S,89.0,66.30937329,414.0,0.043696912
362,4.3,N,55.0,20.68497776,229.0,0.894254522
590,4.4,S,67.0,185.0328364,804.0,0.002991337
735,4.2,S,87.0,76.3570074,460.0,0.115637407
475,4.1,N,40.0,49.54067224,720.0,0.096066285
493,4.0,N,65.0,79.51611196,412.0,0.055574982
374,4.2,S,60.0,88.83510603,827.0,0.042283635
532,4.4,S,86.0,120.8178855,521.0,0.00944655
8796,4.4,S,67.0,177.0,207.0,0.012778958
229,4.0,N,41.0,135.4926685,251.0,0.03393931
179,4.2,R,52.0,87.25294982,579.0,0.011800654
672,4.0,S,90.0,96.35101274,469.0,0.015637504
359,3.8,N,49.0,76.29093183,300.0,0.016544198
401,4.3,N,39.0,60.06267181,630.0,0.017907735
532,4.4,S,86.0,139.844513,804.0,0.010024181
575,4.2,S,52.0,45.19519585,300.0,0.184451379
512,4.1,N,52.0,171.8245166,732.0,0.002483052
673,4.2,S,76.0,74.20308676,317.0,0.075103757
666,4.4,S,76.0,52.50855517,660.0,0.032707287
470,4.0,S,69.0,69.34690457,313.0,0.023175655
91,4.1,S,62.0,50.76082025,460.0,0.035373988
242,4.2,N,40.0,116.5203291,639.0,0.021334596
511,4.1,N,52.0,4.05034149,303.0,1.37194605
95,4.3,S,89.0,21.44972299,306.0,0.3476547
697,4.0,N,55.0,67.06575742,630.0,0.019147402
572,4.0,S,62.0,151.1129108,555.0,0.008670115
269,3.9,N,54.0,85.80381364,234.0,0.01422739
341,4.2,S,75.0,152.2547399,875.0,0.009969147
427,4.1,S,75.0,49.9488959,1323.0,0.057630726
156,3.8,S,25.0,20.95986152,448.0,0.416866702
8484,4.2,N,69.0,101.0,694.0,0.005991527
575,4.2,S,52.0,92.759484,145.0,0.087853291
277,4.2,S,67.0,97.51606033,247.0,0.106333715
188,4.3,S,77.0,145.3741795,514.0,0.04274768
527,4.2,N,74.0,63.10870684,219.0,0.044290873
194,4.1,S,90.0,75.07123156,403.0,0.034983715
559,4.4,S,88.0,149.0199027,391.0,0.018543524
237,4.1,S,90.0,148.2858677,361.0,0.020422133
8755,4.2,S,79.0,141.0,317.0,0.059900564
230,4.2,S,59.0,64.41323596,630.0,0.044069659
349,4.0,S,47.0,114.6964535,532.0,0.016686991
503,4.0,N,50.0,20.87960683,567.0,0.023728917
590,4.4,S,67.0,176.6354087,284.0,0.003054538
505,4.2,R,90.0,32.02521529,277.0,0.064474514
450,3.9,S,81.0,74.84801284,373.0,0.015875266
584,4.1,S,88.0,131.5848618,444.0,0.004624385
229,4.0,N,41.0,141.2561515,229.0,0.060413221
563,4.2,S,74.0,88.56102062,367.0,0.064227343
511,4.1,N,52.0,47.94306857,462.0,0.123963623
450,3.9,S,81.0,68.09195237,489.0,0.03509945
475,4.1,N,40.0,91.44938297,715.0,0.022624128
174,3.7,S,77.0,47.60440971,715.0,0.045825166
742,4.1,N,15.0,89.79070169,813.0,0.012871186
708,4.3,N,55.0,46.21264573,415.0,0.027373895
657,4.2,S,76.0,58.21658993,335.0,0.02829559
494,4.0,S,54.0,108.894276,286.0,0.019239642
705,4.0,N,55.0,79.84273516,205.0,0.035592757
677,4.1,S,87.0,108.480637,469.0,0.003108849
505,4.2,R,90.0,64.97603734,459.0,0.006908438
485,4.1,N,43.0,57.37976706,207.0,0.020407491
88,4.4,S,61.0,55.88028484,193.0,0.58848988
221,3.9,S,65.0,65.21795537,532.0,0.051579767
574,4.2,S,60.0,64.21241486,273.0,0.073441507
596,4.3,S,67.0,64.61105989,481.0,0.041397312
8872,4.3,S,78.0,117.0,368.0,0.01943028
269,3.9,N,54.0,54.21567784,367.0,0.024146512
392,4.1,N,37.0,47.77053629,694.0,0.022762755
202,4.3,S,77.0,180.9935003,770.0,0.009264001
430,4.2,N,43.0,81.60774387,986.0,0.08761655
706,4.1,N,55.0,84.49992807,948.0,0.025186862
239,4.2,S,76.0,112.697473,377.0,0.040190473
513,4.2,S,66.0,35.40573869,477.0,0.086898271
320,3.9,N,31.0,135.8410915,683.0,0.034833768
588,4.3,S,68.0,179.5399036,356.0,0.001361073
703,4.0,N,55.0,79.15319695,875.0,0.013514192
575,4.2,S,52.0,188.9705414,438.0,0.010435284
398,4.4,N,35.0,124.5356864,567.0,0.010475395
588,4.3,S,68.0,129.2093344,955.0,0.002986293
301,4.0,N,37.0,44.75620437,1080.0,0.03382247
250,4.0,N,43.0,65.99660746,484.0,0.025199409
292,4.3,S,60.0,79.91982991,336.0,0.053857202
316,4.1,S,44.0,97.36410975,608.0,0.037128151
9240,4.4,S,74.0,144.0,875.0,0.002418563
561,4.2,S,76.0,151.775562,375.0,0.010226955
624,4.2,S,82.0,135.6374163,343.0,0.028203197
221,3.9,S,65.0,73.59075353,229.0,0.05898774
486,4.0,R,66.0,89.46051852,1113.0,0.01061576
493,4.0,N,65.0,175.7531785,336.0,0.02839504
308,3.7,S,65.0,87.16098309,1380.0,0.003819917
364,4.2,N,53.0,129.8302966,986.0,0.011593733
364,4.2,N,53.0,117.5174095,561.0,0.01897248
8933,4.2,S,82.0,78.0,538.0,0.072151769
475,4.1,N,40.0,53.56999287,555.0,0.066819721
340,4.1,S,79.0,48.1140726,375.0,0.089282565
221,3.9,S,65.0,133.2581465,629.0,0.010349532
210,3.8,N,39.0,51.43105159,300.0,0.006589629
736,4.0,N,55.0,73.1183073,459.0,0.025597449
8785,4.3,S,69.0,98.0,328.0,0.071118163
9135,4.2,S,82.0,143.0,207.0,0.017996809
711,4.0,N,55.0,76.97373509,205.0,0.04273207
485,4.1,N,43.0,37.19582358,298.0,0.138696217
557,4.0,S,90.0,92.35954935,375.0,0.01852947
728,4.1,N,55.0,70.24597758,313.0,0.158134059
220,4.0,S,81.0,30.69343728,827.0,0.054240948
159,4.4,S,81.0,93.33915499,612.0,0.046662989
443,4.1,N,45.0,45.54604465,567.0,0.052055469
339,3.8,S,87.0,134.0055749,372.0,0.008788929
359,3.8,N,49.0,75.88188641,745.0,0.013947002
706,4.1,N,55.0,94.6556971,340.0,0.014808031
274,3.7,S,39.0,80.06479493,715.0,0.004505449
202,4.3,S,77.0,102.0119161,459.0,0.166349145
8658,4.0,N,35.0,91.0,948.0,0.009224518
335,4.1,S,70.0,134.1852882,412.0,0.019534803
513,4.2,S,66.0,167.6804118,314.0,0.006904965
321,3.8,S,58.0,85.14383099,193.0,0.027399404
268,4.1,S,88.0,62.88743783,528.0,0.088681622
287,3.6,S,53.0,57.14993714,463.0,0.024711581
650,4.0,N,55.0,85.38629553,346.0,0.019806289
458,4.3,N,43.0,51.8699743,390.0,0.027172743
585,4.0,S,83.0,183.2969561,709.0,0.004007076
672,4.0,S,90.0,71.12508642,860.0,0.016161572
732,3.9,N,70.0,19.87845236,407.0,0.63114668
141,4.0,S,48.0,10.52897897,484.0,0.254159464
239,4.2,S,76.0,55.06179883,484.0,0.040719048
8484,4.2,N,69.0,76.0,599.0,0.015779596
9247,4.4,N,40.0,47.0,186.0,0.193267311
464,3.8,S,87.0,117.0153806,543.0,0.027291074
460,4.1,N,81.0,46.10302379,483.0,0.047808398
441,4.0,N,18.0,99.48538055,317.0,0.016768107
614,4.4,N,63.0,101.3381397,771.0,0.014828123
239,4.2,S,76.0,49.92476778,280.0,0.140857508
589,4.2,S,80.0,104.9650261,654.0,0.007457773
95,4.3,S,89.0,67.0369774,205.0,0.118045671
8825,4.3,S,70.0,43.0,330.0,0.152580187
349,4.0,S,47.0,114.620207,460.0,0.014774002
8744,4.0,S,63.0,124.0,662.0,0.019862953
8934,3.8,N,65.0,60.0,694.0,0.043911488
474,4.4,N,41.0,92.87461523,171.0,0.100114428
8735,3.8,S,80.0,49.0,484.0,0.024364846
155,4.0,N,62.0,21.7093508,304.0,0.218576766
276,4.2,N,48.0,30.69250227,460.0,0.112856497
641,4.3,S,80.0,91.050658,907.0,0.024495178
485,4.1,N,43.0,30.41143651,745.0,0.257602116
9228,4.0,S,65.0,95.0,484.0,0.00757386
8495,4.2,R,49.0,29.0,273.0,0.044922074
560,4.1,S,80.0,31.89007501,238.0,0.108027834
280,4.2,R,57.0,59.40554721,188.0,0.15000124
641,4.3,S,80.0,70.33540008,303.0,0.052435366
9226,4.0,R,20.0,104.0,305.0,0.017922028
718,4.1,N,55.0,29.45762468,369.0,0.154872565
422,4.0,S,55.0,136.4363611,555.0,0.032873195
569,4.1,S,54.0,88.79944249,561.0,0.008210374
8827,4.3,S,71.0,148.0,637.0,0.004393023
250,4.0,N,43.0,41.93432291,350.0,0.021012075
364,4.2,N,53.0,90.03242274,328.0,0.037312171
703,4.0,N,55.0,64.949539,532.0,0.063014324
482,4.2,N,71.0,36.04769647,219.0,0.078785438
534,4.4,N,70.0,37.90836042,472.0,0.36897266
453,4.4,S,69.0,164.6894711,335.0,0.024946328
383,4.1,N,19.0,59.62605695,361.0,0.023077738
8920,4.1,R,52.0,120.0,929.0,0.016600242
371,3.9,N,60.0,72.48239457,459.0,0.01212739
364,4.2,N,53.0,72.31828488,771.0,0.019552392
495,4.4,S,54.0,165.0258181,515.0,0.009155029
598,4.3,S,89.0,7.848497924,1380.0,1.353047958
143,3.9,S,44.0,25.82987954,671.0,0.112616502
728,4.1,N,55.0,69.73501544,771.0,0.045138671
382,4.1,S,83.0,51.30397246,205.0,0.033480291
475,4.1,N,40.0,96.75313263,329.0,0.046928221
622,4.1,R,35.0,147.2207769,303.0,0.004036532
362,4.3,N,55.0,58.87110481,270.0,0.125641451
512,4.1,N,52.0,142.2583958,285.0,0.010908765
317,4.0,N,28.0,74.0245881,483.0,0.031645703
226,4.2,N,51.0,91.51537699,367.0,0.01598688
8920,4.1,R,52.0,93.0,769.0,0.018003588
711,4.0,N,55.0,91.63667954,207.0,0.017196977
280,4.2,R,57.0,37.02179226,277.0,0.094401202
496,4.1,N,88.0,155.6720997,519.0,0.004223036
575,4.2,S,52.0,195.6028843,348.0,0.030836985
8924,3.7,N,60.0,96.0,370.0,0.013985289
9233,4.4,R,50.0,114.0,555.0,0.034465278
220,4.0,S,81.0,103.3816205,558.0,0.008248255
561,4.2,S,76.0,127.9039599,450.0,0.012817872
505,4.2,R,90.0,74.49607668,382.0,0.01857184
334,3.7,S,86.0,54.88630948,660.0,0.011280003
8934,3.8,N,65.0,69.0,460.0,0.016018599
554,4.0,S,62.0,109.4348457,720.0,0.005125013
510,4.2,S,66.0,3.991793258,303.0,2.000590888
155,4.0,N,62.0,172.8918197,388.0,0.002790103
8827,4.3,S,71.0,109.0,654.0,0.007329158
706,4.1,N,55.0,75.08694668,532.0,0.022171925
396,4.2,N,55.0,168.4536465,131.0,0.014847787
614,4.4,N,63.0,144.9766492,369.0,0.017219014
534,4.4,N,70.0,149.8797889,393.0,0.019104203
436,4.1,N,49.0,50.47882506,836.0,0.025103462
8785,4.3,S,69.0,68.0,328.0,0.19717772
8820,4.2,S,89.0,127.0,403.0,0.031082454
395,4.2,N,35.0,163.7146437,303.0,0.026827813
570,4.2,S,75.0,172.0068159,894.0,0.003965334
670,4.0,S,88.0,14.50457782,1380.0,0.053577262
656,4.1,S,59.0,165.7378916,347.0,0.014583762
179,4.2,R,52.0,144.7260727,416.0,0.009796089
226,4.2,N,51.0,126.8290176,359.0,0.013915888
475,4.1,N,40.0,47.83015778,558.0,0.093224039
258,4.2,N,33.0,144.0467357,358.0,0.023975953
532,4.4,S,86.0,118.0473048,567.0,0.010678818
237,4.1,S,90.0,35.28533732,683.0,0.086751746
242,4.2,N,40.0,109.6021853,283.0,0.052567119
742,4.1,N,15.0,118.9385331,323.0,0.00973495
463,4.1,S,73.0,19.39829626,201.0,0.356872046
403,4.4,N,35.0,39.96455652,278.0,0.044698516
662,4.3,N,27.0,64.61988771,340.0,0.049218148
723,4.1,N,54.0,93.69340639,207.0,0.044923475
167,3.7,S,38.0,42.23284143,429.0,0.027329444
512,4.1,N,52.0,95.22311644,234.0,0.041933288
289,3.9,S,61.0,13.04478145,356.0,0.443214542
475,4.1,N,40.0,87.55527273,574.0,0.016666232
261,3.9,N,66.0,27.59307286,323.0,0.072614466
704,4.0,N,55.0,88.50770031,207.0,0.013496828
552,4.1,S,79.0,71.12898237,312.0,0.056086814
512,4.1,N,52.0,81.87908928,599.0,0.006244731
512,4.1,N,52.0,50.32729436,549.0,0.078763385
483,4.3,S,60.0,139.6815961,280.0,0.011303698
600,4.4,S,74.0,76.44407386,329.0,0.041680435
511,4.1,N,52.0,34.57649424,367.0,0.074144059
252,3.8,S,80.0,59.76262902,278.0,0.019022142
513,4.2,S,66.0,6.32433525,303.0,2.136430193
259,4.2,S,89.0,38.9558604,429.0,0.046612174
581,4.3,S,57.0,15.74145733,1380.0,0.106520291
728,4.1,N,55.0,78.71198971,827.0,0.030558577
478,4.3,N,39.0,102.4755697,549.0,0.030462412
719,4.2,N,55.0,127.8706215,747.0,0.012536583
9233,4.4,R,50.0,19.0,965.0,0.236294326
552,4.1,S,79.0,61.63943077,323.0,0.092056312
503,4.0,N,50.0,54.23388171,271.0,0.023638475
376,4.2,S,55.0,65.97684896,313.0,0.014781141
305,4.0,N,38.0,22.31053582,366.0,0.378146092
641,4.3,S,80.0,120.0846187,519.0,0.003371169
463,4.1,S,73.0,139.1728414,466.0,0.013447006
572,4.0,S,62.0,45.42435156,300.0,0.038613997
241,3.9,N,69.0,62.90109906,346.0,0.021204874
467,4.0,N,36.0,78.68064831,466.0,0.019459216
115,4.1,S,86.0,62.0637674,1113.0,0.030362748
575,4.2,S,52.0,162.089663,396.0,0.019453756
735,4.2,S,87.0,98.66497425,459.0,0.07353032
8793,4.2,N,46.0,89.0,462.0,0.027476675
174,3.7,S,77.0,88.90962005,758.0,0.035550395
337,4.3,N,41.0,159.0774492,248.0,0.059192993
392,4.1,N,37.0,76.21236056,278.0,0.040228404
8893,4.3,S,84.0,132.0,660.0,0.024654874
224,4.3,R,50.0,52.18336896,315.0,0.082493015
662,4.3,N,27.0,32.61022709,205.0,0.370889641
9135,4.2,S,82.0,116.0,350.0,0.012403097
730,4.4,R,72.0,113.0685853,273.0,0.035142944
664,4.0,S,90.0,121.9883261,303.0,0.008257555
485,4.1,N,43.0,36.44340544,695.0,0.064420855
242,4.2,N,40.0,67.71847191,330.0,0.040231399
253,4.2,S,57.0,76.46241109,198.0,0.048919459
371,3.9,N,60.0,46.90875314,193.0,0.035406482
8484,4.2,N,69.0,77.0,462.0,0.090981542
549,4.4,S,86.0,11.82148902,348.0,0.590158234
355,4.2,S,85.0,69.3701301,459.0,0.029058108
596,4.3,S,67.0,165.0764095,315.0,0.02922504
409,3.9,N,58.0,60.55058392,696.0,0.012162731
8455,4.0,N,45.0,106.0,131.0,0.033919952
723,4.1,N,54.0,127.7842431,219.0,0.022490865
446,3.9,S,57.0,75.3388704,907.0,0.010081555
214,3.9,R,74.0,111.3910229,514.0,0.005225349
8757,3.9,S,90.0,118.0,452.0,0.006640388
437,3.8,N,43.0,18.72774809,207.0,0.221456936
76,4.4,N,26.0,84.59300952,267.0,0.190342087
149,3.9,S,89.0,20.30006099,403.0,0.323836142
241,3.9,N,69.0,94.9324872,539.0,0.004423268
572,4.0,S,62.0,93.27860764,695.0,0.02272221
292,4.3,S,60.0,74.45231213,298.0,0.062845747
210,3.8,N,39.0,49.67736862,251.0,0.042083785
392,4.1,N,37.0,57.50115545,219.0,0.09806779
291,4.0,S,63.0,131.0194834,397.0,0.007127316
9231,4.0,R,36.0,32.0,715.0,0.016573805
287,3.6,S,53.0,42.41902725,758.0,0.0489525
241,3.9,N,69.0,82.09154335,870.0,0.005069663
291,4.0,S,63.0,61.97117131,300.0,0.038598663
513,4.2,S,66.0,87.23106691,345.0,0.017642607
383,4.1,N,19.0,67.11476747,629.0,0.027419224
174,3.7,S,77.0,74.45191325,688.0,0.019464672
719,4.2,N,55.0,79.48036929,307.0,0.044024338
414,4.1,S,66.0,30.81410282,732.0,0.021857019
312,4.3,N,42.0,70.80814945,429.0,0.095837781
563,4.2,S,74.0,55.52308613,243.0,0.118769769
139,3.7,S,68.0,51.20028467,430.0,0.010628801
297,3.8,N,74.0,11.69625077,804.0,0.089774775
596,4.3,S,67.0,189.6973513,721.0,0.008386794
634,4.1,N,65.0,77.568178,986.0,0.051039368
362,4.3,N,55.0,191.6616585,549.0,0.007966861
250,4.0,N,43.0,116.7870315,469.0,0.015311119
589,4.2,S,80.0,55.14925164,907.0,0.020070012
728,4.1,N,55.0,80.57097722,836.0,0.068827034
552,4.1,S,79.0,138.1019719,188.0,0.073622924
318,4.1,N,23.0,83.14630487,193.0,0.033178107
281,3.6,S,86.0,56.98980595,390.0,0.022787427
512,4.1,N,52.0,52.75222879,462.0,0.111655201
350,4.0,N,39.0,30.07846807,238.0,0.154164961
650,4.0,N,55.0,65.32822449,558.0,0.013822831
262,4.0,N,58.0,134.4071471,304.0,0.034125068
370,4.0,N,43.0,38.75626361,328.0,0.047837933
378,4.2,N,39.0,76.01252334,745.0,0.049501284
221,3.9,S,65.0,33.55448919,306.0,0.131437025
467,4.0,N,36.0,19.52227028,732.0,0.065359891
180,4.1,S,81.0,28.5719455,306.0,0.054696352
196,4.3,S,90.0,186.500606,519.0,0.002233837
676,4.2,R,48.0,42.51692632,315.0,0.032315094
256,4.2,S,85.0,13.59932339,483.0,0.488342848
95,4.3,S,89.0,68.72366367,273.0,0.1309797
505,4.2,R,90.0,169.0359351,629.0,0.023955113
355,4.2,S,85.0,58.62523894,468.0,0.03463487
328,4.4,N,44.0,101.8701044,214.0,0.052575307
207,4.0,S,56.0,49.07913503,205.0,0.045756015
212,4.1,S,80.0,77.14497264,393.0,0.016502353
258,4.2,N,33.0,83.8499862,219.0,0.155354538
574,4.2,S,60.0,111.9003562,324.0,0.015297169
602,4.1,N,25.0,135.9715087,304.0,0.012026109
274,3.7,S,39.0,88.9547782,567.0,0.010430209
89,4.0,S,57.0,79.1343133,171.0,0.019559652
616,4.3,S,84.0,80.98609571,361.0,0.11350976
395,4.2,N,35.0,154.5907539,599.0,0.023675117
566,4.1,S,66.0,54.36583288,313.0,0.033460907
497,4.2,S,74.0,92.28540151,314.0,0.00773842
446,3.9,S,57.0,57.21928803,660.0,0.021303127
203,3.9,N,87.0,119.4067118,514.0,0.035054285
437,3.8,N,43.0,71.14866689,459.0,0.01209639
248,3.9,S,37.0,78.42734925,270.0,0.022151707
408,4.2,N,59.0,83.27782992,1080.0,0.016283825
8897,3.8,S,70.0,146.0,875.0,0.009447829
344,4.0,N,42.0,39.14615683,836.0,0.081635938
554,4.0,S,62.0,133.7428064,484.0,0.004305808
202,4.3,S,77.0,106.7795134,247.0,0.042771387
229,4.0,N,41.0,144.6361689,341.0,0.013537024
718,4.1,N,55.0,92.76672862,948.0,0.010619399
277,4.2,S,67.0,140.7576476,238.0,0.030456457
203,3.9,N,87.0,39.64066092,403.0,0.183766446
463,4.1,S,73.0,38.73603964,415.0,0.142491697
296,4.3,S,78.0,139.8470199,422.0,0.041440952
426,3.9,S,73.0,115.8005648,304.0,0.008508469
9231,4.0,R,36.0,95.0,445.0,0.032179026
230,4.2,S,59.0,27.18595274,747.0,0.077656898
723,4.1,N,54.0,53.18898462,414.0,0.135285526
495,4.4,S,54.0,47.21562859,884.0,0.066058938
493,4.0,N,65.0,133.3067396,265.0,0.013681313
425,4.0,S,83.0,142.6114593,1141.0,0.004667897
339,3.8,S,87.0,84.51385363,519.0,0.030775139
703,4.0,N,55.0,64.52470741,630.0,0.015803655
392,4.1,N,37.0,155.4892801,131.0,0.012146293
8735,3.8,S,80.0,56.0,570.0,0.006526405
349,4.0,S,47.0,59.80473845,415.0,0.034425843
563,4.2,S,74.0,25.81605711,280.0,0.313018478
383,4.1,N,19.0,55.49666941,558.0,0.02606782
502,4.0,S,86.0,39.27552097,286.0,0.04624794
8897,3.8,S,70.0,136.0,570.0,0.010539263
316,4.1,S,44.0,155.3298694,709.0,0.01848578
8890,4.2,N,53.0,54.0,771.0,0.036544548
108,4.1,N,69.0,27.58314617,304.0,0.274123093
475,4.1,N,40.0,75.52818371,390.0,0.04168182
484,4.0,S,78.0,102.4324119,362.0,0.017515166
575,4.2,S,52.0,171.2348282,429.0,0.018623503
534,4.4,N,70.0,143.956879,301.0,0.042481573
210,3.8,N,39.0,18.52828233,229.0,0.181182438
597,4.1,S,58.0,12.75802351,292.0,0.277218498
8890,4.2,N,53.0,29.0,328.0,0.165470409
8486,4.3,S,87.0,139.0,978.0,0.008987355
496,4.1,N,88.0,81.23845061,521.0,0.012504394
262,4.0,N,58.0,43.11967288,402.0,0.073804432
277,4.2,S,67.0,84.71839639,323.0,0.077399626
381,4.0,N,38.0,116.4485839,460.0,0.011413152
341,4.2,S,75.0,71.74768239,483.0,0.025548265
547,4.4,S,82.0,63.68294622,445.0,0.022671164
445,4.1,S,66.0,73.1563523,238.0,0.012915631
572,4.0,S,62.0,111.5283551,460.0,0.025783809
563,4.2,S,74.0,99.62980077,398.0,0.031292088
174,3.7,S,77.0,46.36374049,545.0,0.041838184
584,4.1,S,88.0,76.59825269,654.0,0.005334156
495,4.4,S,54.0,155.4924684,237.0,0.025720246
436,4.1,N,49.0,62.26538596,313.0,0.040544057
275,4.0,S,90.0,48.1380386,320.0,0.025708119
233,4.3,S,54.0,77.34355934,1141.0,0.035846648
332,4.2,S,81.0,194.8884234,618.0,0.001924671
616,4.3,S,84.0,82.16124199,827.0,0.039498295
425,4.0,S,83.0,23.37739535,219.0,0.136285611
262,4.0,N,58.0,81.14639005,251.0,0.034467378
241,3.9,N,69.0,86.07540868,310.0,0.012690448
382,4.1,S,83.0,43.41678453,361.0,0.015304837
425,4.0,S,83.0,60.89057545,580.0,0.022082746
512,4.1,N,52.0,48.80872752,805.0,0.045175086
210,3.8,N,39.0,29.5390473,277.0,0.065318632
720,4.1,N,55.0,52.29354233,414.0,0.051034215
318,4.1,N,23.0,26.58586215,366.0,0.48114827
256,4.2,S,85.0,74.87642623,709.0,0.01781567
499,4.2,N,26.0,127.2222964,549.0,0.017768025
493,4.0,N,65.0,90.91538426,282.0,0.042234679
250,4.0,N,43.0,46.75507905,484.0,0.043938352
141,4.0,S,48.0,72.02783987,469.0,0.033671089
475,4.1,N,40.0,49.86679126,618.0,0.088012382
287,3.6,S,53.0,14.65910608,599.0,0.11059011
8757,3.9,S,90.0,43.0,293.0,0.078729132
681,4.4,S,72.0,116.6368787,384.0,0.037253511
394,4.3,S,47.0,178.3140643,145.0,0.028279515
9248,4.4,S,77.0,137.0,373.0,0.016515958
342,4.0,S,86.0,96.93623151,660.0,0.012147457
575,4.2,S,52.0,183.5182446,314.0,0.008634359
478,4.3,N,39.0,94.12815857,307.0,0.051788737
249,3.9,N,48.0,70.46864492,286.0,0.015199195
207,4.0,S,56.0,16.43810143,414.0,0.401732891
518,4.3,N,74.0,88.60993872,599.0,0.015727155
650,4.0,N,55.0,76.42824118,271.0,0.037673121
254,4.3,S,85.0,52.6443449,403.0,0.037399304
229,4.0,N,41.0,162.7160318,324.0,0.012919735
554,4.0,S,62.0,73.71680401,519.0,0.01294513
742,4.1,N,15.0,80.4005978,507.0,0.006632706
8872,4.3,S,78.0,61.0,284.0,0.03562973
95,4.3,S,89.0,43.11093387,270.0,0.450993649
249,3.9,N,48.0,50.53725987,468.0,0.034477361
146,3.8,S,61.0,59.87304146,815.0,0.029080658
432,4.0,N,41.0,88.47172391,549.0,0.012997966
8924,3.7,N,60.0,35.0,407.0,0.211155482
384,3.9,S,74.0,61.65968986,270.0,0.019175299
250,4.0,N,43.0,42.09739235,599.0,0.024425464
535,4.1,N,63.0,71.62968434,372.0,0.04892751
395,4.2,N,35.0,162.2958504,462.0,0.022999944
530,4.0,N,55.0,55.7929635,393.0,0.021216828
611,4.2,S,90.0,91.56255413,660.0,0.012236098
144,3.8,S,74.0,112.1157211,391.0,0.020153842
249,3.9,N,48.0,158.4092242,387.0,0.003079453
575,4.2,S,52.0,91.36563737,286.0,0.066298198
139,3.7,S,68.0,35.06346986,758.0,0.032092016
173,4.3,R,64.0,94.44038795,271.0,0.028594793
478,4.3,N,39.0,48.74072384,694.0,0.02678813
355,4.2,S,85.0,66.33507547,145.0,0.071712137
650,4.0,N,55.0,83.4404587,533.0,0.015394912
736,4.0,N,55.0,61.78730979,745.0,0.075462026
575,4.2,S,52.0,88.5948813,459.0,0.023235369
349,4.0,S,47.0,50.83170155,145.0,0.113772579
209,4.2,S,68.0,121.1272049,284.0,0.03505272
139,3.7,S,68.0,141.6311757,660.0,0.00297694
621,4.2,S,84.0,111.9009186,654.0,0.005447944
484,4.0,S,78.0,134.7914079,885.0,0.003927475
8456,4.4,S,86.0,61.0,1072.0,0.028587001
91,4.1,S,62.0,53.41642652,270.0,0.071336307
487,4.3,S,81.0,45.37667147,248.0,0.747780648
8455,4.0,N,45.0,101.0,1005.0,0.017826661
597,4.1,S,58.0,96.10052985,771.0,0.01665588
338,4.3,N,39.0,101.1472333,324.0,0.022199431
616,4.3,S,84.0,38.91884066,229.0,0.341636489
403,4.4,N,35.0,58.76206677,1323.0,0.018673771
259,4.2,S,89.0,73.94750846,214.0,0.032490414
9247,4.4,N,40.0,151.0,445.0,0.036474201
8827,4.3,S,71.0,15.0,545.0,0.139153581
8917,4.4,S,88.0,79.0,303.0,0.034571857
515,4.1,N,82.0,48.68210031,549.0,0.192625091
723,4.1,N,54.0,58.70620032,695.0,0.025363278
464,3.8,S,87.0,155.0998533,390.0,0.010993844
188,4.3,S,77.0,44.24754667,483.0,0.068906775
383,4.1,N,19.0,38.66844016,270.0,0.104510664
570,4.2,S,75.0,89.86824445,444.0,0.147502329
8933,4.2,S,82.0,65.0,225.0,0.075858974
430,4.2,N,43.0,164.0348521,460.0,0.024582789
8795,3.8,N,70.0,112.0,225.0,0.084776495
701,4.2,N,55.0,79.611235,468.0,0.035309956
478,4.3,N,39.0,120.4981236,301.0,0.045960845
150,3.7,R,67.0,140.4933432,421.0,0.012134691
8897,3.8,S,70.0,119.0,343.0,0.021217094
497,4.2,S,74.0,62.53858958,663.0,0.010819106
703,4.0,N,55.0,66.23457272,771.0,0.023381006
187,4.3,N,59.0,198.1299551,361.0,0.010283239
588,4.3,S,68.0,66.90712417,329.0,0.024642715
422,4.0,S,55.0,79.30547454,315.0,0.044532616
616,4.3,S,84.0,156.7480425,403.0,0.037062848
422,4.0,S,55.0,28.00348627,671.0,0.380466156
453,4.4,S,69.0,37.02847532,362.0,0.581248694
334,3.7,S,86.0,145.2627269,579.0,0.000896308
274,3.7,S,39.0,92.17860866,501.0,0.005823653
498,4.2,S,72.0,18.54978349,771.0,0.104450377
723,4.1,N,54.0,88.90655983,948.0,0.024459553
8917,4.4,S,88.0,96.0,365.0,0.062688654
736,4.0,N,55.0,66.11696477,307.0,0.049157258
395,4.2,N,35.0,168.6084403,337.0,0.013675814
456,4.0,N,33.0,64.47249077,286.0,0.227672726
334,3.7,S,86.0,189.0259319,875.0,0.001796622
711,4.0,N,55.0,44.09890589,415.0,0.056069983
471,4.1,S,76.0,117.1830502,305.0,0.017955111
210,3.8,N,39.0,75.45365234,412.0,0.023739902
206,4.0,S,90.0,29.23723814,403.0,0.2004738
662,4.3,N,27.0,35.66665964,745.0,0.079055486
427,4.1,S,75.0,56.06009234,393.0,0.029240314
575,4.2,S,52.0,172.3648097,488.0,0.024671106
248,3.9,S,37.0,76.96898832,249.0,0.026369106
656,4.1,S,59.0,124.4994451,731.0,0.020844305
8793,4.2,N,46.0,24.0,391.0,0.51105415
600,4.4,S,74.0,112.498207,875.0,0.019278428
404,3.9,N,37.0,69.53530632,696.0,0.00836442
470,4.0,S,69.0,143.4156298,324.0,0.023868851
90,4.4,S,87.0,56.15711499,459.0,0.053811114
464,3.8,S,87.0,152.4909173,715.0,0.00886882
243,3.9,S,62.0,104.4751765,304.0,0.006951537
493,4.0,N,65.0,48.55464904,459.0,0.045792484
467,4.0,N,36.0,21.22546935,747.0,0.081683805
616,4.3,S,84.0,94.8238672,745.0,0.090061559
194,4.1,S,90.0,119.4819366,429.0,0.014876015
584,4.1,S,88.0,35.26461888,481.0,0.051149707
187,4.3,N,59.0,185.9963322,317.0,0.038143126
334,3.7,S,86.0,156.1247395,463.0,0.017825986
214,3.9,R,74.0,118.9687614,294.0,0.009718381
519,4.1,S,85.0,74.46200777,445.0,0.023168451
475,4.1,N,40.0,130.3508096,731.0,0.02539677
587,4.0,S,86.0,152.4780468,403.0,0.006981822
9234,4.3,N,62.0,126.0,460.0,0.0194566
718,4.1,N,55.0,35.70415565,1141.0,0.201363878
155,4.0,N,62.0,110.6114153,348.0,0.059064993
8455,4.0,N,45.0,68.0,328.0,0.018331359
485,4.1,N,43.0,66.59737533,307.0,0.032630664
734,4.0,S,80.0,101.1326642,337.0,0.015538711
701,4.2,N,55.0,66.84402311,369.0,0.043085094
616,4.3,S,84.0,89.56959866,695.0,0.034322097
167,3.7,S,38.0,131.0899236,361.0,0.004454206
734,4.0,S,80.0,58.33443456,372.0,0.068099556
296,4.3,S,78.0,33.89360804,362.0,0.744975664
414,4.1,S,66.0,66.65332434,894.0,0.023486843
460,4.1,N,81.0,166.8663257,145.0,0.049281401
166,3.5,S,81.0,101.6387231,671.0,0.009261393
210,3.8,N,39.0,35.97297479,488.0,0.056489293
512,4.1,N,52.0,88.39957007,236.0,0.016329249
670,4.0,S,88.0,90.51348879,376.0,0.011217013
411,4.0,S,51.0,76.55763002,745.0,0.037893994
261,3.9,N,66.0,93.60520035,555.0,0.035489351
491,4.4,R,62.0,119.1809336,393.0,0.008087238
436,4.1,N,49.0,88.43653256,223.0,0.085284867
535,4.1,N,63.0,85.36385777,282.0,0.033741239
9097,4.3,R,26.0,58.0,305.0,0.092292029
233,4.3,S,54.0,71.99414721,460.0,0.0292563
495,4.4,S,54.0,189.3458449,487.0,0.008580655
728,4.1,N,55.0,61.96507506,630.0,0.022833752
408,4.2,N,59.0,163.8638875,313.0,0.008008108
8825,4.3,S,70.0,101.0,224.0,0.082947535
242,4.2,N,40.0,24.98851581,375.0,0.257362179
474,4.4,N,41.0,96.15836312,836.0,0.046697591
433,4.2,N,55.0,53.62754611,219.0,0.049451481
461,4.0,S,64.0,45.96451457,338.0,0.030888144
8456,4.4,S,86.0,95.0,499.0,0.026818534
736,4.0,N,55.0,142.041174,558.0,0.004991288
8457,4.2,S,69.0,87.0,630.0,0.022573915
571,4.0,S,62.0,67.24414313,336.0,0.052204437
624,4.2,S,82.0,111.1718935,415.0,0.031040708
494,4.0,S,54.0,135.5365996,532.0,0.007326976
650,4.0,N,55.0,97.63520339,539.0,0.010266576
505,4.2,R,90.0,70.87416966,348.0,0.018449581
8825,4.3,S,70.0,85.0,192.0,0.211155548
611,4.2,S,90.0,79.94605295,481.0,0.028769528
571,4.0,S,62.0,83.74340649,193.0,0.041641538
91,4.1,S,62.0,51.37135947,249.0,0.073312465
392,4.1,N,37.0,88.66793113,369.0,0.014215473
57,4.3,R,85.0,67.5355139,301.0,0.103859931
154,3.8,S,78.0,56.24829578,483.0,0.008429496
337,4.3,N,41.0,155.8990405,948.0,0.007753315
241,3.9,N,69.0,129.5016222,567.0,0.003033954
229,4.0,N,41.0,186.9463892,683.0,0.005830698
230,4.2,S,59.0,26.48073272,219.0,0.399431346
720,4.1,N,55.0,86.17814429,894.0,0.01295999
8933,4.2,S,82.0,61.0,288.0,0.118052389
8744,4.0,S,63.0,107.0,429.0,0.006993849
8521,4.0,S,75.0,72.0,747.0,0.008237755
599,4.1,S,90.0,74.25307384,329.0,0.008322511
8554,4.1,N,32.0,55.0,732.0,0.015525745
349,4.0,S,47.0,69.98773574,460.0,0.024143476
498,4.2,S,72.0,10.86766291,171.0,0.213410423
306,4.0,N,36.0,51.68774336,393.0,0.04446269
673,4.2,S,76.0,128.5688816,322.0,0.04523969
441,4.0,N,18.0,93.28967913,314.0,0.080821136
292,4.3,S,60.0,59.76733461,273.0,0.053569801
495,4.4,S,54.0,48.22648192,436.0,0.093809515
735,4.2,S,87.0,88.41234147,771.0,0.130019285
316,4.1,S,44.0,148.0877512,229.0,0.015372848
481,4.1,S,72.0,90.92688582,618.0,0.0221904
395,4.2,N,35.0,148.2288621,477.0,0.007861106
697,4.0,N,55.0,77.95338667,205.0,0.038905268
738,4.0,S,76.0,109.6160679,429.0,0.017202579
575,4.2,S,52.0,91.8752267,171.0,0.032657348
8868,3.8,N,45.0,53.0,694.0,0.011358294
283,4.2,S,69.0,58.87281416,1076.0,0.011613329
414,4.1,S,66.0,56.67020851,393.0,0.012212319
9248,4.4,S,77.0,48.0,528.0,0.088558923
8455,4.0,N,45.0,102.0,145.0,0.031754408
77,4.4,S,57.0,136.9736857,314.0,0.038347071
302,4.4,N,51.0,98.94715743,329.0,0.01714514
342,4.0,S,86.0,41.28885058,543.0,0.075132329
424,4.4,N,32.0,36.3423717,948.0,0.066862948
395,4.2,N,35.0,177.6573939,313.0,0.015773325
337,4.3,N,41.0,101.2719356,278.0,0.031463952
657,4.2,S,76.0,26.26837197,1076.0,0.064075166
742,4.1,N,15.0,67.88461225,367.0,0.026692533
328,4.4,N,44.0,150.7256558,875.0,0.007768044
369,4.2,S,69.0,69.66816144,460.0,0.02379283
203,3.9,N,87.0,87.43169347,683.0,0.013392843
575,4.2,S,52.0,82.11194164,361.0,0.038742115
259,4.2,S,89.0,54.47454561,403.0,0.040771025
57,4.3,R,85.0,70.41252581,459.0,0.043230525
624,4.2,S,82.0,98.77230931,271.0,0.051472688
602,4.1,N,25.0,165.3275995,249.0,0.033362255
249,3.9,N,48.0,128.9391037,1323.0,0.002755104
409,3.9,N,58.0,58.874271,393.0,0.012332657
294,4.3,S,73.0,44.44146492,307.0,0.158908514
8553,4.2,S,88.0,69.0,280.0,0.039902292
168,3.5,R,81.0,63.49815179,629.0,0.015409166
614,4.4,N,63.0,69.94941419,273.0,0.160849102
554,4.0,S,62.0,25.83901757,501.0,0.105255761
736,4.0,N,55.0,140.6934603,273.0,0.011410515
415,4.3,N,67.0,103.3285508,369.0,0.015965762
481,4.1,S,72.0,42.39958061,583.0,0.027745064
171,4.1,R,60.0,91.16370212,457.0,0.018452776
673,4.2,S,76.0,136.0395227,323.0,0.02068928
359,3.8,N,49.0,76.3095075,361.0,0.026705549
598,4.3,S,89.0,196.8580795,709.0,0.013509172
704,4.0,N,55.0,87.4213812,340.0,0.010886105
547,4.4,S,82.0,43.44076723,393.0,0.070406157
8933,4.2,S,82.0,119.0,430.0,0.046937341
487,4.3,S,81.0,74.20097442,393.0,0.030505925
573,4.1,S,66.0,91.32163458,223.0,0.011033022
8824,4.2,S,73.0,28.0,183.0,0.326226794
575,4.2,S,52.0,87.91706925,196.0,0.033146462
453,4.4,S,69.0,198.6532295,382.0,0.034984285
359,3.8,N,49.0,160.8340013,391.0,0.004730923
141,4.0,S,48.0,115.6754422,501.0,0.008264292
392,4.1,N,37.0,55.46911126,894.0,0.016770503
95,4.3,S,89.0,42.36443761,468.0,0.224793954
555,4.0,N,50.0,52.61271022,294.0,0.005850465
493,4.0,N,65.0,38.04453569,1862.0,0.051780808
283,4.2,S,69.0,86.13114312,450.0,0.007085427
624,4.2,S,82.0,103.8978409,324.0,0.029828309
369,4.2,S,69.0,76.15591007,313.0,0.027252935
554,4.0,S,62.0,86.21678058,499.0,0.019111977
560,4.1,S,80.0,107.6593134,361.0,0.028137431
77,4.4,S,57.0,88.12781152,412.0,0.144917798
420,4.4,N,48.0,79.08002142,271.0,0.038535438
571,4.0,S,62.0,125.2188341,207.0,0.007714946
736,4.0,N,55.0,79.29929733,207.0,0.035622605
453,4.4,S,69.0,149.9349567,237.0,0.063098551
502,4.0,S,86.0,110.4767997,441.0,0.023412514
8795,3.8,N,70.0,58.0,330.0,0.059925923
513,4.2,S,66.0,50.31319954,462.0,0.110940651
443,4.1,N,45.0,78.63867696,580.0,0.029795766
8824,4.2,S,73.0,51.0,401.0,0.057097228
9247,4.4,N,40.0,122.0,523.0,0.082041729
306,4.0,N,36.0,76.18904992,234.0,0.096614338
609,4.0,N,51.0,94.45504765,205.0,0.042954253
369,4.2,S,69.0,67.22198515,414.0,0.033553727
589,4.2,S,80.0,198.0186655,426.0,0.005976472
176,3.9,S,68.0,31.27083935,481.0,0.278955051
704,4.0,N,55.0,85.44341212,694.0,0.01022083
382,4.1,S,83.0,74.50082287,1141.0,0.020236391
572,4.0,S,62.0,142.876845,330.0,0.028130339
9222,4.4,S,78.0,132.0,445.0,0.0116905
82,4.4,R,77.0,60.72399842,946.0,0.100996871
554,4.0,S,62.0,118.8918712,618.0,0.004371676
8820,4.2,S,89.0,107.0,468.0,0.032349521
9135,4.2,S,82.0,91.0,426.0,0.020288475
449,4.0,S,70.0,100.0705515,284.0,0.006619942
370,4.0,N,43.0,74.21312786,459.0,0.011063375
588,4.3,S,68.0,42.02338823,907.0,0.036819518
561,4.2,S,76.0,55.71167543,663.0,0.018004733
8920,4.1,R,52.0,79.0,380.0,0.016186447
357,3.9,S,58.0,0.291965559,541.0,4.114059857
660,3.9,S,79.0,147.6616434,205.0,0.013028633
359,3.8,N,49.0,18.25206527,292.0,0.170891756
442,3.8,S,53.0,131.852734,448.0,0.011083932
405,3.7,N,44.0,91.47138266,1080.0,0.006327573
575,4.2,S,52.0,42.15012545,558.0,0.179341572
393,4.1,N,37.0,68.71029915,696.0,0.009300509
516,4.1,N,28.0,49.47084827,567.0,0.01933746
242,4.2,N,40.0,184.6911926,462.0,0.006902742
673,4.2,S,76.0,140.1169148,595.0,0.020985542
596,4.3,S,67.0,151.4983107,543.0,0.009290305
703,4.0,N,55.0,54.10223204,415.0,0.04196405
559,4.4,S,88.0,175.9721851,196.0,0.021933959
502,4.0,S,86.0,124.1503393,639.0,0.005592479
349,4.0,S,47.0,45.94259119,273.0,0.033392876
560,4.1,S,80.0,173.3530585,382.0,0.017790257
470,4.0,S,69.0,77.14148358,875.0,0.015671426
375,3.9,S,71.0,92.07621054,1141.0,0.020102752
475,4.1,N,40.0,102.9503872,377.0,0.04159993
383,4.1,N,19.0,82.31179903,1141.0,0.028428579
596,4.3,S,67.0,77.27964755,660.0,0.018245083
362,4.3,N,55.0,185.1865462,555.0,0.008871388
245,4.1,S,85.0,63.47947475,314.0,0.020969249
523,4.3,N,74.0,2.878694336,303.0,1.768314756
559,4.4,S,88.0,73.22574669,608.0,0.030564033
359,3.8,N,49.0,110.2379858,369.0,0.022449395
8813,4.3,S,79.0,132.0,804.0,0.019782402
519,4.1,S,85.0,146.5463445,305.0,0.023462657
179,4.2,R,52.0,191.8039857,1380.0,0.002891502
288,3.8,N,52.0,39.35232978,477.0,0.023310596
277,4.2,S,67.0,64.28812015,884.0,0.035636456
243,3.9,S,62.0,148.8951077,555.0,0.002624288
682,4.2,S,88.0,52.5336653,555.0,0.004479045
217,3.7,R,41.0,100.6698777,422.0,0.017230334
316,4.1,S,44.0,144.1508706,313.0,0.014218768
229,4.0,N,41.0,104.0332331,488.0,0.039665069
707,4.2,N,55.0,68.23029102,415.0,0.019373764
362,4.3,N,55.0,192.948692,429.0,0.009176553
569,4.1,S,54.0,79.99373981,361.0,0.02417503
220,4.0,S,81.0,74.67413963,271.0,0.021734672
8917,4.4,S,88.0,144.0,410.0,0.022956721
596,4.3,S,67.0,141.3240725,469.0,0.011199299
493,4.0,N,65.0,55.36043354,247.0,0.032566099
8738,4.1,N,52.0,30.0,219.0,0.150860774
305,4.0,N,38.0,72.78853796,238.0,0.038974164
248,3.9,S,37.0,98.33810564,558.0,0.015693809
256,4.2,S,85.0,189.3675486,639.0,0.008753415
243,3.9,S,62.0,115.7849008,223.0,0.030947056
258,4.2,N,33.0,24.28855569,372.0,1.537882123
193,4.2,S,85.0,31.22019385,315.0,0.303341655
350,4.0,N,39.0,115.6588811,330.0,0.020811928
201,4.1,S,90.0,145.4530348,709.0,0.002649304
333,4.4,S,77.0,85.64997937,481.0,0.005766685
106,4.2,N,66.0,139.6384731,370.0,0.107814217
210,3.8,N,39.0,64.46268765,215.0,0.010942747
458,4.3,N,43.0,94.90108542,285.0,0.041395595
390,4.2,N,55.0,144.2387356,271.0,0.003813421
616,4.3,S,84.0,123.4845032,207.0,0.048212734
401,4.3,N,39.0,54.78918161,694.0,0.018174092
155,4.0,N,62.0,153.2099705,430.0,0.006919153
374,4.2,S,60.0,37.96484925,328.0,0.092655664
242,4.2,N,40.0,107.6555334,247.0,0.052775179
535,4.1,N,63.0,191.8979673,207.0,0.0104176
470,4.0,S,69.0,46.21443034,361.0,0.016466843
296,4.3,S,78.0,156.4595988,265.0,0.062581205
8484,4.2,N,69.0,88.0,324.0,0.021224753
8785,4.3,S,69.0,79.0,145.0,0.142952326
471,4.1,S,76.0,165.5922891,597.0,0.014341668
8897,3.8,S,70.0,110.0,314.0,0.014544788
425,4.0,S,83.0,26.99676885,747.0,0.066190416
9247,4.4,N,40.0,83.0,390.0,0.064128144
590,4.4,S,67.0,126.1265936,416.0,0.025871481
493,4.0,N,65.0,126.4658318,593.0,0.012923253
333,4.4,S,77.0,107.1504247,731.0,0.0142567
390,4.2,N,55.0,78.83949388,986.0,0.012786333
485,4.1,N,43.0,86.28943748,229.0,0.044385836
427,4.1,S,75.0,56.13165135,278.0,0.012371876
734,4.0,S,80.0,92.91926768,466.0,0.017651987
280,4.2,R,57.0,3.42625607,196.0,3.34834252
8794,4.3,N,63.0,147.0,873.0,0.031711362
693,4.0,N,55.0,62.46398869,298.0,0.04437831
621,4.2,S,84.0,184.1745408,709.0,0.010366808
487,4.3,S,81.0,163.6213525,462.0,0.032121516
493,4.0,N,65.0,27.58392779,314.0,0.068230352
407,3.9,S,79.0,146.4712831,441.0,0.021103361
8820,4.2,S,89.0,83.0,293.0,0.080841838
498,4.2,S,72.0,93.1297498,307.0,0.093867212
597,4.1,S,58.0,90.57711221,286.0,0.04875427
547,4.4,S,82.0,77.66579663,338.0,0.019015424
258,4.2,N,33.0,55.60697908,1323.0,0.090885711
8438,4.0,N,46.0,69.0,328.0,0.01155631
575,4.2,S,52.0,175.6837901,483.0,0.013294838
8484,4.2,N,69.0,90.0,232.0,0.068651646
277,4.2,S,67.0,76.75165514,279.0,0.083642911
486,4.0,R,66.0,60.11852696,393.0,0.009848969
476,4.3,S,76.0,62.98203508,558.0,0.017320511
350,4.0,N,39.0,67.26499399,304.0,0.043357357
476,4.3,S,76.0,98.00090163,310.0,0.022247335
533,4.2,N,37.0,72.82936838,894.0,0.010541338
359,3.8,N,49.0,150.6752907,265.0,0.021558551
586,4.3,S,83.0,176.6066828,340.0,0.006977062
8456,4.4,S,86.0,114.0,340.0,0.030836571
624,4.2,S,82.0,34.15300369,430.0,0.12972068
249,3.9,N,48.0,61.66009083,459.0,0.060564135
219,4.2,N,44.0,94.8518175,462.0,0.017558439
460,4.1,N,81.0,173.921308,277.0,0.027946467
9228,4.0,S,65.0,146.0,555.0,0.007212923
497,4.2,S,74.0,111.5548374,315.0,0.010895685
9097,4.3,R,26.0,78.0,445.0,0.01793701
375,3.9,S,71.0,96.47042082,270.0,0.021262132
619,4.0,S,79.0,83.47730532,875.0,0.026685243
8827,4.3,S,71.0,12.0,317.0,0.354286297
359,3.8,N,49.0,94.33865925,328.0,0.024168116
277,4.2,S,67.0,18.04885949,229.0,0.699152627
464,3.8,S,87.0,90.49746287,469.0,0.029552165
288,3.8,N,52.0,131.1145844,236.0,0.007615249
442,3.8,S,53.0,66.23594764,293.0,0.024034372
306,4.0,N,36.0,76.27619405,630.0,0.021315651
150,3.7,R,67.0,130.5458053,338.0,0.008519621
9247,4.4,N,40.0,102.0,428.0,0.105428435
516,4.1,N,28.0,47.53223973,549.0,0.047410812
9232,4.1,S,64.0,60.0,1380.0,0.011911971
320,3.9,N,31.0,49.66243025,387.0,0.023746809
328,4.4,N,44.0,148.0987244,836.0,0.011373054
732,3.9,N,70.0,53.80753641,860.0,0.018866379
503,4.0,N,50.0,115.5029387,523.0,0.015987411
552,4.1,S,79.0,139.5904002,305.0,0.038459336
585,4.0,S,83.0,80.6845585,329.0,0.007208152
328,4.4,N,44.0,145.9513292,414.0,0.015196719
570,4.2,S,75.0,156.1015511,683.0,0.041627195
373,3.9,N,39.0,64.57512459,414.0,0.014344952
555,4.0,N,50.0,73.63456518,345.0,0.016468461
395,4.2,N,35.0,159.3024033,415.0,0.015444375
547,4.4,S,82.0,93.04856199,265.0,0.043849634
280,4.2,R,57.0,50.49683723,251.0,0.088882317
369,4.2,S,69.0,75.01063952,459.0,0.016890029
723,4.1,N,54.0,66.8909608,196.0,0.105946326
458,4.3,N,43.0,92.90815909,1080.0,0.017311586
294,4.3,S,73.0,104.5420832,229.0,0.079348083
193,4.2,S,85.0,147.4794863,555.0,0.013954836
349,4.0,S,47.0,88.64217169,271.0,0.032987411
143,3.9,S,44.0,138.1056905,815.0,0.020451302
8893,4.3,S,84.0,96.0,186.0,0.043305239
271,4.3,S,79.0,57.74356286,455.0,0.019282403
374,4.2,S,60.0,144.0336148,483.0,0.018416461
359,3.8,N,49.0,76.06667934,336.0,0.043563613
374,4.2,S,60.0,82.13165969,875.0,0.025340419
467,4.0,N,36.0,71.69356809,696.0,0.01249002
9182,4.4,S,78.0,86.0,907.0,0.010604627
317,4.0,N,28.0,135.4058789,532.0,0.009022561
274,3.7,S,39.0,55.00515651,221.0,0.032432614
742,4.1,N,15.0,48.77282148,599.0,0.034040791
362,4.3,N,55.0,188.176166,234.0,0.02976309
258,4.2,N,33.0,148.9802258,630.0,0.032878854
471,4.1,S,76.0,64.24786596,347.0,0.016816659
561,4.2,S,76.0,125.2692444,444.0,0.009756657
359,3.8,N,49.0,69.36709799,459.0,0.012602478
503,4.0,N,50.0,96.37570004,558.0,0.013273346
8820,4.2,S,89.0,65.0,444.0,0.045657673
597,4.1,S,58.0,89.76799944,171.0,0.034211705
210,3.8,N,39.0,16.572669,410.0,0.111962344
8757,3.9,S,90.0,84.0,397.0,0.013334856
707,4.2,N,55.0,80.14004505,468.0,0.019647837
151,4.0,N,78.0,60.06922606,424.0,0.064722575
701,4.2,N,55.0,82.50958667,207.0,0.043562353
349,4.0,S,47.0,53.24522961,745.0,0.03559204
560,4.1,S,80.0,98.93162554,321.0,0.019932063
436,4.1,N,49.0,50.04222798,270.0,0.062973696
378,4.2,N,39.0,67.60129624,459.0,0.036890062
373,3.9,N,39.0,146.8891512,307.0,0.005783425
239,4.2,S,76.0,153.8255813,376.0,0.045541471
383,4.1,N,19.0,38.12333283,827.0,0.03399397
159,4.4,S,81.0,164.5047759,424.0,0.021707082
475,4.1,N,40.0,96.1878181,404.0,0.06709162
460,4.1,N,81.0,145.0675382,328.0,0.032501629
9248,4.4,S,77.0,28.0,907.0,0.120028077
8893,4.3,S,84.0,121.0,583.0,0.034248059
460,4.1,N,81.0,74.69585802,387.0,0.104873435
471,4.1,S,76.0,30.53813592,543.0,0.03572771
682,4.2,S,88.0,76.62068527,323.0,0.097100402
139,3.7,S,68.0,7.324952773,484.0,0.12470809
707,4.2,N,55.0,78.99740765,307.0,0.038042867
315,4.2,S,38.0,68.72971319,444.0,0.068518167
193,4.2,S,85.0,169.5630215,224.0,0.035694942
297,3.8,N,74.0,137.344107,659.0,0.005661169
394,4.3,S,47.0,113.5327515,371.0,0.032329472
475,4.1,N,40.0,67.71353328,382.0,0.048415343
721,4.0,N,55.0,80.36156478,459.0,0.013641238
574,4.2,S,60.0,91.39412326,468.0,0.064838543
53,4.1,S,87.0,99.3310847,348.0,0.099674024
728,4.1,N,55.0,68.23562014,745.0,0.078954531
461,4.0,S,64.0,87.89793642,472.0,0.007393367
302,4.4,N,51.0,197.8768004,978.0,0.003820126
441,4.0,N,18.0,101.2772725,448.0,0.037402356
57,4.3,R,85.0,141.9217504,901.0,0.014078135
597,4.1,S,58.0,119.5695658,462.0,0.009865793
202,4.3,S,77.0,122.8715314,196.0,0.077348242
9232,4.1,S,64.0,137.0,715.0,0.006184788
318,4.1,N,23.0,147.4348446,313.0,0.005829622
506,4.2,S,83.0,140.3982913,207.0,0.007750806
393,4.1,N,37.0,57.44098974,694.0,0.010792586
198,4.0,N,74.0,140.0984318,324.0,0.021166301
168,3.5,R,81.0,110.3469409,387.0,0.02351523
242,4.2,N,40.0,88.16187311,196.0,0.043757721
359,3.8,N,49.0,100.2831631,662.0,0.007994031
697,4.0,N,55.0,69.23655728,196.0,0.051961881
169,4.2,R,64.0,68.0270344,317.0,0.072286932
427,4.1,S,75.0,26.32143453,747.0,0.107842242
88,4.4,S,61.0,76.32030179,313.0,0.195634437
699,4.1,N,55.0,38.38216334,307.0,0.068007253
174,3.7,S,77.0,22.55925557,430.0,0.108298891
335,4.1,S,70.0,115.7478833,396.0,0.018843044
436,4.1,N,49.0,127.2222792,561.0,0.013329136
411,4.0,S,51.0,69.38896877,414.0,0.030512635
143,3.9,S,44.0,130.8632055,439.0,0.007272848
349,4.0,S,47.0,56.17190592,313.0,0.081064155
371,3.9,N,60.0,37.11368108,328.0,0.046875733
443,4.1,N,45.0,131.0801967,1113.0,0.015145486
198,4.0,N,74.0,91.14750629,366.0,0.028610425
442,3.8,S,53.0,75.90350226,229.0,0.029642574
253,4.2,S,57.0,107.0827592,445.0,0.007476427
349,4.0,S,47.0,65.79108695,629.0,0.052068379
554,4.0,S,62.0,93.68783415,430.0,0.00495825
505,4.2,R,90.0,81.36739916,595.0,0.007029934
697,4.0,N,55.0,89.14977904,207.0,0.013681328
157,4.0,S,87.0,129.5162369,314.0,0.017409495
241,3.9,N,69.0,58.86950205,317.0,0.031943315
475,4.1,N,40.0,116.7321472,671.0,0.052790447
701,4.2,N,55.0,44.32208854,1141.0,0.042542491
340,4.1,S,79.0,60.85818203,581.0,0.034856385
339,3.8,S,87.0,42.74552548,663.0,0.032683994
259,4.2,S,89.0,196.39898,629.0,0.006292516
566,4.1,S,66.0,65.12104593,430.0,0.022496608
413,4.2,N,41.0,56.78882703,393.0,0.024594504
533,4.2,N,37.0,93.81927988,307.0,0.014868225
575,4.2,S,52.0,94.41880857,223.0,0.0354908
613,4.0,N,67.0,140.3481335,330.0,0.017101448
156,3.8,S,25.0,69.79458781,279.0,0.026653092
294,4.3,S,73.0,121.1773726,273.0,0.148066335
569,4.1,S,54.0,129.2337446,1141.0,0.008862616
297,3.8,N,74.0,121.3098405,284.0,0.004227818
8934,3.8,N,65.0,55.0,1141.0,0.011842334
340,4.1,S,79.0,5.806066178,316.0,4.396413729
461,4.0,S,64.0,50.04164486,407.0,0.014926601
217,3.7,R,41.0,61.71838929,420.0,0.017432885
485,4.1,N,43.0,36.85303374,145.0,0.062359223
487,4.3,S,81.0,177.5647635,630.0,0.008337299
705,4.0,N,55.0,48.88676311,415.0,0.023033804
206,4.0,S,90.0,55.39738277,315.0,0.025786683
402,4.1,N,38.0,14.5220637,747.0,0.110716317
191,4.2,S,90.0,170.8569471,321.0,0.013497427
705,4.0,N,55.0,70.67519706,196.0,0.04248052
487,4.3,S,81.0,121.8916908,206.0,0.083305372
229,4.0,N,41.0,115.5082953,430.0,0.055032949
359,3.8,N,49.0,66.34228776,836.0,0.017238603
394,4.3,S,47.0,175.9339193,131.0,0.028654121
703,4.0,N,55.0,83.83238216,205.0,0.032337964
554,4.0,S,62.0,105.5513569,555.0,0.005195215
189,4.0,S,90.0,37.86109074,429.0,0.024288427
8920,4.1,R,52.0,131.0,280.0,0.02856136
382,4.1,S,83.0,59.66769319,387.0,0.026193723
9223,4.0,S,46.0,57.0,440.0,0.006527039
294,4.3,S,73.0,167.5198507,393.0,0.011883827
332,4.2,S,81.0,101.9096976,543.0,0.007184589
9222,4.4,S,78.0,57.0,815.0,0.029052753
560,4.1,S,80.0,169.9532306,224.0,0.012711163
9228,4.0,S,65.0,109.0,445.0,0.006722038
253,4.2,S,57.0,82.5508678,390.0,0.026113536
705,4.0,N,55.0,89.23014365,328.0,0.016022078
158,3.8,S,68.0,81.57567677,581.0,0.008031231
202,4.3,S,77.0,16.10364797,321.0,0.477507372
207,4.0,S,56.0,51.17710072,459.0,0.020846673
648,4.0,S,90.0,186.2275416,709.0,0.006245679
417,3.7,S,84.0,87.62268657,804.0,0.013893231
248,3.9,S,37.0,121.3665683,403.0,0.023616042
268,4.1,S,88.0,8.742871278,579.0,0.261214645
362,4.3,N,55.0,137.9552747,285.0,0.014177046
425,4.0,S,83.0,43.20421617,696.0,0.01655627
283,4.2,S,69.0,52.90140537,421.0,0.040289548
519,4.1,S,85.0,82.62528248,340.0,0.021604561
535,4.1,N,63.0,155.1545731,907.0,0.003207466
241,3.9,N,69.0,75.53651048,246.0,0.045847342
8803,4.3,R,71.0,115.0,299.0,0.02900989
370,4.0,N,43.0,83.04617748,875.0,0.005867413
548,4.1,S,86.0,130.2164319,450.0,0.004011981
280,4.2,R,57.0,44.99761279,595.0,0.130175758
513,4.2,S,66.0,134.3928205,219.0,0.044880142
489,4.0,S,66.0,84.57427756,480.0,0.008867091
280,4.2,R,57.0,123.6446212,555.0,0.018539983
8893,4.3,S,84.0,84.0,445.0,0.060702329
8456,4.4,S,86.0,122.0,186.0,0.071845911
569,4.1,S,54.0,36.17436115,430.0,0.156395839
8755,4.2,S,79.0,144.0,545.0,0.032044958
256,4.2,S,85.0,144.760606,321.0,0.033919581
8744,4.0,S,63.0,99.0,316.0,0.056533289
9226,4.0,R,20.0,124.0,523.0,0.020059583
634,4.1,N,65.0,158.9741924,745.0,0.005769637
229,4.0,N,41.0,93.05455553,265.0,0.06398967
8574,4.2,S,88.0,92.0,510.0,0.006918521
8827,4.3,S,71.0,43.0,731.0,0.063483635
166,3.5,S,81.0,130.7522648,907.0,0.00188527
597,4.1,S,58.0,101.9070021,328.0,0.051207009
514,4.3,S,80.0,84.3105897,340.0,0.022514394
207,4.0,S,56.0,78.15662436,340.0,0.024652438
8820,4.2,S,89.0,103.0,145.0,0.051098219
519,4.1,S,85.0,79.11799145,654.0,0.010305386
277,4.2,S,67.0,37.41709178,358.0,0.276962847
316,4.1,S,44.0,77.63044933,403.0,0.02560033
453,4.4,S,69.0,102.5273503,348.0,0.038280277
485,4.1,N,43.0,30.57078555,771.0,0.074009544
89,4.0,S,57.0,71.88661931,460.0,0.022377042
602,4.1,N,25.0,88.26239645,827.0,0.02040007
248,3.9,S,37.0,65.75235144,313.0,0.020483781
185,4.3,S,90.0,157.6621456,321.0,0.019824689
471,4.1,S,76.0,45.06928194,280.0,0.059628921
209,4.2,S,68.0,63.00538108,328.0,0.067753989
674,4.1,S,78.0,124.5987285,316.0,0.008033327
415,4.3,N,67.0,58.76203194,696.0,0.026790879
728,4.1,N,55.0,57.42483084,415.0,0.035576982
249,3.9,N,48.0,52.49508002,827.0,0.014182848
280,4.2,R,57.0,52.19194938,448.0,0.092026648
382,4.1,S,83.0,66.42494101,171.0,0.019596369
728,4.1,N,55.0,141.0926367,1080.0,0.002473637
155,4.0,N,62.0,139.9593754,251.0,0.035091651
8735,3.8,S,80.0,70.0,283.0,0.032562378
9247,4.4,N,40.0,145.0,860.0,0.010268157
493,4.0,N,65.0,94.47093805,224.0,0.02948208
211,4.1,S,90.0,79.62882284,709.0,0.015215011
291,4.0,S,63.0,75.63570257,145.0,0.030106309
673,4.2,S,76.0,68.00473121,709.0,0.039038284
533,4.2,N,37.0,59.38749163,1323.0,0.047256233
495,4.4,S,54.0,50.91680986,283.0,0.115064573
597,4.1,S,58.0,40.70238544,229.0,0.072844607
619,4.0,S,79.0,123.3976113,304.0,0.027792972
8920,4.1,R,52.0,96.0,188.0,0.059135394
590,4.4,S,67.0,171.841262,543.0,0.004476732
682,4.2,S,88.0,59.78137851,283.0,0.274782753
535,4.1,N,63.0,156.4675079,907.0,0.003555406
8738,4.1,N,52.0,81.0,580.0,0.020562703
736,4.0,N,55.0,74.55102922,894.0,0.009599666
614,4.4,N,63.0,96.27964859,286.0,0.14978396
559,4.4,S,88.0,146.9953943,462.0,0.018808469
226,4.2,N,51.0,40.90623662,1323.0,0.09223189
371,3.9,N,60.0,66.91624081,414.0,0.040408939
349,4.0,S,47.0,42.83565074,249.0,0.086834983
268,4.1,S,88.0,56.20188562,815.0,0.041714966
291,4.0,S,63.0,69.22816133,827.0,0.009628166
493,4.0,N,65.0,162.8322414,515.0,0.011886083
570,4.2,S,75.0,170.2628036,488.0,0.014321765
614,4.4,N,63.0,144.9241806,390.0,0.023292109
471,4.1,S,76.0,119.7980114,350.0,0.014754634
206,4.0,S,90.0,72.45503153,366.0,0.061683726
641,4.3,S,80.0,166.9182327,480.0,0.005751915
284,4.2,R,40.0,83.76684608,1380.0,0.006518187
495,4.4,S,54.0,45.12686122,323.0,0.036828963
528,4.3,S,77.0,140.5408772,1141.0,0.02092676
728,4.1,N,55.0,80.54759001,270.0,0.08440173
720,4.1,N,55.0,85.37570869,836.0,0.01218772
8795,3.8,N,70.0,144.0,382.0,0.016631824
207,4.0,S,56.0,98.22615815,229.0,0.020437602
274,3.7,S,39.0,88.22326391,329.0,0.033463275
212,4.1,S,80.0,47.44407266,323.0,0.114109708
403,4.4,N,35.0,24.16643859,747.0,0.100218319
364,4.2,N,53.0,72.20578174,361.0,0.029739007
539,4.2,S,84.0,75.67428317,907.0,0.003471179
95,4.3,S,89.0,58.62479431,460.0,0.099397658
332,4.2,S,81.0,119.9892467,450.0,0.004594618
8484,4.2,N,69.0,96.0,206.0,0.024142182
701,4.2,N,55.0,87.83764977,827.0,0.015310767
560,4.1,S,80.0,126.3135052,396.0,0.012286885
616,4.3,S,84.0,81.36033392,270.0,0.102202939
422,4.0,S,55.0,167.1893985,637.0,0.007086088
375,3.9,S,71.0,57.18495974,193.0,0.076377036
264,3.8,S,77.0,89.81316934,311.0,0.01633667
332,4.2,S,81.0,68.67957665,555.0,0.007893278
411,4.0,S,51.0,34.23797088,207.0,0.049122713
699,4.1,N,55.0,73.28049516,875.0,0.04432772
9247,4.4,N,40.0,106.0,965.0,0.023524233
339,3.8,S,87.0,68.34655879,529.0,0.019123828
219,4.2,N,44.0,101.7671407,393.0,0.005440429
619,4.0,S,79.0,98.1930093,745.0,0.02051534
672,4.0,S,90.0,65.53750222,450.0,0.039293793
8795,3.8,N,70.0,100.0,396.0,0.031689446
294,4.3,S,73.0,51.38812336,745.0,0.283256574
503,4.0,N,50.0,17.65069225,448.0,0.069428405
220,4.0,S,81.0,32.77876547,836.0,0.038065153
569,4.1,S,54.0,91.01463295,205.0,0.052363079
316,4.1,S,44.0,74.7289657,483.0,0.044830156
446,3.9,S,57.0,105.8452388,376.0,0.024877843
655,4.3,S,89.0,96.78639012,315.0,0.094022874
461,4.0,S,64.0,77.03678943,401.0,0.008560071
498,4.2,S,72.0,115.5136927,371.0,0.020164119
436,4.1,N,49.0,36.54302777,608.0,0.048441332
202,4.3,S,77.0,115.9362037,283.0,0.05075298
602,4.1,N,25.0,94.01540136,145.0,0.13339343
141,4.0,S,48.0,77.6504981,863.0,0.055123094
8934,3.8,N,65.0,69.0,313.0,0.011904503
8553,4.2,S,88.0,34.0,583.0,0.131652474
624,4.2,S,82.0,192.8602185,570.0,0.004505262
57,4.3,R,85.0,62.34133703,397.0,0.011370926
8795,3.8,N,70.0,104.0,314.0,0.038051494
693,4.0,N,55.0,42.21441095,307.0,0.043409685
301,4.0,N,37.0,75.28306093,580.0,0.023328006
429,4.0,S,61.0,63.39140498,361.0,0.015612306
510,4.2,S,66.0,48.70979134,567.0,0.026218065
178,4.3,N,45.0,57.15164868,337.0,0.023571313
497,4.2,S,74.0,101.9586801,372.0,0.009317791
8475,4.1,S,86.0,69.0,528.0,0.02662832
210,3.8,N,39.0,93.2770161,215.0,0.020291322
362,4.3,N,55.0,101.4338765,460.0,0.031150416
248,3.9,S,37.0,69.52501011,771.0,0.008850329
9222,4.4,S,78.0,73.0,860.0,0.027296077
394,4.3,S,47.0,77.15815542,466.0,0.027476908
292,4.3,S,60.0,138.2750102,304.0,0.03077676
493,4.0,N,65.0,41.32985661,396.0,0.036898983
387,4.4,N,55.0,76.26495961,393.0,0.008023064
144,3.8,S,74.0,9.107833381,484.0,0.115067268
433,4.2,N,55.0,90.36788332,307.0,0.021507829
427,4.1,S,75.0,56.83206034,466.0,0.041491085
302,4.4,N,51.0,1.847892394,955.0,1.101946575
242,4.2,N,40.0,83.68416507,358.0,0.035249199
624,4.2,S,82.0,177.0201419,286.0,0.025990402
613,4.0,N,67.0,100.7203094,259.0,0.017019
461,4.0,S,64.0,11.63934728,294.0,0.936723414
514,4.3,S,80.0,63.38530322,875.0,0.056731306
200,4.4,R,41.0,17.3886539,363.0,0.254920408
467,4.0,N,36.0,79.7079502,986.0,0.01528614
314,4.3,N,49.0,74.08954877,483.0,0.036674556
503,4.0,N,50.0,46.47826396,455.0,0.029620965
8924,3.7,N,60.0,19.0,280.0,0.233249649
487,4.3,S,81.0,179.9445895,724.0,0.009623747
624,4.2,S,82.0,136.8233159,330.0,0.042593311
461,4.0,S,64.0,132.936763,190.0,0.019430346
269,3.9,N,54.0,32.96868406,599.0,0.042463685
609,4.0,N,51.0,92.24890033,459.0,0.014978416
705,4.0,N,55.0,59.92117053,745.0,0.029882039
320,3.9,N,31.0,127.3700055,430.0,0.006842255
656,4.1,S,59.0,93.70412588,654.0,0.013845366
203,3.9,N,87.0,128.404013,555.0,0.00550734
417,3.7,S,84.0,33.90246575,284.0,0.051548321
704,4.0,N,55.0,32.67364818,1141.0,0.042481271
203,3.9,N,87.0,33.55174731,192.0,0.133332342
277,4.2,S,67.0,190.3450836,480.0,0.003672788
74,4.0,N,64.0,92.5151733,412.0,0.10557897
378,4.2,N,39.0,143.7365082,307.0,0.021535064
180,4.1,S,81.0,26.4631755,1141.0,0.154274413
448,4.0,S,53.0,128.1182053,529.0,0.005806542
328,4.4,N,44.0,111.8663223,328.0,0.046899526
570,4.2,S,75.0,88.25598293,827.0,0.043298773
333,4.4,S,77.0,23.54231145,376.0,0.096881312
8553,4.2,S,88.0,66.0,428.0,0.033773331
699,4.1,N,55.0,73.26124854,459.0,0.05782827
381,4.0,N,38.0,42.74292412,171.0,0.046440393
463,4.1,S,73.0,62.95415799,1510.0,0.014923312
217,3.7,R,41.0,85.24175993,246.0,0.030323731
146,3.8,S,61.0,110.8662349,863.0,0.004074326
341,4.2,S,75.0,72.35714341,403.0,0.025648854
292,4.3,S,60.0,73.50199172,193.0,0.062732894
655,4.3,S,89.0,53.26923609,463.0,0.132508201
395,4.2,N,35.0,153.064211,344.0,0.021171564
487,4.3,S,81.0,92.50257431,234.0,0.090779843
82,4.4,R,77.0,83.20673325,390.0,0.064415281
742,4.1,N,15.0,27.11415364,549.0,0.087760362
250,4.0,N,43.0,52.77374163,720.0,0.02034124
718,4.1,N,55.0,65.39476096,131.0,0.083902089
320,3.9,N,31.0,108.6735448,328.0,0.016493386
444,3.8,S,86.0,33.11882374,373.0,0.029065671
493,4.0,N,65.0,75.72780676,352.0,0.047907302
8827,4.3,S,71.0,28.0,428.0,0.331386783
284,4.2,R,40.0,163.5443977,246.0,0.016793482
174,3.7,S,77.0,79.4576673,271.0,0.060422092
574,4.2,S,60.0,167.4274685,894.0,0.007126693
8458,4.4,N,50.0,131.0,406.0,0.011705796
362,4.3,N,55.0,140.1499071,343.0,0.020960955
621,4.2,S,84.0,30.77275252,407.0,0.16534396
8795,3.8,N,70.0,58.0,375.0,0.026793636
296,4.3,S,78.0,52.44180525,255.0,0.197234751
422,4.0,S,55.0,167.5009611,233.0,0.028713928
350,4.0,N,39.0,42.68635303,336.0,0.145039431
572,4.0,S,62.0,120.706063,462.0,0.004781373
280,4.2,R,57.0,63.53930878,587.0,0.086929277
474,4.4,N,41.0,127.8797916,354.0,0.04733051
530,4.0,N,55.0,67.28715895,696.0,0.022098977
8824,4.2,S,73.0,132.0,257.0,0.026202605
363,4.1,N,45.0,114.9714487,561.0,0.011580529
723,4.1,N,54.0,101.4166961,747.0,0.013326397
371,3.9,N,60.0,88.21912371,340.0,0.008744299
474,4.4,N,41.0,96.33440394,270.0,0.089208432
559,4.4,S,88.0,107.3315563,555.0,0.020834718
297,3.8,N,74.0,163.2787089,1024.0,0.001586579
9228,4.0,S,65.0,130.0,450.0,0.009865564
534,4.4,N,70.0,162.8759707,420.0,0.042524021
8786,4.3,R,42.0,144.0,243.0,0.006869553
706,4.1,N,55.0,64.37829744,695.0,0.024864431
239,4.2,S,76.0,94.94798578,501.0,0.029178694
611,4.2,S,90.0,88.27923936,663.0,0.006592511
427,4.1,S,75.0,15.89501268,948.0,0.373706395
589,4.2,S,80.0,168.620347,731.0,0.00624357
571,4.0,S,62.0,171.5302839,488.0,0.007165064
503,4.0,N,50.0,19.63308308,447.0,0.077812788
402,4.1,N,38.0,59.31583762,694.0,0.026651768
575,4.2,S,52.0,166.3562562,459.0,0.014935775
317,4.0,N,28.0,196.6178627,514.0,0.017800316
250,4.0,N,43.0,120.6729275,338.0,0.020103604
359,3.8,N,49.0,37.14724783,273.0,0.036056213
491,4.4,R,62.0,113.0743959,236.0,0.023602645
436,4.1,N,49.0,62.63209264,745.0,0.025181954
277,4.2,S,67.0,90.77734539,303.0,0.044381285
641,4.3,S,80.0,103.7111197,284.0,0.009893809
485,4.1,N,43.0,29.77699317,313.0,0.080213996
156,3.8,S,25.0,19.09119582,249.0,0.328813331
581,4.3,S,57.0,116.6041958,543.0,0.018161684
465,4.2,R,39.0,96.10100312,315.0,0.015216593
8460,4.0,N,49.0,126.0,407.0,0.023830807
185,4.3,S,90.0,29.17767943,403.0,0.132323808
277,4.2,S,67.0,93.2506886,1000.0,0.013659599
364,4.2,N,53.0,38.70344527,273.0,0.048842623
91,4.1,S,62.0,55.41227532,271.0,0.062771292
198,4.0,N,74.0,65.14792807,483.0,0.023022715
503,4.0,N,50.0,30.74770099,344.0,0.055334065
470,4.0,S,69.0,173.4500928,304.0,0.011111305
701,4.2,N,55.0,67.82635211,415.0,0.037430178
705,4.0,N,55.0,69.38995821,249.0,0.029719673
596,4.3,S,67.0,51.27464242,907.0,0.025063971
569,4.1,S,54.0,147.9427074,403.0,0.011523598
571,4.0,S,62.0,100.3809293,313.0,0.024090287
598,4.3,S,89.0,57.92225173,407.0,0.080814712
491,4.4,R,62.0,107.9468574,278.0,0.005648962
585,4.0,S,83.0,49.90611153,907.0,0.025376675
487,4.3,S,81.0,135.2056623,285.0,0.01921419
395,4.2,N,35.0,183.1172343,145.0,0.047336841
426,3.9,S,73.0,92.32972358,324.0,0.022588392
673,4.2,S,76.0,140.6137945,515.0,0.026815694
337,4.3,N,41.0,97.28061444,732.0,0.020701914
193,4.2,S,85.0,154.1414196,330.0,0.038081729
586,4.3,S,83.0,106.7435838,519.0,0.023976507
289,3.9,S,61.0,53.96484941,462.0,0.068968189
8820,4.2,S,89.0,121.0,460.0,0.015542597
650,4.0,N,55.0,132.0785095,305.0,0.014775424
364,4.2,N,53.0,107.1215432,369.0,0.030426851
697,4.0,N,55.0,35.2533467,369.0,0.041400135
271,4.3,S,79.0,109.632916,574.0,0.00700254
8553,4.2,S,88.0,64.0,347.0,0.020446093
8497,4.4,N,70.0,148.0,236.0,0.013696696
495,4.4,S,54.0,157.4522135,348.0,0.022038807
570,4.2,S,75.0,109.1965147,328.0,0.072542237
683,4.0,S,86.0,91.98150292,907.0,0.00457972
8434,4.3,N,51.0,130.0,732.0,0.002938001
571,4.0,S,62.0,89.03695779,249.0,0.018247957
203,3.9,N,87.0,151.669673,313.0,0.012747239
497,4.2,S,74.0,156.3919942,280.0,0.005306669
221,3.9,S,65.0,89.6159816,630.0,0.008431704
705,4.0,N,55.0,33.87822848,369.0,0.071648081
599,4.1,S,90.0,13.83479468,450.0,0.32018914
433,4.2,N,55.0,53.19352568,323.0,0.036643517
588,4.3,S,68.0,146.9142759,936.0,0.011345378
597,4.1,S,58.0,36.18044982,238.0,0.083357255
415,4.3,N,67.0,113.6103923,549.0,0.02471887
493,4.0,N,65.0,156.6910292,472.0,0.007027713
559,4.4,S,88.0,137.2290818,745.0,0.023729894
374,4.2,S,60.0,81.91290026,745.0,0.069192928
279,4.1,S,87.0,84.16109513,284.0,0.014019339
422,4.0,S,55.0,108.7342816,481.0,0.029350322
8796,4.4,S,67.0,58.0,330.0,0.153414241
415,4.3,N,67.0,103.9130117,371.0,0.02333309
569,4.1,S,54.0,87.19461291,827.0,0.009765012
9247,4.4,N,40.0,69.0,280.0,0.057109475
8553,4.2,S,88.0,107.0,305.0,0.086022257
8796,4.4,S,67.0,135.0,484.0,0.051896125
408,4.2,N,59.0,78.53644316,580.0,0.034831722
141,4.0,S,48.0,98.69676732,246.0,0.056004246
742,4.1,N,15.0,35.91395391,372.0,0.063310907
475,4.1,N,40.0,160.3029268,469.0,0.012373782
673,4.2,S,76.0,70.0331338,214.0,0.092525662
210,3.8,N,39.0,89.89822832,265.0,0.014549126
8933,4.2,S,82.0,146.0,277.0,0.070867464
453,4.4,S,69.0,46.3164788,338.0,0.231476357
8827,4.3,S,71.0,151.0,460.0,0.011989488
460,4.1,N,81.0,198.1828368,500.0,0.006510953
742,4.1,N,15.0,49.10108802,303.0,0.08107511
409,3.9,N,58.0,45.10723604,694.0,0.024037476
493,4.0,N,65.0,99.9042784,555.0,0.039169538
571,4.0,S,62.0,82.46201817,361.0,0.020908161
252,3.8,S,80.0,23.71900085,1323.0,0.206650179
461,4.0,S,64.0,119.9157,381.0,0.00828339
57,4.3,R,85.0,65.71001549,370.0,0.103909495
571,4.0,S,62.0,63.75478946,340.0,0.013952656
624,4.2,S,82.0,80.73798153,193.0,0.046020905
493,4.0,N,65.0,116.6348397,561.0,0.022929996
321,3.8,S,58.0,74.96602024,444.0,0.030848427
425,4.0,S,83.0,49.27486186,1323.0,0.02295122
414,4.1,S,66.0,65.377395,986.0,0.038055377
476,4.3,S,76.0,112.4290917,543.0,0.021881849
560,4.1,S,80.0,95.89237583,193.0,0.126184734
430,4.2,N,43.0,135.7277817,328.0,0.046404079
176,3.9,S,68.0,72.4857287,450.0,0.018182617
226,4.2,N,51.0,129.8202825,894.0,0.007802287
214,3.9,R,74.0,19.08708309,603.0,0.094273451
453,4.4,S,69.0,162.2514417,901.0,0.014728202
614,4.4,N,63.0,98.33819881,358.0,0.032267969
705,4.0,N,55.0,68.45868797,131.0,0.049185382
470,4.0,S,69.0,86.40144241,415.0,0.028371897
108,4.1,N,69.0,90.75423368,412.0,0.057752846
479,4.0,S,81.0,95.77368568,732.0,0.005470824
9179,4.4,S,88.0,67.0,280.0,0.14164094
587,4.0,S,86.0,129.9354848,1141.0,0.009356603
602,4.1,N,25.0,85.48204979,875.0,0.038875959
219,4.2,N,44.0,104.8569079,560.0,0.017277351
344,4.0,N,42.0,49.33480298,771.0,0.036731156
8744,4.0,S,63.0,71.0,317.0,0.042010203
409,3.9,N,58.0,27.21945394,948.0,0.043154937
335,4.1,S,70.0,136.8506663,229.0,0.009327429
705,4.0,N,55.0,55.184103,894.0,0.008007191
320,3.9,N,31.0,29.88806491,403.0,0.124613689
464,3.8,S,87.0,44.16805206,391.0,0.06285384
464,3.8,S,87.0,143.0884501,440.0,0.017692296
268,4.1,S,88.0,36.83851086,735.0,0.028399445
471,4.1,S,76.0,130.0957131,583.0,0.007594196
493,4.0,N,65.0,182.3151023,343.0,0.009549697
441,4.0,N,18.0,103.7543605,312.0,0.020015763
561,4.2,S,76.0,132.4613477,875.0,0.005748588
261,3.9,N,66.0,66.24468764,488.0,0.031951126
661,4.4,S,73.0,68.66997721,860.0,0.020080368
193,4.2,S,85.0,48.20598468,429.0,0.02494898
291,4.0,S,63.0,33.90339615,558.0,0.090806667
302,4.4,N,51.0,171.135819,303.0,0.007022473
456,4.0,N,33.0,99.36830259,344.0,0.017135442
143,3.9,S,44.0,142.8723438,660.0,0.007797771
584,4.1,S,88.0,90.35249867,579.0,0.007907395
462,4.2,S,65.0,92.12473329,316.0,0.012636595
411,4.0,S,51.0,133.924602,192.0,0.029876556
261,3.9,N,66.0,17.96801863,420.0,0.170965338
505,4.2,R,90.0,99.87152992,514.0,0.056483812
560,4.1,S,80.0,107.6533712,555.0,0.015833274
602,4.1,N,25.0,95.53982925,695.0,0.020740817
569,4.1,S,54.0,34.73333949,238.0,0.063909242
210,3.8,N,39.0,8.102097085,358.0,0.357776198
197,4.1,N,63.0,31.69001967,483.0,0.130134493
464,3.8,S,87.0,118.4144543,758.0,0.015631485
510,4.2,S,66.0,89.95965147,236.0,0.017844085
8893,4.3,S,84.0,35.0,545.0,0.079296502
191,4.2,S,90.0,110.1570474,304.0,0.023140565
707,4.2,N,55.0,110.9540708,340.0,0.01812354
271,4.3,S,79.0,65.3920524,618.0,0.010982724
489,4.0,S,66.0,36.52563908,195.0,0.086748158
505,4.2,R,90.0,130.3377693,770.0,0.003873596
166,3.5,S,81.0,47.15529049,863.0,0.018405223
157,4.0,S,87.0,14.61128768,304.0,0.111606759
150,3.7,R,67.0,134.4312484,193.0,0.011338222
497,4.2,S,74.0,98.38836389,519.0,0.004342619
394,4.3,S,47.0,122.4366133,549.0,0.016802093
708,4.3,N,55.0,67.33052006,827.0,0.026087543
634,4.1,N,65.0,82.00493723,1323.0,0.014216877
8825,4.3,S,70.0,70.0,293.0,0.078347924
611,4.2,S,90.0,118.9374048,529.0,0.008990042
8755,4.2,S,79.0,118.0,907.0,0.006409705
624,4.2,S,82.0,175.2667755,894.0,0.003073132
573,4.1,S,66.0,87.19771713,561.0,0.015865293
587,4.0,S,86.0,86.31020098,270.0,0.02542648
333,4.4,S,77.0,115.9063161,758.0,0.032172238
166,3.5,S,81.0,52.28655101,481.0,0.035889716
207,4.0,S,56.0,57.82208739,875.0,0.017157384
359,3.8,N,49.0,100.8778109,460.0,0.014141246
288,3.8,N,52.0,115.6945498,271.0,0.010168314
407,3.9,S,79.0,83.43617385,430.0,0.028914648
532,4.4,S,86.0,115.5842473,444.0,0.031066422
141,4.0,S,48.0,63.88237691,463.0,0.131067762
8920,4.1,R,52.0,73.0,381.0,0.220695599
552,4.1,S,79.0,62.84153932,452.0,0.024616466
174,3.7,S,77.0,53.20025586,501.0,0.056527502
9240,4.4,S,74.0,89.0,519.0,0.020720802
359,3.8,N,49.0,62.15956372,827.0,0.011128937
151,4.0,N,78.0,61.64016455,215.0,0.085749392
415,4.3,N,67.0,186.9780495,205.0,0.009788861
187,4.3,N,59.0,174.7184159,322.0,0.047407457
221,3.9,S,65.0,104.4613286,558.0,0.014255322
8934,3.8,N,65.0,66.0,771.0,0.005960025
486,4.0,R,66.0,44.37331126,248.0,0.144053232
476,4.3,S,76.0,89.36612887,439.0,0.019047315
624,4.2,S,82.0,20.58372508,292.0,0.249412322
566,4.1,S,66.0,45.72167976,270.0,0.052524429
534,4.4,N,70.0,156.1850851,452.0,0.02213415
259,4.2,S,89.0,6.421327908,403.0,0.616828119
4,4.4,N,55.0,3.630991905,210.0,1.278625382
479,4.0,S,81.0,143.5967678,580.0,0.010161228
503,4.0,N,50.0,43.42649767,374.0,0.031094929
301,4.0,N,37.0,67.6175975,248.0,0.047583532
523,4.3,N,74.0,99.06209762,1323.0,0.017193901
718,4.1,N,55.0,58.51943428,771.0,0.037431039
8924,3.7,N,60.0,141.0,382.0,0.012029221
8824,4.2,S,73.0,33.0,407.0,0.085578407
210,3.8,N,39.0,113.1405683,293.0,0.028427781
253,4.2,S,57.0,67.20640535,549.0,0.03191494
9234,4.3,N,62.0,40.0,440.0,0.058012116
362,4.3,N,55.0,38.57515901,273.0,0.070103051
8475,4.1,S,86.0,106.0,907.0,0.009022903
585,4.0,S,83.0,130.001602,444.0,0.005427006
535,4.1,N,63.0,144.4066745,815.0,0.005504359
599,4.1,S,90.0,127.4610827,444.0,0.004725945
241,3.9,N,69.0,78.91100633,439.0,0.005684296
674,4.1,S,78.0,118.4805695,329.0,0.003563039
503,4.0,N,50.0,57.20140857,377.0,0.015337559
174,3.7,S,77.0,36.78760231,390.0,0.095271762
340,4.1,S,79.0,96.13162091,270.0,0.025764482
574,4.2,S,60.0,82.86949496,270.0,0.120200891
703,4.0,N,55.0,93.99369824,986.0,0.008201117
8820,4.2,S,89.0,146.0,483.0,0.014471064
328,4.4,N,44.0,143.1949405,397.0,0.008620564
467,4.0,N,36.0,78.45512973,234.0,0.065403073
392,4.1,N,37.0,148.6066445,414.0,0.005456091
566,4.1,S,66.0,47.79560951,131.0,0.071518588
383,4.1,N,19.0,13.91710533,341.0,0.464773116
241,3.9,N,69.0,88.14433443,215.0,0.008498667
476,4.3,S,76.0,100.8685179,597.0,0.013860188
598,4.3,S,89.0,81.07951299,654.0,0.012272716
349,4.0,S,47.0,83.7185416,1141.0,0.027958087
413,4.2,N,41.0,61.78728501,1323.0,0.019051301
249,3.9,N,48.0,25.82750633,328.0,0.085961031
301,4.0,N,37.0,19.56683965,234.0,0.564083223
8458,4.4,N,50.0,112.0,280.0,0.042766094
373,3.9,N,39.0,99.17434237,229.0,0.010555852
8457,4.2,S,69.0,91.0,745.0,0.096194943
629,4.1,S,59.0,198.6506984,428.0,0.024218846
242,4.2,N,40.0,107.109733,430.0,0.025844253
575,4.2,S,52.0,62.69000354,340.0,0.022759153
75,4.0,N,64.0,33.88776558,343.0,0.096745997
106,4.2,N,66.0,25.04201811,304.0,0.440832277
698,4.0,N,55.0,74.35753083,580.0,0.016116876
656,4.1,S,59.0,148.8320044,346.0,0.025894241
693,4.0,N,55.0,67.62295987,836.0,0.027518918
705,4.0,N,55.0,85.8290024,694.0,0.004659597
242,4.2,N,40.0,115.8120318,1747.0,0.014377063
559,4.4,S,88.0,169.5334402,224.0,0.020594642
721,4.0,N,55.0,77.0334489,145.0,0.044426233
8796,4.4,S,67.0,131.0,366.0,0.05923345
433,4.2,N,55.0,78.19348027,393.0,0.013349178
8738,4.1,N,52.0,61.0,697.0,0.021710984
191,4.2,S,90.0,176.4886461,224.0,0.020393881
8457,4.2,S,69.0,105.0,875.0,0.03321096
459,4.0,N,73.0,93.05184732,580.0,0.023475495
166,3.5,S,81.0,127.4621836,561.0,0.004250166
461,4.0,S,64.0,40.71463724,280.0,0.042742641
426,3.9,S,73.0,18.80081518,366.0,0.201046557
479,4.0,S,81.0,91.92528811,549.0,0.012742283
460,4.1,N,81.0,166.7362327,836.0,0.016865158
375,3.9,S,71.0,86.29808709,313.0,0.051179716
335,4.1,S,70.0,93.58482297,561.0,0.007612587
258,4.2,N,33.0,51.76862102,337.0,0.038308993
210,3.8,N,39.0,65.06589408,252.0,0.035846062
453,4.4,S,69.0,176.3423113,407.0,0.023732789
736,4.0,N,55.0,66.9140323,695.0,0.018485798
719,4.2,N,55.0,123.811596,341.0,0.018934206
474,4.4,N,41.0,118.4534505,340.0,0.043695935
197,4.1,N,63.0,168.228537,430.0,0.016931696
378,4.2,N,39.0,68.62898842,171.0,0.027082972
237,4.1,S,90.0,61.64920279,238.0,0.054145853
8458,4.4,N,50.0,169.0,266.0,0.082900463
254,4.3,S,85.0,89.12048959,683.0,0.036300304
569,4.1,S,54.0,38.02918541,558.0,0.080840149
253,4.2,S,57.0,52.31252646,359.0,0.06845358
154,3.8,S,78.0,76.2101198,403.0,0.010756379
8796,4.4,S,67.0,109.0,249.0,0.110211388
8793,4.2,N,46.0,24.0,343.0,0.161260524
280,4.2,R,57.0,37.96325311,436.0,0.474111007
9247,4.4,N,40.0,131.0,583.0,0.022515643
602,4.1,N,25.0,187.447944,229.0,0.021367504
383,4.1,N,19.0,119.2175399,894.0,0.003134183
571,4.0,S,62.0,41.89389755,558.0,0.088935932
297,3.8,N,74.0,71.90506957,282.0,0.025756471
597,4.1,S,58.0,153.905023,391.0,0.018611714
394,4.3,S,47.0,88.52051228,580.0,0.071657638
735,4.2,S,87.0,94.86162285,207.0,0.088573385
343,3.8,N,31.0,39.03267396,388.0,0.051192289
133,4.4,R,67.0,61.01590243,463.0,0.129221672
495,4.4,S,54.0,170.2227585,183.0,0.064607919
621,4.2,S,84.0,55.58895936,860.0,0.032669601
616,4.3,S,84.0,86.10156685,286.0,0.117661068
560,4.1,S,80.0,101.9884399,340.0,0.016228464
209,4.2,S,68.0,175.9548905,248.0,0.009884128
229,4.0,N,41.0,161.1031267,340.0,0.01283528
629,4.1,S,59.0,87.48022036,579.0,0.036540453
280,4.2,R,57.0,16.42665318,484.0,0.571355935
277,4.2,S,67.0,104.9365151,215.0,0.047270861
337,4.3,N,41.0,135.94495,219.0,0.068285366
398,4.4,N,35.0,55.18968297,694.0,0.017733072
217,3.7,R,41.0,69.67705607,328.0,0.030307808
394,4.3,S,47.0,95.74778618,307.0,0.03106398
590,4.4,S,67.0,77.70544013,907.0,0.010902901
8924,3.7,N,60.0,58.0,215.0,0.030554062
484,4.0,S,78.0,15.52882221,415.0,0.757901609
370,4.0,N,43.0,82.4507614,1141.0,0.014435944
634,4.1,N,65.0,100.7036242,369.0,0.020415339
461,4.0,S,64.0,53.85173871,183.0,0.041464742
498,4.2,S,72.0,103.6069707,444.0,0.062342417
392,4.1,N,37.0,138.1878642,301.0,0.012193606
207,4.0,S,56.0,108.0641853,608.0,0.010427909
602,4.1,N,25.0,165.6211796,429.0,0.009848196
280,4.2,R,57.0,27.43248236,884.0,0.089326907
277,4.2,S,67.0,11.60473961,301.0,2.215750628
249,3.9,N,48.0,63.81586562,630.0,0.021843884
8924,3.7,N,60.0,131.0,484.0,0.010112768
198,4.0,N,74.0,192.9162024,317.0,0.00759048
8824,4.2,S,73.0,130.0,630.0,0.01327116
8796,4.4,S,67.0,147.0,288.0,0.126425655
297,3.8,N,74.0,40.23830908,425.0,0.025822274
187,4.3,N,59.0,138.8945374,223.0,0.054952854
413,4.2,N,41.0,31.5441963,219.0,0.113182845
613,4.0,N,67.0,87.42355528,249.0,0.028627874
573,4.1,S,66.0,88.31202701,827.0,0.006819386
430,4.2,N,43.0,86.46817692,1323.0,0.020646671
554,4.0,S,62.0,105.1855932,612.0,0.008592347
650,4.0,N,55.0,84.60431586,246.0,0.028359987
8796,4.4,S,67.0,145.0,382.0,0.053851581
436,4.1,N,49.0,70.43310885,629.0,0.052204464
560,4.1,S,80.0,147.1099682,415.0,0.007710737
475,4.1,N,40.0,95.0700293,350.0,0.070876997
392,4.1,N,37.0,152.8276187,298.0,0.010374365
155,4.0,N,62.0,95.7882813,402.0,0.101503852
648,4.0,S,90.0,86.65812211,329.0,0.008843432
242,4.2,N,40.0,73.16977547,348.0,0.054929148
230,4.2,S,59.0,56.83635739,1323.0,0.023001062
8458,4.4,N,50.0,186.0,391.0,0.022233518
673,4.2,S,76.0,126.1826273,223.0,0.086337686
76,4.4,N,26.0,29.42732666,343.0,0.281630431
185,4.3,S,90.0,139.7328213,555.0,0.006276429
598,4.3,S,89.0,139.5363663,936.0,0.021305824
374,4.2,S,60.0,129.559947,271.0,0.031920606
242,4.2,N,40.0,111.862978,336.0,0.079185101
703,4.0,N,55.0,73.17242679,131.0,0.063034704
314,4.3,N,49.0,69.15391336,429.0,0.042185633
572,4.0,S,62.0,185.554491,314.0,0.005414831
308,3.7,S,65.0,73.84599044,660.0,0.006046489
9226,4.0,R,20.0,99.0,579.0,0.00822801
572,4.0,S,62.0,91.47491735,171.0,0.041528083
392,4.1,N,37.0,157.0403463,171.0,0.006949837
288,3.8,N,52.0,16.40200992,462.0,0.159507921
372,3.9,S,73.0,56.01643099,193.0,0.06774465
159,4.4,S,81.0,165.549728,597.0,0.032969469
8934,3.8,N,65.0,61.0,986.0,0.03833573
523,4.3,N,74.0,132.011361,986.0,0.013944115
274,3.7,S,39.0,14.76802903,618.0,0.03721048
597,4.1,S,58.0,91.53291909,468.0,0.028424547
414,4.1,S,66.0,70.19912257,234.0,0.036667136
373,3.9,N,39.0,70.97512717,608.0,0.009070474
502,4.0,S,86.0,15.7614794,683.0,0.167893796
570,4.2,S,75.0,140.9157065,330.0,0.057810971
362,4.3,N,55.0,100.1090417,414.0,0.057139271
180,4.1,S,81.0,38.70423952,745.0,0.054101821
512,4.1,N,52.0,119.7167064,462.0,0.010963489
463,4.1,S,73.0,47.89560501,246.0,0.180224266
241,3.9,N,69.0,74.88862179,688.0,0.00686571
308,3.7,S,65.0,74.25837291,875.0,0.015107323
597,4.1,S,58.0,96.39900864,745.0,0.024861214
394,4.3,S,47.0,74.0826585,894.0,0.03626355
570,4.2,S,75.0,166.8047072,986.0,0.009156325
560,4.1,S,80.0,137.7631819,403.0,0.01325171
407,3.9,S,79.0,107.3354523,265.0,0.034747167
374,4.2,S,60.0,84.5846019,270.0,0.050592277
382,4.1,S,83.0,74.32568545,875.0,0.025392885
147,3.9,S,41.0,47.18368501,608.0,0.007415567
88,4.4,S,61.0,82.20563759,298.0,0.217232116
471,4.1,S,76.0,42.07769835,714.0,0.031489856
589,4.2,S,80.0,24.48957404,450.0,0.259683773
448,4.0,S,53.0,105.0964056,367.0,0.004730207
532,4.4,S,86.0,77.85533547,284.0,0.028894676
8658,4.0,N,35.0,64.0,747.0,0.012680804
230,4.2,S,59.0,65.70438648,234.0,0.070958321
229,4.0,N,41.0,149.2217326,199.0,0.040237588
475,4.1,N,40.0,77.96584367,521.0,0.010756059
9226,4.0,R,20.0,70.0,715.0,0.017763421
8438,4.0,N,46.0,132.0,429.0,0.017914536
491,4.4,R,62.0,109.3075996,248.0,0.042996622
510,4.2,S,66.0,114.429512,462.0,0.010733975
242,4.2,N,40.0,103.4892167,1182.0,0.023360542
666,4.4,S,76.0,9.822845045,1380.0,0.315881943
8553,4.2,S,88.0,21.0,426.0,0.336656466
395,4.2,N,35.0,162.1771188,1141.0,0.007702139
193,4.2,S,85.0,93.06653202,225.0,0.074359723
276,4.2,N,48.0,53.64244501,415.0,0.151798915
443,4.1,N,45.0,104.2665093,206.0,0.02562595
408,4.2,N,59.0,52.01610457,278.0,0.040906032
598,4.3,S,89.0,123.603138,543.0,0.006922595
446,3.9,S,57.0,83.83926634,654.0,0.00514471
156,3.8,S,25.0,69.07645739,323.0,0.007138214
442,3.8,S,53.0,14.25532354,300.0,0.497062773
221,3.9,S,65.0,124.4562353,358.0,0.006658547
449,4.0,S,70.0,109.5896767,450.0,0.013873436
499,4.2,N,26.0,39.80680824,350.0,0.091624515
475,4.1,N,40.0,99.66578567,447.0,0.024873092
8458,4.4,N,50.0,103.0,286.0,0.033073818
8835,4.4,N,30.0,119.0,1822.0,0.012189825
359,3.8,N,49.0,114.5126861,561.0,0.009266955
9222,4.4,S,78.0,27.0,1380.0,0.098815102
106,4.2,N,66.0,63.19255807,561.0,0.044748675
498,4.2,S,72.0,26.96590217,361.0,0.56124279
609,4.0,N,51.0,31.41004126,238.0,0.058450589
156,3.8,S,25.0,95.15875037,402.0,0.029431569
284,4.2,R,40.0,21.65665143,579.0,0.067172758
8796,4.4,S,67.0,166.0,131.0,0.069275182
147,3.9,S,41.0,52.02408496,771.0,0.018166103
176,3.9,S,68.0,85.56095438,376.0,0.019309774
534,4.4,N,70.0,104.7410128,280.0,0.024863462
256,4.2,S,85.0,127.9605029,555.0,0.019481744
9228,4.0,S,65.0,98.0,186.0,0.011637625
650,4.0,N,55.0,34.60848772,350.0,0.074786203
497,4.2,S,74.0,72.00086107,955.0,0.011415505
495,4.4,S,54.0,16.70557002,277.0,1.292826441
534,4.4,N,70.0,121.8945234,382.0,0.031158668
461,4.0,S,64.0,142.7010409,289.0,0.009920905
650,4.0,N,55.0,85.02273378,221.0,0.042746582
363,4.1,N,45.0,68.2616788,171.0,0.018668012
718,4.1,N,55.0,103.8298611,580.0,0.008791338
337,4.3,N,41.0,165.8102635,466.0,0.021981904
503,4.0,N,50.0,48.59902934,539.0,0.014366889
721,4.0,N,55.0,50.23748521,1141.0,0.017475516
281,3.6,S,86.0,30.3089631,395.0,0.080800602
207,4.0,S,56.0,119.5467855,387.0,0.010457904
611,4.2,S,90.0,24.77575237,407.0,0.239211578
719,4.2,N,55.0,66.72776121,369.0,0.033109408
535,4.1,N,63.0,170.7875709,555.0,0.005057255
575,4.2,S,52.0,98.44519654,745.0,0.021993275
493,4.0,N,65.0,40.04166111,484.0,0.042078792
515,4.1,N,82.0,28.21842957,477.0,0.079031378
250,4.0,N,43.0,84.62449478,688.0,0.013177644
193,4.2,S,85.0,43.60643256,483.0,0.050968902
719,4.2,N,55.0,122.1587312,948.0,0.007038818
670,4.0,S,88.0,42.21021018,660.0,0.014376209
535,4.1,N,63.0,82.855742,413.0,0.011749082
677,4.1,S,87.0,92.96721018,444.0,0.00783114
723,4.1,N,54.0,79.24227332,694.0,0.01535418
359,3.8,N,49.0,92.42876995,460.0,0.022084523
422,4.0,S,55.0,34.05065141,731.0,0.268005642
670,4.0,S,88.0,69.71313401,860.0,0.016377287
502,4.0,S,86.0,17.36087407,304.0,0.063406673
8735,3.8,S,80.0,63.0,1747.0,0.007441235
650,4.0,N,55.0,59.86142676,523.0,0.034354923
670,4.0,S,88.0,60.95510025,450.0,0.028921905
150,3.7,R,67.0,114.8810031,200.0,0.037958027
320,3.9,N,31.0,144.1855114,225.0,0.036169947
395,4.2,N,35.0,181.4087639,875.0,0.009661338
150,3.7,R,67.0,80.25354573,688.0,0.015735713
241,3.9,N,69.0,124.1683809,283.0,0.011541222
528,4.3,S,77.0,79.42840597,429.0,0.047191228
493,4.0,N,65.0,67.08784513,251.0,0.047962174
487,4.3,S,81.0,160.6608764,986.0,0.007204441
561,4.2,S,76.0,46.55585409,320.0,0.051677701
210,3.8,N,39.0,53.85587717,253.0,0.016408865
8890,4.2,N,53.0,62.0,836.0,0.028938196
449,4.0,S,70.0,83.39145716,373.0,0.018337409
294,4.3,S,73.0,187.9583618,372.0,0.009251772
560,4.1,S,80.0,123.9924031,270.0,0.023689713
575,4.2,S,52.0,132.1067231,343.0,0.017857442
8803,4.3,R,71.0,79.0,540.0,0.128786375
271,4.3,S,79.0,119.4885051,463.0,0.009114328
250,4.0,N,43.0,32.41387001,430.0,0.063634881
316,4.1,S,44.0,153.5748555,827.0,0.005565253
9097,4.3,R,26.0,73.0,541.0,0.026534883
570,4.2,S,75.0,172.933065,192.0,0.047491513
629,4.1,S,59.0,60.35632818,860.0,0.058227232
588,4.3,S,68.0,185.1063627,709.0,0.008328572
333,4.4,S,77.0,75.40481471,986.0,0.008539878
494,4.0,S,54.0,107.3127978,328.0,0.046430581
378,4.2,N,39.0,147.9713558,483.0,0.013022944
262,4.0,N,58.0,108.5372974,914.0,0.006942815
513,4.2,S,66.0,46.57005202,805.0,0.042707093
571,4.0,S,62.0,110.0924573,324.0,0.018969421
259,4.2,S,89.0,41.38902468,192.0,0.094710742
484,4.0,S,78.0,148.1320242,248.0,0.011432569
670,4.0,S,88.0,124.7824093,875.0,0.006568737
9179,4.4,S,88.0,133.0,758.0,0.062188369
373,3.9,N,39.0,151.1879545,286.0,0.006147945
8793,4.2,N,46.0,111.0,562.0,0.041813448
497,4.2,S,74.0,91.91369829,329.0,0.007297704
707,4.2,N,55.0,85.77766961,249.0,0.040835397
436,4.1,N,49.0,58.80665111,430.0,0.041262212
349,4.0,S,47.0,81.53502293,238.0,0.055017972
237,4.1,S,90.0,57.88136322,192.0,0.127246586
719,4.2,N,55.0,79.85985772,131.0,0.05157121
191,4.2,S,90.0,192.965913,293.0,0.027569747
378,4.2,N,39.0,140.7182151,324.0,0.0271614
575,4.2,S,52.0,33.91674727,238.0,0.136853145
453,4.4,S,69.0,142.9670747,289.0,0.064115187
294,4.3,S,73.0,85.38334318,340.0,0.070310624
203,3.9,N,87.0,178.9163701,375.0,0.004298037
9234,4.3,N,62.0,96.0,543.0,0.028763358
656,4.1,S,59.0,136.04536,484.0,0.018702564
91,4.1,S,62.0,16.02760378,306.0,0.887140132
276,4.2,N,48.0,15.42932899,207.0,0.118860728
274,3.7,S,39.0,55.25563097,597.0,0.040391717
598,4.3,S,89.0,100.4253058,376.0,0.029203338
294,4.3,S,73.0,63.29738516,532.0,0.09356436
9234,4.3,N,62.0,98.0,424.0,0.045319913
485,4.1,N,43.0,16.40802622,414.0,0.287972798
221,3.9,S,65.0,104.3445084,608.0,0.010584732
572,4.0,S,62.0,98.20385196,745.0,0.034269022
233,4.3,S,54.0,100.9884313,827.0,0.01097105
697,4.0,N,55.0,67.62575886,145.0,0.094414384
570,4.2,S,75.0,120.3583458,462.0,0.018324735
259,4.2,S,89.0,67.74423378,444.0,0.029554934
471,4.1,S,76.0,144.9889407,533.0,0.010947714
590,4.4,S,67.0,178.9260648,709.0,0.010364616
602,4.1,N,25.0,92.05556193,205.0,0.079331065
202,4.3,S,77.0,36.36770942,293.0,0.357871969
571,4.0,S,62.0,93.71647887,145.0,0.056209844
333,4.4,S,77.0,170.8560369,523.0,0.010964958
459,4.0,N,73.0,17.6973832,732.0,0.074507032
495,4.4,S,54.0,21.11835416,196.0,0.413781231
8484,4.2,N,69.0,63.0,303.0,0.110936491
362,4.3,N,55.0,72.47955448,361.0,0.074685969
249,3.9,N,48.0,58.79672714,836.0,0.0196033
728,4.1,N,55.0,95.76728958,328.0,0.046739651
168,3.5,R,81.0,98.48242135,330.0,0.020314599
423,4.2,N,35.0,89.37047701,580.0,0.026506695
433,4.2,N,55.0,83.57802608,1323.0,0.00793179
256,4.2,S,85.0,37.31898679,286.0,0.253807023
364,4.2,N,53.0,107.4531089,301.0,0.018553791
362,4.3,N,55.0,67.40285674,131.0,0.122193536
395,4.2,N,35.0,40.01425215,948.0,0.107391405
189,4.0,S,90.0,34.18470486,192.0,0.062045472
350,4.0,N,39.0,58.39640866,460.0,0.021458129
292,4.3,S,60.0,177.5464768,630.0,0.006040776
560,4.1,S,80.0,136.1904005,313.0,0.015920932
8934,3.8,N,65.0,77.0,459.0,0.009910595
616,4.3,S,84.0,92.0120438,561.0,0.027404866
250,4.0,N,43.0,40.04548863,390.0,0.034925913
90,4.4,S,87.0,48.99223031,249.0,0.139721892
487,4.3,S,81.0,56.66283445,813.0,0.020125296
398,4.4,N,35.0,19.95068521,747.0,0.056891587
158,3.8,S,68.0,68.94097803,270.0,0.020356349
672,4.0,S,90.0,125.21181,875.0,0.015592908
176,3.9,S,68.0,26.43256683,1380.0,0.034528256
291,4.0,S,63.0,46.93641522,341.0,0.01607598
180,4.1,S,81.0,47.30959243,827.0,0.015754949
209,4.2,S,68.0,91.88286048,422.0,0.03459505
280,4.2,R,57.0,30.32911348,1747.0,0.131428781
442,3.8,S,53.0,19.43817599,238.0,0.097090074
8813,4.3,S,79.0,125.0,426.0,0.019481252
91,4.1,S,62.0,53.52950992,131.0,0.050830403
392,4.1,N,37.0,34.35105025,630.0,0.037875121
8772,4.4,R,38.0,146.0,183.0,0.012448423
453,4.4,S,69.0,18.88445663,229.0,1.18270853
505,4.2,R,90.0,57.51609172,301.0,0.024366065
575,4.2,S,52.0,95.69466364,259.0,0.038713353
8484,4.2,N,69.0,139.0,307.0,0.016282239
485,4.1,N,43.0,20.47472571,460.0,0.108081342
624,4.2,S,82.0,87.01796773,875.0,0.023450408
8796,4.4,S,67.0,110.0,277.0,0.148209966
394,4.3,S,47.0,91.4008145,1080.0,0.016520446
9247,4.4,N,40.0,92.0,305.0,0.094704998
9228,4.0,S,65.0,59.0,660.0,0.013095399
241,3.9,N,69.0,130.9937625,447.0,0.004861844
306,4.0,N,36.0,60.8174808,323.0,0.038718831
57,4.3,R,85.0,71.85763442,229.0,0.110326973
575,4.2,S,52.0,60.10294376,341.0,0.032717128
390,4.2,N,55.0,69.53949522,894.0,0.01089016
518,4.3,N,74.0,81.69337547,390.0,0.043689753
180,4.1,S,81.0,40.66821487,695.0,0.021283448
237,4.1,S,90.0,102.128287,538.0,0.014369198
8744,4.0,S,63.0,47.0,288.0,0.106003084
462,4.2,S,65.0,28.21724654,295.0,0.25241364
8757,3.9,S,90.0,112.0,1747.0,0.008070126
613,4.0,N,67.0,121.09527,207.0,0.012186972
703,4.0,N,55.0,57.14856374,894.0,0.019878509
405,3.7,N,44.0,76.44772317,986.0,0.015628663
133,4.4,R,67.0,74.1229948,469.0,0.071722442
471,4.1,S,76.0,92.66219032,523.0,0.039113832
701,4.2,N,55.0,74.88147281,771.0,0.027787687
77,4.4,S,57.0,81.9613895,267.0,0.171811891
422,4.0,S,55.0,69.51885684,390.0,0.077100775
474,4.4,N,41.0,88.42947378,694.0,0.014342345
8933,4.2,S,82.0,36.0,272.0,0.235078439
596,4.3,S,67.0,134.2335091,416.0,0.023683815
493,4.0,N,65.0,71.18266994,253.0,0.024438017
296,4.3,S,78.0,47.60161031,688.0,0.046555923
464,3.8,S,87.0,152.8918561,545.0,0.010989063
174,3.7,S,77.0,91.38207371,215.0,0.026718506
8835,4.4,N,30.0,142.0,549.0,0.011015215
378,4.2,N,39.0,142.4764255,429.0,0.018980194
495,4.4,S,54.0,99.93441106,330.0,0.070678674
650,4.0,N,55.0,84.87466325,310.0,0.033908038
106,4.2,N,66.0,108.8460765,252.0,0.063919443
210,3.8,N,39.0,41.50876966,249.0,0.070482852
174,3.7,S,77.0,136.2840121,369.0,0.019735787
495,4.4,S,54.0,151.8529426,304.0,0.025177551
402,4.1,N,38.0,56.92188827,323.0,0.054803272
735,4.2,S,87.0,94.47041454,145.0,0.179657651
407,3.9,S,79.0,71.80966261,403.0,0.017515939
387,4.4,N,55.0,93.1759616,234.0,0.021273877
364,4.2,N,53.0,47.0339173,629.0,0.0605958
302,4.4,N,51.0,121.2802918,860.0,0.011647195
9179,4.4,S,88.0,51.0,583.0,0.063037142
613,4.0,N,67.0,36.32801107,238.0,0.042466952
256,4.2,S,85.0,170.9906396,361.0,0.009266864
8457,4.2,S,69.0,70.0,414.0,0.076118656
383,4.1,N,19.0,46.17411069,459.0,0.049227328
8458,4.4,N,50.0,110.0,482.0,0.056599538
404,3.9,N,37.0,88.25834035,580.0,0.023006286
8924,3.7,N,60.0,17.0,282.0,0.163091125
705,4.0,N,55.0,74.13406106,875.0,0.014853432
8755,4.2,S,79.0,143.0,280.0,0.062523253
629,4.1,S,59.0,164.4330881,440.0,0.022988957
572,4.0,S,62.0,123.7217891,207.0,0.013977926
650,4.0,N,55.0,21.44251359,501.0,0.221227517
505,4.2,R,90.0,89.54079673,412.0,0.016858837
493,4.0,N,65.0,77.78206559,181.0,0.048732323
495,4.4,S,54.0,49.78533273,300.0,0.097805655
495,4.4,S,54.0,96.27147983,901.0,0.033416167
475,4.1,N,40.0,32.73893565,426.0,0.057225869
274,3.7,S,39.0,50.78563536,455.0,0.042665237
269,3.9,N,54.0,41.30824024,248.0,0.039415297
464,3.8,S,87.0,36.54693086,652.0,0.03715036
414,4.1,S,66.0,95.74117798,271.0,0.032004906
411,4.0,S,51.0,84.95389122,1141.0,0.027342882
207,4.0,S,56.0,116.9212829,286.0,0.00951739
261,3.9,N,66.0,54.91725036,382.0,0.02654405
721,4.0,N,55.0,20.60056822,369.0,0.070017536
229,4.0,N,41.0,140.7375001,358.0,0.025564934
140,3.5,S,51.0,137.6298624,469.0,0.004676612
673,4.2,S,76.0,53.57173164,224.0,0.056873085
403,4.4,N,35.0,67.85375663,234.0,0.039278477
189,4.0,S,90.0,33.1624955,483.0,0.046602938
373,3.9,N,39.0,70.79537096,459.0,0.013548501
256,4.2,S,85.0,32.05618942,403.0,0.434286835
683,4.0,S,86.0,94.20139762,315.0,0.029515003
474,4.4,N,41.0,118.7091007,371.0,0.022315976
310,4.0,N,56.0,53.25488366,387.0,0.020135921
515,4.1,N,82.0,36.78591227,337.0,0.052281357
730,4.4,R,72.0,176.0811739,641.0,0.01260104
249,3.9,N,48.0,9.647823883,369.0,0.535795913
362,4.3,N,55.0,158.4940531,630.0,0.012676308
152,4.0,S,61.0,20.38280177,688.0,0.147376899
474,4.4,N,41.0,71.61841249,414.0,0.101569073
629,4.1,S,59.0,154.5543456,340.0,0.022883465
495,4.4,S,54.0,57.86991163,247.0,0.025877273
9097,4.3,R,26.0,144.0,392.0,0.019744755
495,4.4,S,54.0,147.1074074,401.0,0.037071187
355,4.2,S,85.0,58.36733934,271.0,0.038139085
443,4.1,N,45.0,101.3685169,390.0,0.025487986
207,4.0,S,56.0,47.14340687,145.0,0.049913733
8824,4.2,S,73.0,107.0,190.0,0.061973807
254,4.3,S,85.0,30.43408373,403.0,0.52836456
597,4.1,S,58.0,134.0721799,343.0,0.026106284
471,4.1,S,76.0,119.156348,426.0,0.019967125
8658,4.0,N,35.0,93.0,219.0,0.029008578
8820,4.2,S,89.0,46.0,460.0,0.084359936
430,4.2,N,43.0,165.5547364,313.0,0.039531945
444,3.8,S,86.0,23.99176612,324.0,0.152227125
505,4.2,R,90.0,102.612392,662.0,0.05600866
424,4.4,N,32.0,20.29443908,747.0,0.061817106
742,4.1,N,15.0,38.55686966,337.0,0.077746254
274,3.7,S,39.0,44.54373633,271.0,0.088159443
242,4.2,N,40.0,110.7436194,259.0,0.049399794
9247,4.4,N,40.0,75.0,484.0,0.030042908
535,4.1,N,63.0,87.86576928,309.0,0.027350353
226,4.2,N,51.0,56.35280799,393.0,0.03031381
335,4.1,S,70.0,138.365026,366.0,0.015481989
372,3.9,S,73.0,59.66848294,387.0,0.047543758
146,3.8,S,61.0,168.890033,450.0,0.006222714
677,4.1,S,87.0,99.44612442,543.0,0.007046475
147,3.9,S,41.0,47.92749084,131.0,0.027371455
239,4.2,S,76.0,56.35630976,715.0,0.026816791
570,4.2,S,75.0,32.33641972,238.0,0.176681483
9135,4.2,S,82.0,58.0,715.0,0.028573299
441,4.0,N,18.0,82.11523492,277.0,0.086635784
495,4.4,S,54.0,117.0212222,561.0,0.040397772
460,4.1,N,81.0,141.3777628,224.0,0.045240441
417,3.7,S,84.0,22.93156172,541.0,0.091437208
8917,4.4,S,88.0,141.0,382.0,0.037618235
248,3.9,S,37.0,74.66480983,468.0,0.024627103
8574,4.2,S,88.0,140.0,404.0,0.011455509
291,4.0,S,63.0,8.769860402,292.0,0.276013069
217,3.7,R,41.0,188.7310312,199.0,0.005909497
656,4.1,S,59.0,190.028529,720.0,0.008841438
519,4.1,S,85.0,50.56944445,815.0,0.049111274
362,4.3,N,55.0,193.0588078,396.0,0.014845167
90,4.4,S,87.0,53.73402928,875.0,0.043950287
706,4.1,N,55.0,99.07062399,341.0,0.023019566
569,4.1,S,54.0,171.5445962,488.0,0.0070228
392,4.1,N,37.0,132.8666461,1141.0,0.004284568
249,3.9,N,48.0,11.69811435,306.0,0.205373682
666,4.4,S,76.0,116.411025,875.0,0.011630213
401,4.3,N,39.0,20.7847931,747.0,0.052235539
185,4.3,S,90.0,71.50869959,403.0,0.017258264
308,3.7,S,65.0,18.12690341,735.0,0.079141201
535,4.1,N,63.0,155.3470125,519.0,0.004415626
9233,4.4,R,50.0,49.0,305.0,0.157364207
169,4.2,R,64.0,66.15525896,280.0,0.040661919
496,4.1,N,88.0,158.5926441,907.0,0.002083631
384,3.9,S,74.0,77.66117376,313.0,0.0174099
8897,3.8,S,70.0,33.0,662.0,0.138506113
312,4.3,N,42.0,115.1137412,558.0,0.029509924
390,4.2,N,55.0,100.9885599,1080.0,0.003314468
274,3.7,S,39.0,81.48150365,440.0,0.008069786
464,3.8,S,87.0,180.4341712,329.0,0.003739975
8484,4.2,N,69.0,30.0,234.0,0.249856781
611,4.2,S,90.0,4.554971759,450.0,1.307201967
315,4.2,S,38.0,76.47811055,483.0,0.064215747
621,4.2,S,84.0,78.1542032,329.0,0.036264321
166,3.5,S,81.0,125.4837251,758.0,0.0104661
488,4.1,S,84.0,68.58997935,1141.0,0.010721466
221,3.9,S,65.0,131.7648999,387.0,0.017435153
697,4.0,N,55.0,68.9700002,827.0,0.019622192
245,4.1,S,85.0,82.93592594,329.0,0.01108657
693,4.0,N,55.0,69.25444186,875.0,0.017868709
441,4.0,N,18.0,47.23357195,224.0,0.078133245
447,4.3,S,82.0,110.3610218,1141.0,0.013336449
575,4.2,S,52.0,107.2466921,415.0,0.017722567
462,4.2,S,65.0,77.98505916,270.0,0.01791972
569,4.1,S,54.0,99.17866748,745.0,0.017575499
704,4.0,N,55.0,48.29671236,414.0,0.023526939
602,4.1,N,25.0,110.0435549,328.0,0.044206323
548,4.1,S,86.0,187.0765921,363.0,0.009168973
706,4.1,N,55.0,25.01707847,369.0,0.08683493
280,4.2,R,57.0,63.38464181,770.0,0.012419463
573,4.1,S,66.0,94.46008757,145.0,0.031513041
707,4.2,N,55.0,84.59152106,894.0,0.020118118
287,3.6,S,53.0,44.48606021,715.0,0.014762246
8484,4.2,N,69.0,105.0,732.0,0.0068723
463,4.1,S,73.0,48.55332901,193.0,0.07631358
277,4.2,S,67.0,57.88476798,484.0,0.024797313
383,4.1,N,19.0,48.44091172,171.0,0.120274115
436,4.1,N,49.0,54.90271926,131.0,0.065417101
467,4.0,N,36.0,59.18130806,393.0,0.017390708
409,3.9,N,58.0,66.05325368,894.0,0.022421583
571,4.0,S,62.0,86.1260351,270.0,0.030915702
584,4.1,S,88.0,66.36535598,815.0,0.014679587
402,4.1,N,38.0,86.8977391,1323.0,0.010376868
271,4.3,S,79.0,70.79262872,720.0,0.01569773
226,4.2,N,51.0,133.6742184,630.0,0.012023048
718,4.1,N,55.0,56.7165326,745.0,0.128367424
259,4.2,S,89.0,43.88865995,483.0,0.047495454
487,4.3,S,81.0,97.25884411,344.0,0.050958783
291,4.0,S,63.0,66.83912174,361.0,0.024008321
9182,4.4,S,78.0,58.0,450.0,0.100722177
403,4.4,N,35.0,83.5473628,1080.0,0.013012821
8897,3.8,S,70.0,149.0,827.0,0.007676566
417,3.7,S,84.0,50.97297487,521.0,0.042318788
355,4.2,S,85.0,60.17386806,313.0,0.045682839
362,4.3,N,55.0,74.93972046,313.0,0.054553722
445,4.1,S,66.0,28.24768824,366.0,0.278104348
9248,4.4,S,77.0,64.0,519.0,0.044478251
189,4.0,S,90.0,136.4215915,538.0,0.0083915
559,4.4,S,88.0,126.3376902,827.0,0.020456285
569,4.1,S,54.0,80.01015266,193.0,0.046525181
342,4.0,S,86.0,67.37695814,246.0,0.133038499
656,4.1,S,59.0,196.9028745,558.0,0.006084671
155,4.0,N,62.0,171.4440767,289.0,0.027500438
398,4.4,N,35.0,75.53943949,986.0,0.016338564
147,3.9,S,41.0,55.29401042,745.0,0.016017092
699,4.1,N,55.0,69.66750695,145.0,0.088425042
8553,4.2,S,88.0,56.0,430.0,0.026000477
425,4.0,S,83.0,20.41879858,323.0,0.297951699
600,4.4,S,74.0,112.8232354,579.0,0.005364956
570,4.2,S,75.0,135.0947718,271.0,0.029219561
287,3.6,S,53.0,98.70059447,246.0,0.022234001
629,4.1,S,59.0,188.8121346,305.0,0.03285359
513,4.2,S,66.0,63.17040148,359.0,0.042835811
614,4.4,N,63.0,166.8370418,429.0,0.013899319
442,3.8,S,53.0,36.63199147,460.0,0.095641599
560,4.1,S,80.0,166.2122752,312.0,0.012621223
158,3.8,S,68.0,65.85596398,316.0,0.012234038
699,4.1,N,55.0,92.27730825,328.0,0.029078876
581,4.3,S,57.0,33.26687443,481.0,0.067178231
511,4.1,N,52.0,38.15269312,344.0,0.049711289
301,4.0,N,37.0,61.94798815,344.0,0.034318432
648,4.0,S,90.0,56.72960136,860.0,0.019576789
292,4.3,S,60.0,168.7235373,412.0,0.013346304
616,4.3,S,84.0,102.5134048,328.0,0.158865009
364,4.2,N,53.0,20.35735369,229.0,0.314315744
732,3.9,N,70.0,9.291308247,450.0,0.289587711
373,3.9,N,39.0,73.8672174,131.0,0.018392822
318,4.1,N,23.0,148.918614,340.0,0.008303023
476,4.3,S,76.0,101.2654302,186.0,0.039167605
301,4.0,N,37.0,122.4056174,894.0,0.006898739
362,4.3,N,55.0,188.073548,314.0,0.009217488
339,3.8,S,87.0,14.20320676,329.0,0.277390692
590,4.4,S,67.0,83.83730299,481.0,0.013877271
506,4.2,S,83.0,79.32869301,483.0,0.021827115
436,4.1,N,49.0,81.49144308,300.0,0.060376091
502,4.0,S,86.0,75.97532849,514.0,0.020305988
511,4.1,N,52.0,33.0768375,477.0,0.086810962
616,4.3,S,84.0,164.0118723,683.0,0.028093901
306,4.0,N,36.0,53.44017819,948.0,0.015297627
8757,3.9,S,90.0,61.0,321.0,0.028769469
271,4.3,S,79.0,108.7563996,612.0,0.008827005
176,3.9,S,68.0,134.0215059,671.0,0.018719257
471,4.1,S,76.0,42.43766949,561.0,0.024723118
335,4.1,S,70.0,68.12726141,223.0,0.041428687
597,4.1,S,58.0,142.1079433,304.0,0.021365605
575,4.2,S,52.0,174.8209693,192.0,0.035808101
344,4.0,N,42.0,44.74028315,171.0,0.074460921
381,4.0,N,38.0,88.78597344,369.0,0.035701826
549,4.4,S,86.0,63.58960569,299.0,0.030144349
8824,4.2,S,73.0,29.0,229.0,0.29574539
198,4.0,N,74.0,134.0913492,223.0,0.032878497
561,4.2,S,76.0,116.428496,375.0,0.007472978
557,4.0,S,90.0,189.1477178,284.0,0.001486693
344,4.0,N,42.0,34.94399666,875.0,0.080095566
239,4.2,S,76.0,111.5056843,448.0,0.046217569
338,4.3,N,39.0,65.88716256,429.0,0.021357433
395,4.2,N,35.0,18.09392651,732.0,0.172148846
496,4.1,N,88.0,39.88623163,567.0,0.070597381
320,3.9,N,31.0,79.22778526,193.0,0.029586122
8920,4.1,R,52.0,126.0,328.0,0.048982559
498,4.2,S,72.0,17.08250956,313.0,0.283137447
382,4.1,S,83.0,70.34702517,771.0,0.014767309
8917,4.4,S,88.0,134.0,393.0,0.028709761
8553,4.2,S,88.0,65.0,545.0,0.025682723
292,4.3,S,60.0,7.929266751,292.0,0.891786875
415,4.3,N,67.0,66.63457838,986.0,0.050117738
9179,4.4,S,88.0,92.0,484.0,0.039659198
382,4.1,S,83.0,80.91651287,827.0,0.023060198
261,3.9,N,66.0,103.190673,538.0,0.019243825
422,4.0,S,55.0,120.9132127,444.0,0.042600968
8484,4.2,N,69.0,112.0,395.0,0.014712232
396,4.2,N,55.0,88.21773685,466.0,0.006700133
588,4.3,S,68.0,88.8987914,663.0,0.008632415
241,3.9,N,69.0,46.85968334,720.0,0.016470767
74,4.0,N,64.0,148.411796,229.0,0.096399787
8827,4.3,S,71.0,58.0,758.0,0.034808891
9240,4.4,S,74.0,131.0,373.0,0.007406804
214,3.9,R,74.0,123.9469341,229.0,0.006483705
588,4.3,S,68.0,124.136963,416.0,0.02035503
395,4.2,N,35.0,170.6273453,695.0,0.013047834
294,4.3,S,73.0,134.6657045,301.0,0.03340102
90,4.4,S,87.0,53.3560991,145.0,0.117449875
697,4.0,N,55.0,87.05433879,328.0,0.032763551
259,4.2,S,89.0,124.0586853,361.0,0.012911629
372,3.9,S,73.0,84.30070407,131.0,0.055503311
584,4.1,S,88.0,15.07009542,1380.0,0.179423028
250,4.0,N,43.0,44.08922841,545.0,0.05285582
174,3.7,S,77.0,91.93224566,597.0,0.027047288
392,4.1,N,37.0,121.8633983,328.0,0.019287455
476,4.3,S,76.0,100.0498838,215.0,0.01416319
672,4.0,S,90.0,34.13528559,481.0,0.131352024
90,4.4,S,87.0,48.58758128,298.0,0.130624341
8924,3.7,N,60.0,134.0,393.0,0.007829408
514,4.3,S,80.0,88.10933018,1380.0,0.011805261
302,4.4,N,51.0,156.2802927,574.0,0.01726032
8553,4.2,S,88.0,70.0,714.0,0.027250558
502,4.0,S,86.0,73.51763836,321.0,0.013916418
383,4.1,N,19.0,51.90228997,745.0,0.025051507
403,4.4,N,35.0,110.904166,369.0,0.015453725
155,4.0,N,62.0,68.45920126,336.0,0.102728794
277,4.2,S,67.0,96.42155448,265.0,0.024420743
395,4.2,N,35.0,114.6450146,371.0,0.058033686
680,4.1,S,80.0,130.6296973,521.0,0.009429025
587,4.0,S,86.0,41.93373408,558.0,0.036353229
704,4.0,N,55.0,74.40588556,205.0,0.019892093
401,4.3,N,39.0,63.94884635,1323.0,0.023167459
467,4.0,N,36.0,91.85082127,580.0,0.014150769
495,4.4,S,54.0,27.63582094,199.0,0.194211582
461,4.0,S,64.0,92.6275331,530.0,0.013425705
464,3.8,S,87.0,74.14225453,555.0,0.050610741
719,4.2,N,55.0,123.2153054,986.0,0.007320648
8484,4.2,N,69.0,90.0,301.0,0.045552712
219,4.2,N,44.0,52.8734553,549.0,0.036263062
711,4.0,N,55.0,87.74180079,328.0,0.024704253
328,4.4,N,44.0,76.0724532,223.0,0.049066768
396,4.2,N,55.0,91.94215901,580.0,0.007766753
496,4.1,N,88.0,32.40192836,875.0,0.1502623
616,4.3,S,84.0,37.40872952,238.0,0.109510567
629,4.1,S,59.0,169.7956018,317.0,0.035924706
502,4.0,S,86.0,99.33169547,460.0,0.011099368
239,4.2,S,76.0,155.9503601,305.0,0.036436498
318,4.1,N,23.0,33.95038258,403.0,0.228632985
383,4.1,N,19.0,49.75844149,145.0,0.139249537
210,3.8,N,39.0,58.44542291,283.0,0.020604139
239,4.2,S,76.0,51.75348454,688.0,0.073054223
441,4.0,N,18.0,121.6221437,436.0,0.024487429
534,4.4,N,70.0,5.372408685,401.0,3.142314407
202,4.3,S,77.0,131.8561923,709.0,0.020830388
703,4.0,N,55.0,75.5861971,196.0,0.043309769
196,4.3,S,90.0,34.11409377,480.0,0.077120332
436,4.1,N,49.0,25.19492495,558.0,0.297630915
229,4.0,N,41.0,144.4287788,312.0,0.023188956
302,4.4,N,51.0,132.3667783,463.0,0.021915823
202,4.3,S,77.0,24.90679636,397.0,0.104393619
634,4.1,N,65.0,51.5634343,323.0,0.061788411
523,4.3,N,74.0,75.98730381,390.0,0.122419023
476,4.3,S,76.0,46.39701944,428.0,0.055709605
488,4.1,S,84.0,57.58260414,459.0,0.013909916
570,4.2,S,75.0,184.7826339,1080.0,0.005465753
561,4.2,S,76.0,75.09426836,529.0,0.024787849
532,4.4,S,86.0,149.7982901,735.0,0.016513398
359,3.8,N,49.0,71.17733205,131.0,0.035164235
362,4.3,N,55.0,135.3749726,894.0,0.007923977
560,4.1,S,80.0,137.3381659,488.0,0.018141375
384,3.9,S,74.0,101.5665007,271.0,0.043110185
317,4.0,N,28.0,134.0782548,315.0,0.051124484
262,4.0,N,58.0,48.05181015,901.0,0.020828818
9182,4.4,S,78.0,136.0,907.0,0.004631327
318,4.1,N,23.0,108.8796555,361.0,0.00994558
151,4.0,N,78.0,65.98549136,455.0,0.059324012
493,4.0,N,65.0,83.57175537,587.0,0.094915405
493,4.0,N,65.0,54.21404976,452.0,0.066733134
168,3.5,R,81.0,87.20463166,229.0,0.025833751
656,4.1,S,59.0,182.1345269,555.0,0.006370182
384,3.9,S,74.0,44.41947531,629.0,0.056881728
371,3.9,N,60.0,83.67059849,270.0,0.015428591
8835,4.4,N,30.0,65.0,285.0,0.089253852
8456,4.4,S,86.0,145.0,583.0,0.018830416
505,4.2,R,90.0,86.2808303,436.0,0.016333752
475,4.1,N,40.0,101.5562997,463.0,0.056226965
407,3.9,S,79.0,66.26793573,225.0,0.089979583
505,4.2,R,90.0,177.4150243,558.0,0.008722188
258,4.2,N,33.0,79.38131511,206.0,0.05514413
452,4.1,S,80.0,64.65823129,315.0,0.077087545
176,3.9,S,68.0,183.2573289,246.0,0.012355169
587,4.0,S,86.0,44.0148019,229.0,0.065600041
8813,4.3,S,79.0,122.0,207.0,0.055326687
173,4.3,R,64.0,118.5562887,273.0,0.034820369
239,4.2,S,76.0,116.5383092,447.0,0.027950281
321,3.8,S,58.0,69.03256411,429.0,0.019649059
552,4.1,S,79.0,84.1662218,196.0,0.039779356
375,3.9,S,71.0,90.47652942,444.0,0.030790981
518,4.3,N,74.0,92.41867091,236.0,0.043325479
221,3.9,S,65.0,54.48939436,340.0,0.023068016
174,3.7,S,77.0,118.1967911,469.0,0.025932284
8793,4.2,N,46.0,124.0,445.0,0.008419474
9248,4.4,S,77.0,128.0,1380.0,0.014518279
575,4.2,S,52.0,91.37920592,444.0,0.165349643
226,4.2,N,51.0,58.22334821,696.0,0.023930768
209,4.2,S,68.0,151.5291295,313.0,0.012958585
534,4.4,N,70.0,40.66218097,487.0,0.156246208
8827,4.3,S,71.0,24.0,382.0,0.24085646
453,4.4,S,69.0,127.9344029,380.0,0.018884162
616,4.3,S,84.0,43.60076048,558.0,0.125448955
8890,4.2,N,53.0,38.0,415.0,0.111419141
269,3.9,N,54.0,13.65928908,344.0,0.28933197
493,4.0,N,65.0,157.2753988,267.0,0.01239319
202,4.3,S,77.0,107.7159454,238.0,0.152279585
613,4.0,N,67.0,90.43760006,561.0,0.005049525
8825,4.3,S,70.0,172.0,199.0,0.0655583
328,4.4,N,44.0,72.43674855,444.0,0.096637565
495,4.4,S,54.0,62.60363601,251.0,0.116505586
493,4.0,N,65.0,85.84188718,289.0,0.061713341
511,4.1,N,52.0,120.6742282,393.0,0.006884117
728,4.1,N,55.0,79.03262278,196.0,0.198744924
460,4.1,N,81.0,122.690714,514.0,0.046236906
230,4.2,S,59.0,148.6303015,599.0,0.002686738
374,4.2,S,60.0,73.37682367,459.0,0.051001919
493,4.0,N,65.0,29.7441004,301.0,0.087469356
243,3.9,S,62.0,123.831361,387.0,0.01336156
328,4.4,N,44.0,118.2495589,558.0,0.013876419
493,4.0,N,65.0,31.59257093,382.0,0.113945842
381,4.0,N,38.0,47.50999716,771.0,0.038500663
8796,4.4,S,67.0,120.0,214.0,0.173855047
237,4.1,S,90.0,176.0674871,322.0,0.010707404
152,4.0,S,61.0,121.429459,372.0,0.014638475
8486,4.3,S,87.0,78.0,425.0,0.035005999
314,4.3,N,49.0,103.6573122,214.0,0.052662186
493,4.0,N,65.0,164.999293,238.0,0.01320391
464,3.8,S,87.0,147.967456,280.0,0.043259168
202,4.3,S,77.0,115.6088441,420.0,0.032407252
193,4.2,S,85.0,140.0726008,538.0,0.033474196
333,4.4,S,77.0,53.76957391,660.0,0.017355901
291,4.0,S,63.0,51.236873,238.0,0.045991001
8890,4.2,N,53.0,92.0,328.0,0.09504435
156,3.8,S,25.0,48.31398331,252.0,0.051217986
461,4.0,S,64.0,36.41132981,365.0,0.038210441
291,4.0,S,63.0,105.8390224,561.0,0.008080404
449,4.0,S,70.0,118.3850769,195.0,0.012318629
415,4.3,N,67.0,171.9880515,171.0,0.011491002
8827,4.3,S,71.0,20.0,484.0,0.337369332
609,4.0,N,51.0,40.58455935,300.0,0.025788797
349,4.0,S,47.0,39.6493911,875.0,0.059785149
589,4.2,S,80.0,170.1885423,567.0,0.005338724
463,4.1,S,73.0,125.8026461,362.0,0.020710824
376,4.2,S,55.0,151.0037184,192.0,0.043661348
328,4.4,N,44.0,170.1250389,555.0,0.014901269
589,4.2,S,80.0,84.80731658,329.0,0.014924643
221,3.9,S,65.0,35.17362823,875.0,0.027878726
174,3.7,S,77.0,152.4070306,654.0,0.008060586
8457,4.2,S,69.0,87.0,894.0,0.011874506
144,3.8,S,74.0,67.55915559,721.0,0.034016266
650,4.0,N,55.0,77.2221915,545.0,0.012152822
8820,4.2,S,89.0,46.0,662.0,0.089747439
624,4.2,S,82.0,94.71079031,131.0,0.060922373
374,4.2,S,60.0,114.0896245,328.0,0.110679828
629,4.1,S,59.0,42.8044683,660.0,0.126683062
150,3.7,R,67.0,122.9896132,365.0,0.011756879
575,4.2,S,52.0,151.9475625,555.0,0.012962144
723,4.1,N,54.0,44.47619022,415.0,0.04803274
9228,4.0,S,65.0,156.0,463.0,0.011979053
721,4.0,N,55.0,72.65041695,986.0,0.00985285
742,4.1,N,15.0,22.47901074,344.0,0.156291015
584,4.1,S,88.0,130.8242498,907.0,0.001152318
88,4.4,S,61.0,75.09250025,145.0,0.413321587
616,4.3,S,84.0,84.42138987,196.0,0.102436025
8813,4.3,S,79.0,149.0,450.0,0.027407545
8570,4.1,N,23.0,155.0,450.0,0.016827084
374,4.2,S,60.0,82.78596294,1141.0,0.063343358
328,4.4,N,44.0,71.72814019,483.0,0.040125246
8738,4.1,N,52.0,155.0,599.0,0.003568662
559,4.4,S,88.0,22.62963297,430.0,0.887794972
9248,4.4,S,77.0,84.0,463.0,0.072341705
251,3.7,R,71.0,106.1014552,721.0,0.018486184
280,4.2,R,57.0,128.4422505,401.0,0.026399293
602,4.1,N,25.0,93.21353048,171.0,0.059040999
193,4.2,S,85.0,147.8342367,317.0,0.027441145
460,4.1,N,81.0,42.68275892,223.0,0.146561769
9179,4.4,S,88.0,49.0,186.0,0.428570165
335,4.1,S,70.0,168.1828419,441.0,0.010091478
493,4.0,N,65.0,111.2534671,215.0,0.050838128
597,4.1,S,58.0,191.5589594,229.0,0.0361112
570,4.2,S,75.0,96.35244653,358.0,0.030563855
144,3.8,S,74.0,141.4421016,660.0,0.004709011
656,4.1,S,59.0,22.1902682,376.0,0.509480923
575,4.2,S,52.0,42.68680386,229.0,0.108578314
242,4.2,N,40.0,124.8559542,629.0,0.042959212
394,4.3,S,47.0,75.93372373,986.0,0.038615623
302,4.4,N,51.0,84.1835901,521.0,0.014277577
151,4.0,N,78.0,7.750522592,210.0,0.592347333
382,4.1,S,83.0,142.765346,324.0,0.015320805
629,4.1,S,59.0,29.47335846,481.0,0.484805214
463,4.1,S,73.0,161.5356004,514.0,0.007076238
350,4.0,N,39.0,118.2426193,324.0,0.016152323
294,4.3,S,73.0,61.49213419,827.0,0.089763063
8553,4.2,S,88.0,112.0,272.0,0.031287157
574,4.2,S,60.0,85.78477265,249.0,0.058754885
339,3.8,S,87.0,115.0750723,463.0,0.011704866
664,4.0,S,90.0,79.06650533,463.0,0.021308143
250,4.0,N,43.0,49.84254175,501.0,0.01872312
381,4.0,N,38.0,42.02434758,131.0,0.090202796
465,4.2,R,39.0,137.8107973,303.0,0.004150516
362,4.3,N,55.0,65.99390229,695.0,0.020928402
495,4.4,S,54.0,87.8518266,214.0,0.07420891
650,4.0,N,55.0,126.1852041,377.0,0.021894428
426,3.9,S,73.0,124.532722,532.0,0.011300924
571,4.0,S,62.0,92.50898358,205.0,0.029709374
574,4.2,S,60.0,118.8567602,462.0,0.022742618
634,4.1,N,65.0,126.7940827,236.0,0.019384652
202,4.3,S,77.0,56.96619908,683.0,0.047224926
475,4.1,N,40.0,54.47205217,233.0,0.032661564
9226,4.0,R,20.0,152.0,445.0,0.013347523
180,4.1,S,81.0,47.59008005,131.0,0.060229544
220,4.0,S,81.0,20.53930643,745.0,0.225937567
9097,4.3,R,26.0,87.0,637.0,0.010302126
436,4.1,N,49.0,48.04166823,875.0,0.032670651
701,4.2,N,55.0,80.78041416,145.0,0.052600516
277,4.2,S,67.0,82.11518183,289.0,0.086486175
458,4.3,N,43.0,5.757871156,805.0,1.396164037
588,4.3,S,68.0,145.9611521,372.0,0.016697651
8868,3.8,N,45.0,70.0,630.0,0.010051405
170,3.9,N,30.0,44.95723208,483.0,0.024889117
401,4.3,N,39.0,46.0128371,323.0,0.076702258
345,4.0,S,58.0,37.79212835,458.0,0.0485338
207,4.0,S,56.0,95.85769432,193.0,0.08184046
698,4.0,N,55.0,82.75414758,460.0,0.036827836
513,4.2,S,66.0,180.7821319,894.0,0.005151443
590,4.4,S,67.0,47.38024924,1380.0,0.031890228
168,3.5,R,81.0,79.79149548,324.0,0.00794982
350,4.0,N,39.0,62.52861695,293.0,0.060718638
9247,4.4,N,40.0,78.0,445.0,0.038157948
9097,4.3,R,26.0,137.0,384.0,0.010383281
649,4.3,S,83.0,121.3380846,444.0,0.014205605
534,4.4,N,70.0,20.79114152,183.0,1.814976733
616,4.3,S,84.0,149.1203106,330.0,0.041717712
495,4.4,S,54.0,79.86184025,305.0,0.048438933
8795,3.8,N,70.0,67.0,312.0,0.055590612
395,4.2,N,35.0,167.162297,345.0,0.022535867
708,4.3,N,55.0,68.38326029,196.0,0.054940394
475,4.1,N,40.0,79.14561268,338.0,0.056050133
611,4.2,S,90.0,64.61047892,329.0,0.020764999
8924,3.7,N,60.0,94.0,352.0,0.015751681
650,4.0,N,55.0,122.4280926,448.0,0.023364902
220,4.0,S,81.0,99.30053962,193.0,0.046923897
8872,4.3,S,78.0,82.0,463.0,0.032773521
597,4.1,S,58.0,138.8825157,369.0,0.010031269
735,4.2,S,87.0,88.09972511,745.0,0.177394339
486,4.0,R,66.0,90.90175011,549.0,0.006136433
475,4.1,N,40.0,98.47200433,567.0,0.016338257
276,4.2,N,48.0,46.36595057,875.0,0.038284108
502,4.0,S,86.0,100.3488886,293.0,0.028919751
316,4.1,S,44.0,199.0570344,265.0,0.039071651
387,4.4,N,55.0,103.8682902,1080.0,0.003870437
8803,4.3,R,71.0,83.0,290.0,0.02585064
588,4.3,S,68.0,106.9032407,875.0,0.011126701
534,4.4,N,70.0,40.89384017,215.0,0.15464268
589,4.2,S,80.0,107.5115056,663.0,0.005948042
302,4.4,N,51.0,110.0775819,407.0,0.026845942
284,4.2,R,40.0,70.34782489,875.0,0.013539697
233,4.3,S,54.0,168.9582123,429.0,0.017096211
312,4.3,N,42.0,70.87203859,444.0,0.073273334
95,4.3,S,89.0,117.7192555,193.0,0.089737896
563,4.2,S,74.0,29.85324708,581.0,0.118453717
530,4.0,N,55.0,38.32274333,948.0,0.024848968
280,4.2,R,57.0,164.6469348,914.0,0.012883611
392,4.1,N,37.0,171.0004939,205.0,0.005523977
151,4.0,N,78.0,63.10616062,374.0,0.078362291
292,4.3,S,60.0,69.93673553,836.0,0.024890332
341,4.2,S,75.0,156.604251,745.0,0.024394772
589,4.2,S,80.0,102.1067511,907.0,0.00345996
294,4.3,S,73.0,71.9041932,205.0,0.204518584
493,4.0,N,65.0,167.410447,259.0,0.016278631
474,4.4,N,41.0,92.65292801,145.0,0.201675696
275,4.0,S,90.0,33.87914461,314.0,0.033549024
350,4.0,N,39.0,176.4519,225.0,0.022135547
9223,4.0,S,46.0,56.0,280.0,0.012847349
656,4.1,S,59.0,189.8959603,430.0,0.007853184
210,3.8,N,39.0,20.20005831,366.0,0.116056163
498,4.2,S,72.0,14.8112115,875.0,0.109557474
8820,4.2,S,89.0,77.0,340.0,0.030056952
569,4.1,S,54.0,85.91273437,270.0,0.027474765
493,4.0,N,65.0,25.26417668,196.0,0.238345906
402,4.1,N,38.0,82.66424723,986.0,0.04869447
513,4.2,S,66.0,29.0445592,337.0,0.149572048
621,4.2,S,84.0,67.76704556,481.0,0.020342851
600,4.4,S,74.0,93.64234955,907.0,0.007489766
280,4.2,R,57.0,98.17918906,412.0,0.015555748
8796,4.4,S,67.0,151.0,420.0,0.047189028
534,4.4,N,70.0,60.93509788,303.0,0.056484493
629,4.1,S,59.0,176.0130633,574.0,0.017724498
598,4.3,S,89.0,183.1902825,758.0,0.010525046
495,4.4,S,54.0,133.4729384,514.0,0.025232238
571,4.0,S,62.0,119.6162103,462.0,0.008442255
528,4.3,S,77.0,96.76017257,558.0,0.041404645
261,3.9,N,66.0,53.27765578,314.0,0.020440872
575,4.2,S,52.0,153.3498362,403.0,0.047488161
475,4.1,N,40.0,56.57945435,533.0,0.05199978
382,4.1,S,83.0,30.00269432,328.0,0.185143109
408,4.2,N,59.0,26.63192678,948.0,0.077061879
571,4.0,S,62.0,150.7125829,555.0,0.006807963
561,4.2,S,76.0,62.72306577,372.0,0.020460876
383,4.1,N,19.0,118.8342323,986.0,0.005732049
451,3.9,N,50.0,66.26411388,429.0,0.00968403
242,4.2,N,40.0,95.48527244,238.0,0.070854065
629,4.1,S,59.0,68.97653223,654.0,0.044755691
574,4.2,S,60.0,86.41209334,459.0,0.046176072
624,4.2,S,82.0,185.8563149,229.0,0.025536655
662,4.3,N,27.0,39.50048041,468.0,0.049946434
9231,4.0,R,36.0,135.0,868.0,0.007534341
157,4.0,S,87.0,107.6853797,403.0,0.031540518
493,4.0,N,65.0,42.66311098,249.0,0.114304504
328,4.4,N,44.0,83.39466902,193.0,0.053922954
174,3.7,S,77.0,132.4631687,447.0,0.021891082
274,3.7,S,39.0,86.84367504,470.0,0.019764117
572,4.0,S,62.0,40.58463005,558.0,0.056081141
171,4.1,R,60.0,108.3273971,505.0,0.006567369
609,4.0,N,51.0,40.30910832,558.0,0.037704748
95,4.3,S,89.0,40.07144997,271.0,0.132709202
707,4.2,N,55.0,88.16929978,630.0,0.027526941
9247,4.4,N,40.0,62.0,815.0,0.0613199
207,4.0,S,56.0,18.93086737,1141.0,0.135312867
511,4.1,N,52.0,89.32363009,236.0,0.02316827
648,4.0,S,90.0,21.5690304,1380.0,0.044939934
426,3.9,S,73.0,126.0535907,313.0,0.008488233
191,4.2,S,90.0,155.4487225,317.0,0.015906723
570,4.2,S,75.0,105.1926205,328.0,0.097510302
8738,4.1,N,52.0,45.0,278.0,0.019777645
280,4.2,R,57.0,68.12805498,258.0,0.053734801
498,4.2,S,72.0,10.36498455,145.0,0.598085748
206,4.0,S,90.0,90.47952975,683.0,0.017454211
471,4.1,S,76.0,121.3410747,965.0,0.004710157
736,4.0,N,55.0,72.49579401,196.0,0.030156323
619,4.0,S,79.0,13.51840295,292.0,0.251381232
742,4.1,N,15.0,138.788886,350.0,0.007879358
676,4.2,R,48.0,78.19690602,303.0,0.017556403
460,4.1,N,81.0,167.3426081,171.0,0.020617732
8735,3.8,S,80.0,74.0,452.0,0.008291331
456,4.0,N,33.0,35.29471038,406.0,0.151035447
719,4.2,N,55.0,140.5634324,580.0,0.006697797
581,4.3,S,57.0,113.6239058,875.0,0.011051693
384,3.9,S,74.0,75.37584062,205.0,0.01860489
229,4.0,N,41.0,112.5463746,314.0,0.047615813
9229,4.0,N,63.0,16.0,735.0,0.082519545
573,4.1,S,66.0,93.59690222,131.0,0.019653698
720,4.1,N,55.0,151.6375142,558.0,0.00463075
203,3.9,N,87.0,92.61650517,366.0,0.064998748
243,3.9,S,62.0,107.9679203,683.0,0.00708108
8786,4.3,R,42.0,53.0,417.0,0.063672753
143,3.9,S,44.0,183.6224937,1380.0,0.005609912
233,4.3,S,54.0,74.80064369,205.0,0.05762592
559,4.4,S,88.0,84.12713947,229.0,0.077880497
487,4.3,S,81.0,191.0839134,345.0,0.011695814
460,4.1,N,81.0,107.271981,293.0,0.148567334
719,4.2,N,55.0,133.2367453,193.0,0.033948797
616,4.3,S,84.0,95.96572278,259.0,0.128366999
8658,4.0,N,35.0,149.0,1010.0,0.002474596
166,3.5,S,81.0,132.7020393,545.0,0.003514491
9179,4.4,S,88.0,59.0,715.0,0.04668907
574,4.2,S,60.0,36.08329068,238.0,0.045790929
8933,4.2,S,82.0,64.0,330.0,0.049894328
446,3.9,S,57.0,72.36207751,735.0,0.009085498
147,3.9,S,41.0,48.41036617,836.0,0.012688143
621,4.2,S,84.0,186.8497769,450.0,0.010238285
559,4.4,S,88.0,125.0768556,836.0,0.021574265
552,4.1,S,79.0,88.01918421,229.0,0.065008625
575,4.2,S,52.0,152.6755501,532.0,0.010279632
147,3.9,S,41.0,58.69168944,827.0,0.012881663
197,4.1,N,63.0,37.09659531,315.0,0.108748056
288,3.8,N,52.0,16.71250948,805.0,0.039255789
396,4.2,N,55.0,50.3486174,323.0,0.021266808
8574,4.2,S,88.0,107.0,363.0,0.013864268
706,4.1,N,55.0,99.44022519,207.0,0.010125984
609,4.0,N,51.0,89.38114021,270.0,0.018740831
188,4.3,S,77.0,193.6763612,293.0,0.01246249
8868,3.8,N,45.0,71.0,1010.0,0.008770622
335,4.1,S,70.0,92.43832574,214.0,0.013869389
221,3.9,S,65.0,111.866576,948.0,0.005879167
168,3.5,R,81.0,111.4624486,304.0,0.021222924
475,4.1,N,40.0,129.1294616,612.0,0.010032429
316,4.1,S,44.0,138.4559401,683.0,0.032318755
443,4.1,N,45.0,77.78217434,599.0,0.007084361
382,4.1,S,83.0,74.65232383,468.0,0.023450638
381,4.0,N,38.0,41.16615422,695.0,0.041598953
88,4.4,S,61.0,78.5715103,131.0,0.236923502
407,3.9,S,79.0,59.65875932,286.0,0.088440384
396,4.2,N,55.0,50.00933667,219.0,0.03425915
8893,4.3,S,84.0,28.0,280.0,0.22399795
495,4.4,S,54.0,192.1746825,407.0,0.008081626
9233,4.4,R,50.0,139.0,1072.0,0.010086325
8897,3.8,S,70.0,142.0,462.0,0.012547771
242,4.2,N,40.0,57.52846642,321.0,0.062552941
251,3.7,R,71.0,122.102783,907.0,0.005425637
271,4.3,S,79.0,115.1929278,317.0,0.018477033
258,4.2,N,33.0,50.94950374,466.0,0.091501029
478,4.3,N,39.0,108.5329832,369.0,0.02601969
502,4.0,S,86.0,121.3848262,387.0,0.027275635
276,4.2,N,48.0,24.14741333,205.0,0.217919103
451,3.9,N,50.0,31.08769579,403.0,0.047559288
53,4.1,S,87.0,108.6953988,366.0,0.10472135
559,4.4,S,88.0,141.6573759,277.0,0.025646097
449,4.0,S,70.0,188.3780707,528.0,0.008774422
328,4.4,N,44.0,131.905173,430.0,0.012429564
560,4.1,S,80.0,19.58499914,300.0,0.268136387
152,4.0,S,61.0,23.39531075,362.0,0.295137884
534,4.4,N,70.0,34.49414236,280.0,0.382710563
8824,4.2,S,73.0,90.0,340.0,0.03104916
535,4.1,N,63.0,174.9390222,248.0,0.033153588
574,4.2,S,60.0,122.8333494,207.0,0.020236875
572,4.0,S,62.0,89.31991272,561.0,0.005911461
476,4.3,S,76.0,45.04589939,347.0,0.059032594
155,4.0,N,62.0,107.4661253,238.0,0.018357023
328,4.4,N,44.0,24.13813433,366.0,0.330679421
9247,4.4,N,40.0,58.0,863.0,0.026012345
701,4.2,N,55.0,88.93983353,630.0,0.017398394
462,4.2,S,65.0,81.96129031,271.0,0.021589703
394,4.3,S,47.0,127.0611465,567.0,0.016457008
597,4.1,S,58.0,109.8785973,460.0,0.021012493
95,4.3,S,89.0,45.33833066,298.0,0.453597963
573,4.1,S,66.0,104.5310734,328.0,0.014504618
519,4.1,S,85.0,62.31815973,875.0,0.038773679
554,4.0,S,62.0,112.0007827,280.0,0.020268944
574,4.2,S,60.0,97.29797665,259.0,0.066476606
328,4.4,N,44.0,171.1137872,330.0,0.016926583
57,4.3,R,85.0,65.72490759,488.0,0.056586547
407,3.9,S,79.0,150.9718335,639.0,0.009510517
315,4.2,S,38.0,79.92489304,403.0,0.050087198
220,4.0,S,81.0,24.2719363,313.0,0.14946844
415,4.3,N,67.0,78.44817967,580.0,0.034219447
8827,4.3,S,71.0,72.0,469.0,0.014862323
597,4.1,S,58.0,40.38657497,558.0,0.072273616
387,4.4,N,55.0,94.29348551,307.0,0.005721692
602,4.1,N,25.0,88.56854453,836.0,0.0194863
8735,3.8,S,80.0,58.0,375.0,0.056465775
251,3.7,R,71.0,33.59539526,660.0,0.079997222
554,4.0,S,62.0,107.1849577,428.0,0.007193339
535,4.1,N,63.0,85.18438091,425.0,0.010488859
459,4.0,N,73.0,63.60209362,630.0,0.021807095
535,4.1,N,63.0,123.8730142,469.0,0.005693311
143,3.9,S,44.0,128.3850327,660.0,0.01419912
523,4.3,N,74.0,41.55604136,367.0,0.041523563
297,3.8,N,74.0,75.46217106,320.0,0.009084175
284,4.2,R,40.0,12.603633,735.0,0.129437564
150,3.7,R,67.0,73.75112695,530.0,0.017172122
359,3.8,N,49.0,62.16308273,875.0,0.017443617
166,3.5,S,81.0,135.8068912,574.0,0.002404341
166,3.5,S,81.0,13.7567189,391.0,0.146973538
736,4.0,N,55.0,81.20278621,328.0,0.061230318
460,4.1,N,81.0,147.9972779,441.0,0.023464401
702,4.1,S,90.0,57.64540547,532.0,0.024024219
422,4.0,S,55.0,165.4148353,310.0,0.064271453
392,4.1,N,37.0,31.81004294,948.0,0.155769738
91,4.1,S,62.0,50.2047456,827.0,0.025862086
401,4.3,N,39.0,75.73843398,894.0,0.015864192
549,4.4,S,86.0,107.5338193,421.0,0.011177638
248,3.9,S,37.0,122.2694709,271.0,0.007917154
378,4.2,N,39.0,159.1671987,629.0,0.011522342
619,4.0,S,79.0,121.5741219,397.0,0.004925234
641,4.3,S,80.0,72.73241754,195.0,0.05021428
9231,4.0,R,36.0,126.0,272.0,0.030247956
316,4.1,S,44.0,139.0924577,459.0,0.009364597
662,4.3,N,27.0,16.70545815,460.0,0.156010242
8757,3.9,S,90.0,80.0,358.0,0.02394856
423,4.2,N,35.0,42.60905784,278.0,0.105172281
8457,4.2,S,69.0,61.0,1141.0,0.053622724
705,4.0,N,55.0,72.25766097,836.0,0.017661191
483,4.3,S,60.0,118.2513604,375.0,0.011736918
422,4.0,S,55.0,54.1111934,440.0,0.088234962
613,4.0,N,67.0,78.44459973,193.0,0.032860708
475,4.1,N,40.0,94.96072206,714.0,0.046408967
611,4.2,S,90.0,50.34080765,555.0,0.062398414
573,4.1,S,66.0,130.6422131,1141.0,0.005773908
364,4.2,N,53.0,67.6048483,171.0,0.022993316
8757,3.9,S,90.0,80.0,382.0,0.021913609
650,4.0,N,55.0,129.0385254,447.0,0.014425383
280,4.2,R,57.0,41.52361023,323.0,0.105123191
701,4.2,N,55.0,46.39986604,532.0,0.05033875
8917,4.4,S,88.0,94.0,352.0,0.036730688
348,3.6,S,90.0,173.6152299,709.0,0.002660292
259,4.2,S,89.0,62.64832122,387.0,0.04390511
728,4.1,N,55.0,87.42045844,205.0,0.069931744
141,4.0,S,48.0,50.20769294,430.0,0.019902311
187,4.3,N,59.0,98.05345071,366.0,0.062113235
728,4.1,N,55.0,96.56425022,207.0,0.024771347
8920,4.1,R,52.0,84.0,338.0,0.034084487
8813,4.3,S,79.0,125.0,543.0,0.029617881
697,4.0,N,55.0,50.02334721,414.0,0.022046977
619,4.0,S,79.0,42.61420762,430.0,0.088484668
614,4.4,N,63.0,168.623959,488.0,0.019531494
9182,4.4,S,78.0,74.0,986.0,0.016031396
460,4.1,N,81.0,150.8911836,207.0,0.028140836
519,4.1,S,85.0,49.5586028,860.0,0.127560816
306,4.0,N,36.0,120.9556331,271.0,0.016767039
395,4.2,N,35.0,148.8124659,271.0,0.018369629
723,4.1,N,54.0,99.26787071,580.0,0.011335251
281,3.6,S,86.0,110.6331797,343.0,0.01202316
401,4.3,N,39.0,97.11404065,307.0,0.018203983
629,4.1,S,59.0,186.5935856,390.0,0.009754824
570,4.2,S,75.0,173.7722873,483.0,0.024732378
90,4.4,S,87.0,51.21473227,131.0,0.13253586
359,3.8,N,49.0,112.1531192,444.0,0.010118403
8897,3.8,S,70.0,103.0,448.0,0.043486014
734,4.0,S,80.0,96.47768224,219.0,0.031026396
294,4.3,S,73.0,159.2951618,390.0,0.031171506
621,4.2,S,84.0,144.4363741,469.0,0.007756247
415,4.3,N,67.0,28.76179583,219.0,0.186623562
150,3.7,R,67.0,56.59417044,510.0,0.031925643
349,4.0,S,47.0,57.39964779,328.0,0.034610397
8475,4.1,S,86.0,39.0,463.0,0.209883128
398,4.4,N,35.0,74.71266546,234.0,0.061228376
513,4.2,S,66.0,94.59147985,234.0,0.067251635
193,4.2,S,85.0,137.436525,409.0,0.381923828
296,4.3,S,78.0,121.584087,404.0,0.041725992
448,4.0,S,53.0,115.0386709,663.0,0.004276769
8813,4.3,S,79.0,180.0,715.0,0.008024854
523,4.3,N,74.0,63.25641469,206.0,0.023317628
624,4.2,S,82.0,101.5613782,358.0,0.012386656
244,3.9,S,29.0,137.9248456,450.0,0.007501594
414,4.1,S,66.0,68.53136904,466.0,0.013608975
202,4.3,S,77.0,174.161558,901.0,0.027632054
8757,3.9,S,90.0,80.0,460.0,0.022008765
383,4.1,N,19.0,55.36866011,205.0,0.107796314
441,4.0,N,18.0,26.58224489,321.0,0.170884922
237,4.1,S,90.0,167.1799875,629.0,0.016729808
220,4.0,S,81.0,37.759652,306.0,0.114864305
305,4.0,N,38.0,70.23608393,444.0,0.027753719
241,3.9,N,69.0,161.4067579,654.0,0.002311839
673,4.2,S,76.0,95.84682074,375.0,0.058576267
241,3.9,N,69.0,98.03816919,758.0,0.016077504
384,3.9,S,74.0,107.6335112,462.0,0.008048194
566,4.1,S,66.0,40.84884107,205.0,0.106656293
559,4.4,S,88.0,165.3451316,312.0,0.01562327
407,3.9,S,79.0,47.97931006,223.0,0.034660262
369,4.2,S,69.0,83.86628712,875.0,0.011255398
185,4.3,S,90.0,146.5127262,322.0,0.007689361
453,4.4,S,69.0,150.9688295,181.0,0.122684933
8813,4.3,S,79.0,92.0,1072.0,0.023594277
202,4.3,S,77.0,108.7498599,366.0,0.196643725
362,4.3,N,55.0,72.25418372,745.0,0.035124657
585,4.0,S,83.0,66.32072875,481.0,0.015690897
248,3.9,S,37.0,40.95087812,532.0,0.052025986
262,4.0,N,58.0,140.1556205,226.0,0.013509921
470,4.0,S,69.0,115.7373412,341.0,0.014040757
516,4.1,N,28.0,119.7285466,462.0,0.004723507
586,4.3,S,83.0,91.54299532,907.0,0.009812997
8796,4.4,S,67.0,160.0,875.0,0.021184825
464,3.8,S,87.0,94.15378177,654.0,0.007874579
624,4.2,S,82.0,131.7860203,1141.0,0.011517592
515,4.1,N,82.0,39.18641576,367.0,0.029791637
133,4.4,R,67.0,28.58763087,671.0,0.067700324
157,4.0,S,87.0,39.05623538,330.0,0.042466419
554,4.0,S,62.0,113.1492288,561.0,0.014333984
570,4.2,S,75.0,154.1319663,532.0,0.02577212
362,4.3,N,55.0,79.32623068,336.0,0.078974921
656,4.1,S,59.0,109.7384693,815.0,0.009628335
378,4.2,N,39.0,86.28974511,415.0,0.057387156
569,4.1,S,54.0,43.97536281,229.0,0.048046414
460,4.1,N,81.0,126.856291,265.0,0.042378891
203,3.9,N,87.0,72.75555437,403.0,0.020319457
220,4.0,S,81.0,92.28770505,630.0,0.011352255
374,4.2,S,60.0,101.2264153,229.0,0.062174243
503,4.0,N,50.0,41.89621507,215.0,0.052555075
736,4.0,N,55.0,52.70774176,369.0,0.044774861
364,4.2,N,53.0,117.2015948,390.0,0.010870641
613,4.0,N,67.0,85.18141838,444.0,0.012104686
569,4.1,S,54.0,99.42047299,259.0,0.036366516
495,4.4,S,54.0,81.52511616,770.0,0.021277071
262,4.0,N,58.0,79.7507512,480.0,0.016830715
559,4.4,S,88.0,166.2437694,1141.0,0.008912622
288,3.8,N,52.0,127.0396298,314.0,0.007413786
8785,4.3,S,69.0,60.0,460.0,0.07152791
629,4.1,S,59.0,146.986977,671.0,0.024693688
9240,4.4,S,74.0,149.0,444.0,0.00503897
701,4.2,N,55.0,86.06726868,836.0,0.024510406
498,4.2,S,72.0,45.30216033,1141.0,0.036311452
534,4.4,N,70.0,68.85563871,305.0,0.073360849
672,4.0,S,90.0,108.6841351,543.0,0.009575572
518,4.3,N,74.0,49.45172711,567.0,0.058139469
505,4.2,R,90.0,141.9966396,304.0,0.013932161
8484,4.2,N,69.0,65.0,248.0,0.064050037
237,4.1,S,90.0,96.15133528,430.0,0.028165732
446,3.9,S,57.0,56.67058754,860.0,0.043039506
575,4.2,S,52.0,196.3092835,570.0,0.008390071
364,4.2,N,53.0,141.2402448,304.0,0.026472705
463,4.1,S,73.0,122.7626372,417.0,0.007277643
602,4.1,N,25.0,35.68388525,430.0,0.119507798
449,4.0,S,70.0,128.4325241,519.0,0.006834811
512,4.1,N,52.0,76.73327623,294.0,0.010573677
280,4.2,R,57.0,123.9583927,265.0,0.019257616
333,4.4,S,77.0,188.1805488,875.0,0.002439055
496,4.1,N,88.0,101.564793,579.0,0.010513871
460,4.1,N,81.0,170.1362421,270.0,0.040621919
662,4.3,N,27.0,48.76950561,827.0,0.025134603
704,4.0,N,55.0,62.31647017,131.0,0.020912653
171,4.1,R,60.0,84.718512,309.0,0.019837775
534,4.4,N,70.0,36.70124148,398.0,0.172400942
335,4.1,S,70.0,44.10652455,304.0,0.021148282
168,3.5,R,81.0,29.87054292,238.0,0.040411784
450,3.9,S,81.0,61.69498211,435.0,0.029391136
306,4.0,N,36.0,76.30764639,696.0,0.015651174
191,4.2,S,90.0,45.37868731,192.0,0.063700952
250,4.0,N,43.0,113.5599906,305.0,0.045951853
363,4.1,N,45.0,103.0741914,271.0,0.033692013
242,4.2,N,40.0,36.74343429,293.0,0.123390172
650,4.0,N,55.0,80.86730027,317.0,0.027798785
422,4.0,S,55.0,167.041819,374.0,0.020204747
224,4.3,R,50.0,138.7746241,373.0,0.02733919
133,4.4,R,67.0,32.88517538,346.0,0.085242811
430,4.2,N,43.0,169.5207996,131.0,0.039256419
453,4.4,S,69.0,147.2631854,215.0,0.061277536
294,4.3,S,73.0,108.9190892,747.0,0.044703549
708,4.3,N,55.0,89.05705113,328.0,0.024195792
229,4.0,N,41.0,96.12377182,293.0,0.08750021
277,4.2,S,67.0,89.33371666,595.0,0.042953422
9223,4.0,S,46.0,77.0,430.0,0.006432987
548,4.1,S,86.0,12.43827713,348.0,0.529546253
613,4.0,N,67.0,137.4441167,343.0,0.011542154
242,4.2,N,40.0,50.04427546,394.0,0.040123469
374,4.2,S,60.0,61.37397769,532.0,0.073484682
271,4.3,S,79.0,52.07217302,271.0,0.027608203
621,4.2,S,84.0,84.95779807,735.0,0.02381326
378,4.2,N,39.0,69.03974305,313.0,0.035967711
281,3.6,S,86.0,49.49113034,345.0,0.025956536
8820,4.2,S,89.0,120.0,375.0,0.036143529
650,4.0,N,55.0,86.42348114,494.0,0.006961158
318,4.1,N,23.0,157.1720591,827.0,0.002706301
721,4.0,N,55.0,101.7597925,328.0,0.010153188
305,4.0,N,38.0,74.62016668,403.0,0.044115939
8795,3.8,N,70.0,140.0,238.0,0.011645421
487,4.3,S,81.0,106.0839807,732.0,0.0045829
425,4.0,S,83.0,80.54316335,271.0,0.024221076
409,3.9,N,58.0,72.51146065,234.0,0.031791656
453,4.4,S,69.0,49.86689151,407.0,0.150221984
559,4.4,S,88.0,129.0915899,171.0,0.041794284
316,4.1,S,44.0,171.0595896,330.0,0.022085428
8456,4.4,S,86.0,95.0,691.0,0.00871959
423,4.2,N,35.0,49.06382041,323.0,0.052042637
436,4.1,N,49.0,73.27731656,415.0,0.040364539
448,4.0,S,53.0,114.962781,309.0,0.021976461
535,4.1,N,63.0,113.5424025,367.0,0.011285101
362,4.3,N,55.0,171.8199973,304.0,0.018821886
706,4.1,N,55.0,72.43447244,145.0,0.041932754
191,4.2,S,90.0,142.5369368,514.0,0.031816272
241,3.9,N,69.0,60.83265937,714.0,0.020260481
9229,4.0,N,63.0,55.0,875.0,0.01935311
566,4.1,S,66.0,27.61097293,229.0,0.122525964
554,4.0,S,62.0,116.8978801,440.0,0.009954856
248,3.9,S,37.0,67.1258064,1141.0,0.021286221
572,4.0,S,62.0,140.9479572,369.0,0.0113472
530,4.0,N,55.0,87.87813848,580.0,0.021676321
362,4.3,N,55.0,107.4552082,301.0,0.022986421
596,4.3,S,67.0,27.48650135,1380.0,0.128502295
113,4.1,S,60.0,21.74827897,248.0,0.309523819
8813,4.3,S,79.0,127.0,567.0,0.014996226
505,4.2,R,90.0,159.798005,709.0,0.011736625
8553,4.2,S,88.0,62.0,574.0,0.013467206
505,4.2,R,90.0,96.90066181,683.0,0.067197594
139,3.7,S,68.0,112.1695172,391.0,0.018891916
573,4.1,S,66.0,42.89323451,300.0,0.042431192
656,4.1,S,59.0,119.7905273,543.0,0.031336147
202,4.3,S,77.0,150.6509357,300.0,0.054898248
650,4.0,N,55.0,58.44641003,374.0,0.017169663
202,4.3,S,77.0,153.8656598,251.0,0.051676543
444,3.8,S,86.0,47.60293332,313.0,0.020814029
369,4.2,S,69.0,51.8629473,361.0,0.014768146
481,4.1,S,72.0,65.27189349,519.0,0.020984979
197,4.1,N,63.0,142.1591441,330.0,0.027423841
291,4.0,S,63.0,45.68620028,340.0,0.014165172
95,4.3,S,89.0,52.2798989,145.0,0.166361272
378,4.2,N,39.0,145.6930617,192.0,0.030126061
335,4.1,S,70.0,49.7450886,321.0,0.063615737
189,4.0,S,90.0,38.79642558,315.0,0.037215505
390,4.2,N,55.0,91.88216283,307.0,0.01310425
9228,4.0,S,65.0,79.0,376.0,0.088085736
474,4.4,N,41.0,98.28978758,875.0,0.037583127
609,4.0,N,51.0,87.88898341,875.0,0.010831147
735,4.2,S,87.0,86.4694086,630.0,0.029543414
488,4.1,S,84.0,59.06766368,313.0,0.009100661
511,4.1,N,52.0,44.27316707,805.0,0.102672073
249,3.9,N,48.0,91.55065532,229.0,0.024253683
704,4.0,N,55.0,53.66388616,745.0,0.024170652
589,4.2,S,80.0,121.7604003,376.0,0.021686515
408,4.2,N,59.0,59.6549276,393.0,0.041530058
158,3.8,S,68.0,156.3354096,195.0,0.007821037
230,4.2,S,59.0,187.500815,206.0,0.009127718
242,4.2,N,40.0,138.7460027,267.0,0.027428556
336,3.7,S,86.0,52.1569935,652.0,0.031494405
566,4.1,S,66.0,43.23186555,459.0,0.056782496
220,4.0,S,81.0,78.63525729,286.0,0.03131962
441,4.0,N,18.0,98.96971038,460.0,0.019436708
719,4.2,N,55.0,66.56624822,415.0,0.031337999
133,4.4,R,67.0,13.40787162,484.0,0.286324691
340,4.1,S,79.0,62.2777287,480.0,0.029738377
573,4.1,S,66.0,44.98846,229.0,0.051971722
705,4.0,N,55.0,73.09306817,459.0,0.041671778
414,4.1,S,66.0,165.3538535,313.0,0.008060019
460,4.1,N,81.0,154.0632313,205.0,0.116130625
624,4.2,S,82.0,104.2759442,328.0,0.051805771
614,4.4,N,63.0,88.43815328,270.0,0.072200508
535,4.1,N,63.0,33.76763555,416.0,0.130319763
9231,4.0,R,36.0,118.0,374.0,0.016964181
698,4.0,N,55.0,21.62858973,369.0,0.139614026
288,3.8,N,52.0,85.49275706,1080.0,0.005084781
261,3.9,N,66.0,48.87889986,358.0,0.015334429
359,3.8,N,49.0,71.9024916,171.0,0.018500348
339,3.8,S,87.0,144.6216804,450.0,0.034268564
549,4.4,S,86.0,165.2903205,183.0,0.017752185
499,4.2,N,26.0,84.20904103,344.0,0.027833522
374,4.2,S,60.0,78.33574949,836.0,0.028437618
88,4.4,S,61.0,80.82448267,836.0,0.067300216
534,4.4,N,70.0,106.5443149,338.0,0.023294754
155,4.0,N,62.0,82.03654377,412.0,0.072150643
290,4.0,S,47.0,99.91865261,561.0,0.005681658
422,4.0,S,55.0,59.33469794,758.0,0.056786846
720,4.1,N,55.0,80.06992932,307.0,0.032708384
229,4.0,N,41.0,192.9453192,328.0,0.011919154
239,4.2,S,76.0,129.7841171,519.0,0.026641514
475,4.1,N,40.0,75.54293829,460.0,0.022816969
294,4.3,S,73.0,55.64166519,468.0,0.121008556
720,4.1,N,55.0,45.02865723,532.0,0.039120901
146,3.8,S,61.0,78.88859374,735.0,0.011827508
328,4.4,N,44.0,139.3679623,532.0,0.017382469
291,4.0,S,63.0,74.88653753,205.0,0.018226492
8744,4.0,S,63.0,57.0,313.0,0.031230175
408,4.2,N,59.0,33.02706222,219.0,0.259663569
495,4.4,S,54.0,80.88122803,587.0,0.09070637
180,4.1,S,81.0,40.93638112,771.0,0.030911381
411,4.0,S,51.0,74.48789889,366.0,0.035607166
296,4.3,S,78.0,56.09421137,885.0,0.049451995
719,4.2,N,55.0,79.20662019,145.0,0.03999722
624,4.2,S,82.0,70.5185321,336.0,0.103059023
461,4.0,S,64.0,32.89310592,338.0,0.073070747
375,3.9,S,71.0,131.1868326,430.0,0.015199932
699,4.1,N,55.0,71.88312435,836.0,0.049538885
8757,3.9,S,90.0,45.0,459.0,0.022883562
575,4.2,S,52.0,83.71963559,875.0,0.02167964
301,4.0,N,37.0,84.10507821,462.0,0.028795476
179,4.2,R,52.0,81.018469,445.0,0.047451705
395,4.2,N,35.0,113.6027068,369.0,0.02708512
611,4.2,S,90.0,112.9172684,875.0,0.013889101
415,4.3,N,67.0,170.8325249,875.0,0.005222008
493,4.0,N,65.0,96.08866374,330.0,0.059090848
486,4.0,R,66.0,63.97707683,599.0,0.028352002
8796,4.4,S,67.0,153.0,283.0,0.05186224
570,4.2,S,75.0,151.5789452,391.0,0.026751377
514,4.3,S,80.0,19.1846564,579.0,0.108470319
662,4.3,N,27.0,108.3547155,894.0,0.012956896
277,4.2,S,67.0,35.7139172,252.0,0.21168472
141,4.0,S,48.0,158.4109575,481.0,0.023258683
9097,4.3,R,26.0,120.0,501.0,0.016529521
704,4.0,N,55.0,56.59740875,695.0,0.006909736
495,4.4,S,54.0,91.14694577,190.0,0.105867212
180,4.1,S,81.0,30.58795439,328.0,0.075109089
8757,3.9,S,90.0,86.0,300.0,0.0607553
241,3.9,N,69.0,140.9540128,863.0,0.007821238
648,4.0,S,90.0,38.35962483,407.0,0.049359761
197,4.1,N,63.0,36.66630777,429.0,0.068473481
317,4.0,N,28.0,144.5838574,460.0,0.01282215
248,3.9,S,37.0,79.16973475,695.0,0.017508255
402,4.1,N,38.0,49.62513681,630.0,0.067914529
8825,4.3,S,70.0,84.0,483.0,0.190823116
569,4.1,S,54.0,98.71528535,771.0,0.01003174
371,3.9,N,60.0,81.1742792,745.0,0.018283608
571,4.0,S,62.0,99.19873372,771.0,0.010947643
394,4.3,S,47.0,166.0436398,695.0,0.011360885
614,4.4,N,63.0,67.55761292,336.0,0.233726229
586,4.3,S,83.0,183.9116785,709.0,0.007118438
168,3.5,R,81.0,23.88100508,460.0,0.139850473
174,3.7,S,77.0,33.475771,350.0,0.058717932
8920,4.1,R,52.0,103.0,352.0,0.068335506
510,4.2,S,66.0,49.06941302,356.0,0.045052269
574,4.2,S,60.0,81.53830809,875.0,0.048661971
699,4.1,N,55.0,68.6199189,827.0,0.044285262
427,4.1,S,75.0,56.65449844,894.0,0.024668122
373,3.9,N,39.0,82.01801871,270.0,0.009144016
294,4.3,S,73.0,45.52122419,328.0,0.573709317
262,4.0,N,58.0,169.7853055,561.0,0.005900232
180,4.1,S,81.0,49.07250247,145.0,0.085425836
261,3.9,N,66.0,43.94826752,196.0,0.031552496
614,4.4,N,63.0,185.6077613,229.0,0.057313837
584,4.1,S,88.0,119.3132469,543.0,0.007057279
464,3.8,S,87.0,140.3831353,907.0,0.006291885
8813,4.3,S,79.0,164.0,248.0,0.062270649
8825,4.3,S,70.0,68.0,460.0,0.080720575
619,4.0,S,79.0,62.43798626,340.0,0.021714223
547,4.4,S,82.0,130.5334563,450.0,0.008431835
590,4.4,S,67.0,164.2623351,567.0,0.003323627
8825,4.3,S,70.0,68.0,662.0,0.189659542
202,4.3,S,77.0,36.9991064,375.0,0.181190947
514,4.3,S,80.0,136.0475591,731.0,0.02953269
284,4.2,R,40.0,74.04533656,528.0,0.008489725
271,4.3,S,79.0,112.3223953,545.0,0.008853894
8897,3.8,S,70.0,143.0,312.0,0.017654284
561,4.2,S,76.0,143.8216964,309.0,0.007817465
586,4.3,S,83.0,34.1075955,1380.0,0.024430895
624,4.2,S,82.0,98.6458979,286.0,0.076293537
493,4.0,N,65.0,100.6771076,293.0,0.057335991
143,3.9,S,44.0,97.48317835,246.0,0.027352499
704,4.0,N,55.0,100.7646674,323.0,0.010948232
8795,3.8,N,70.0,109.0,277.0,0.057474883
9179,4.4,S,88.0,60.0,545.0,0.056480762
395,4.2,N,35.0,73.27340301,234.0,0.235771866
619,4.0,S,79.0,124.9565363,207.0,0.015085816
166,3.5,S,81.0,45.70717739,654.0,0.012357362
570,4.2,S,75.0,90.47327304,459.0,0.057580735
221,3.9,S,65.0,30.35186506,249.0,0.090497722
503,4.0,N,50.0,40.48929283,424.0,0.051427298
525,4.0,S,84.0,19.00893216,579.0,0.062405472
8785,4.3,S,69.0,123.0,271.0,0.029233178
248,3.9,S,37.0,82.2291132,827.0,0.018324793
8934,3.8,N,65.0,60.0,271.0,0.029117272
9179,4.4,S,88.0,81.0,347.0,0.028864378
256,4.2,S,85.0,133.8415428,538.0,0.028640182
624,4.2,S,82.0,147.2233149,403.0,0.01374225
535,4.1,N,63.0,82.30416179,521.0,0.010735966
515,4.1,N,82.0,132.2180872,219.0,0.04894537
478,4.3,N,39.0,17.67923034,219.0,0.549558999
271,4.3,S,79.0,92.83869628,404.0,0.033947295
191,4.2,S,90.0,37.56856532,315.0,0.048438876
475,4.1,N,40.0,51.40351834,523.0,0.162920483
575,4.2,S,52.0,65.1020478,273.0,0.045437497
510,4.2,S,66.0,39.24208291,344.0,0.042115718
8755,4.2,S,79.0,157.0,390.0,0.021075475
453,4.4,S,69.0,142.8177486,770.0,0.020448937
609,4.0,N,51.0,34.97567158,430.0,0.077168871
8796,4.4,S,67.0,147.0,196.0,0.070652647
503,4.0,N,50.0,81.70122366,618.0,0.01620849
734,4.0,S,80.0,101.248237,732.0,0.005637092
573,4.1,S,66.0,150.1777461,593.0,0.008146677
484,4.0,S,78.0,29.04419696,193.0,0.063249076
8893,4.3,S,84.0,97.0,426.0,0.048192475
8457,4.2,S,69.0,97.0,207.0,0.044145085
602,4.1,N,25.0,170.5179806,488.0,0.008495037
157,4.0,S,87.0,160.4882588,348.0,0.014321039
738,4.0,S,76.0,125.1769056,366.0,0.02090048
277,4.2,S,67.0,39.50984148,277.0,0.213658649
318,4.1,N,23.0,150.4912437,460.0,0.007704717
721,4.0,N,55.0,149.2515508,278.0,0.001767652
395,4.2,N,35.0,136.1319307,301.0,0.059509223
280,4.2,R,57.0,53.78978865,396.0,0.025783994
393,4.1,N,37.0,19.34607681,732.0,0.039109973
357,3.9,S,58.0,61.74796287,567.0,0.021844833
350,4.0,N,39.0,148.4275878,875.0,0.012581038
334,3.7,S,86.0,119.945832,450.0,0.011461715
699,4.1,N,55.0,59.12142139,630.0,0.035954196
294,4.3,S,73.0,98.57167885,371.0,0.068754583
453,4.4,S,69.0,88.97063485,272.0,0.05535453
629,4.1,S,59.0,163.94901,484.0,0.015592966
475,4.1,N,40.0,30.10964094,374.0,0.221695068
415,4.3,N,67.0,172.744349,145.0,0.024443794
460,4.1,N,81.0,53.91208759,286.0,0.188405803
272,3.8,N,53.0,83.71282791,501.0,0.011470184
383,4.1,N,19.0,68.82439518,460.0,0.027557307
549,4.4,S,86.0,93.39451204,265.0,0.030208889
398,4.4,N,35.0,89.3268048,1080.0,0.0084418
8813,4.3,S,79.0,138.0,320.0,0.014502519
277,4.2,S,67.0,10.1533262,377.0,1.945521295
414,4.1,S,66.0,36.72411561,323.0,0.074629295
8803,4.3,R,71.0,150.0,402.0,0.01819792
158,3.8,S,68.0,30.13785566,295.0,0.075635862
426,3.9,S,73.0,38.38887159,403.0,0.061817706
721,4.0,N,55.0,70.46441284,313.0,0.02560523
662,4.3,N,27.0,134.8396897,986.0,0.00979501
459,4.0,N,73.0,94.33672873,1080.0,0.015513626
9179,4.4,S,88.0,135.0,618.0,0.030921009
619,4.0,S,79.0,91.94986631,271.0,0.026087542
415,4.3,N,67.0,81.06066782,1080.0,0.014121955
471,4.1,S,76.0,88.98914558,555.0,0.013894109
8658,4.0,N,35.0,130.0,234.0,0.024213417
316,4.1,S,44.0,134.1697108,315.0,0.072403719
711,4.0,N,55.0,67.99288442,532.0,0.017888775
515,4.1,N,82.0,101.7331423,1323.0,0.020329668
268,4.1,S,88.0,58.21857724,340.0,0.048949596
342,4.0,S,86.0,62.34262472,305.0,0.090472793
600,4.4,S,74.0,198.9558605,521.0,0.004946157
662,4.3,N,27.0,37.7372037,459.0,0.11290884
390,4.2,N,55.0,11.12442481,747.0,0.10513036
156,3.8,S,25.0,22.77538177,448.0,0.091884808
280,4.2,R,57.0,45.1527469,420.0,0.049212953
394,4.3,S,47.0,23.281415,732.0,0.047253974
559,4.4,S,88.0,96.67602308,193.0,0.281903327
493,4.0,N,65.0,147.9729582,304.0,0.015714615
150,3.7,R,67.0,44.16198312,362.0,0.234241505
202,4.3,S,77.0,144.5982632,366.0,0.044676675
656,4.1,S,59.0,168.1957965,382.0,0.020678713
596,4.3,S,67.0,192.881381,284.0,0.002040291
146,3.8,S,61.0,118.657435,860.0,0.006998775
650,4.0,N,55.0,83.78759666,233.0,0.034825716
8917,4.4,S,88.0,80.0,282.0,0.039728488
533,4.2,N,37.0,81.50674049,580.0,0.021137295
497,4.2,S,74.0,127.24283,416.0,0.013868116
8744,4.0,S,63.0,119.0,283.0,0.024072999
483,4.3,S,60.0,153.5712249,373.0,0.027029533
495,4.4,S,54.0,157.4498265,438.0,0.019526836
661,4.4,S,73.0,91.1264084,469.0,0.012493501
720,4.1,N,55.0,74.08268694,745.0,0.026835678
241,3.9,N,69.0,90.25454497,424.0,0.007113627
392,4.1,N,37.0,167.2358089,248.0,0.030649769
629,4.1,S,59.0,127.0153621,315.0,0.050427016
376,4.2,S,55.0,91.8367169,444.0,0.034111536
613,4.0,N,67.0,36.31287888,430.0,0.125166472
229,4.0,N,41.0,142.4575707,558.0,0.010351065
736,4.0,N,55.0,62.38513409,771.0,0.030640874
427,4.1,S,75.0,43.50442586,696.0,0.040025716
250,4.0,N,43.0,41.04445583,574.0,0.025483012
619,4.0,S,79.0,84.77989893,270.0,0.036591276
445,4.1,S,66.0,68.13678374,429.0,0.011430309
8924,3.7,N,60.0,64.0,381.0,0.048488562
532,4.4,S,86.0,151.4561529,309.0,0.014713233
673,4.2,S,76.0,102.1934686,483.0,0.022581134
496,4.1,N,88.0,11.91693086,444.0,0.558593491
220,4.0,S,81.0,27.61652585,298.0,0.162030076
677,4.1,S,87.0,57.50437661,860.0,0.025650632
534,4.4,N,70.0,31.09605134,412.0,0.103863921
316,4.1,S,44.0,104.284381,214.0,0.065847104
485,4.1,N,43.0,82.96058678,894.0,0.013469228
533,4.2,N,37.0,70.25147527,986.0,0.019725506
525,4.0,S,84.0,49.76299404,815.0,0.035568315
359,3.8,N,49.0,42.4469325,340.0,0.022994536
8872,4.3,S,78.0,72.0,375.0,0.066863278
505,4.2,R,90.0,72.2578988,410.0,0.018966693
475,4.1,N,40.0,107.7072498,344.0,0.058408019
339,3.8,S,87.0,93.19982945,555.0,0.013575084
378,4.2,N,39.0,120.6610734,430.0,0.037614738
8917,4.4,S,88.0,142.0,1182.0,0.013058218
214,3.9,R,74.0,103.3698076,362.0,0.007620666
166,3.5,S,81.0,18.56179308,660.0,0.123628293
586,4.3,S,83.0,125.7200231,444.0,0.01240666
8825,4.3,S,70.0,58.0,272.0,0.157198182
200,4.4,R,41.0,67.75136267,293.0,0.08613487
464,3.8,S,87.0,148.4882964,317.0,0.02189908
166,3.5,S,81.0,60.29720002,469.0,0.010066084
369,4.2,S,69.0,166.1144985,629.0,0.006831263
8793,4.2,N,46.0,127.0,449.0,0.012496621
655,4.3,S,89.0,52.02011473,529.0,0.052743588
302,4.4,N,51.0,138.4589086,528.0,0.026149134
274,3.7,S,39.0,56.02144807,215.0,0.032783431
703,4.0,N,55.0,75.40312581,827.0,0.011540132
528,4.3,S,77.0,107.1014036,205.0,0.150419378
590,4.4,S,67.0,140.614629,376.0,0.023319188
403,4.4,N,35.0,61.77024514,696.0,0.013400886
707,4.2,N,55.0,88.80912814,328.0,0.020387551
390,4.2,N,55.0,74.7368531,393.0,0.008196646
108,4.1,N,69.0,23.87197658,343.0,0.232929315
281,3.6,S,86.0,55.31486931,477.0,0.021334738
742,4.1,N,15.0,90.09200106,696.0,0.005204336
9226,4.0,R,20.0,7.4,543.0,0.981145181
734,4.0,S,80.0,87.62572149,549.0,0.015828012
301,4.0,N,37.0,31.05066254,1323.0,0.107337261
474,4.4,N,41.0,83.84286686,745.0,0.129261368
474,4.4,N,41.0,85.20062584,771.0,0.077343197
460,4.1,N,81.0,124.9774544,538.0,0.026380795
274,3.7,S,39.0,85.72348121,448.0,0.019435421
362,4.3,N,55.0,62.55987527,836.0,0.046233488
8796,4.4,S,67.0,162.0,328.0,0.059096218
362,4.3,N,55.0,90.39112666,328.0,0.052777742
221,3.9,S,65.0,70.27765108,271.0,0.015322879
581,4.3,S,57.0,106.4422055,469.0,0.012720635
681,4.4,S,72.0,133.4455151,494.0,0.021619495
571,4.0,S,62.0,44.23761347,300.0,0.04296579
362,4.3,N,55.0,86.9625342,193.0,0.072370233
425,4.0,S,83.0,56.24121973,466.0,0.021448817
297,3.8,N,74.0,77.04312461,541.0,0.008050474
559,4.4,S,88.0,18.7070056,300.0,0.375572144
559,4.4,S,88.0,137.4223563,271.0,0.022889565
411,4.0,S,51.0,76.10640989,340.0,0.022170378
335,4.1,S,70.0,174.3113884,1747.0,0.00265522
9231,4.0,R,36.0,85.0,246.0,0.037141057
82,4.4,R,77.0,35.71262169,223.0,0.140561932
249,3.9,N,48.0,84.68637343,948.0,0.00736109
277,4.2,S,67.0,7.552962606,249.0,1.140285449
342,4.0,S,86.0,105.9738503,340.0,0.07080262
394,4.3,S,47.0,109.7605196,236.0,0.021496082
345,4.0,S,58.0,98.70804779,280.0,0.026203689
9234,4.3,N,62.0,133.0,654.0,0.009035017
432,4.0,N,41.0,67.49707809,390.0,0.019901713
302,4.4,N,51.0,171.5454839,375.0,0.016307489
8486,4.3,S,87.0,70.0,426.0,0.059939533
8824,4.2,S,73.0,81.0,412.0,0.012878012
8920,4.1,R,52.0,140.0,304.0,0.049585109
198,4.0,N,74.0,113.3877971,709.0,0.008247763
241,3.9,N,69.0,60.13114405,561.0,0.024455947
702,4.1,S,90.0,111.8514494,948.0,0.004257035
174,3.7,S,77.0,63.28697842,484.0,0.041594277
554,4.0,S,62.0,120.2382505,305.0,0.01284756
569,4.1,S,54.0,95.97892063,271.0,0.02536797
277,4.2,S,67.0,125.7592081,237.0,0.024579985
8813,4.3,S,79.0,81.0,444.0,0.089709575
394,4.3,S,47.0,172.727501,313.0,0.011641942
513,4.2,S,66.0,52.22596431,356.0,0.054881347
430,4.2,N,43.0,108.6170585,271.0,0.072487014
563,4.2,S,74.0,89.91241721,375.0,0.028967524
362,4.3,N,55.0,67.9930226,608.0,0.01564814
394,4.3,S,47.0,170.0591881,827.0,0.008649611
719,4.2,N,55.0,78.99924091,695.0,0.014811616
495,4.4,S,54.0,44.1957117,448.0,0.119683216
422,4.0,S,55.0,168.7725436,215.0,0.051776129
316,4.1,S,44.0,146.234518,460.0,0.047658122
559,4.4,S,88.0,186.9171846,420.0,0.009668507
320,3.9,N,31.0,76.288794,403.0,0.0148988
534,4.4,N,70.0,70.33414735,188.0,0.061435377
613,4.0,N,67.0,107.1648925,415.0,0.022421204
253,4.2,S,57.0,65.23253455,560.0,0.01797157
528,4.3,S,77.0,82.40891829,192.0,0.081918697
404,3.9,N,37.0,91.88713598,1080.0,0.005561871
139,3.7,S,68.0,122.851869,376.0,0.00930703
742,4.1,N,15.0,129.1924087,732.0,0.005937773
723,4.1,N,54.0,93.97715277,371.0,0.011468165
8755,4.2,S,79.0,85.0,543.0,0.035601107
535,4.1,N,63.0,100.6298113,579.0,0.012932227
559,4.4,S,88.0,77.53446772,223.0,0.035687837
242,4.2,N,40.0,50.36705739,488.0,0.032913471
629,4.1,S,59.0,132.2019762,731.0,0.027944
505,4.2,R,90.0,68.04230888,570.0,0.01261659
198,4.0,N,74.0,193.0932821,430.0,0.00512294
8872,4.3,S,78.0,49.0,435.0,0.107941491
448,4.0,S,53.0,158.221203,303.0,0.004477626
359,3.8,N,49.0,70.99293221,468.0,0.012662239
312,4.3,N,42.0,50.82548878,387.0,0.074162313
168,3.5,R,81.0,15.56186136,300.0,0.395480624
587,4.0,S,86.0,44.06678769,300.0,0.023221244
271,4.3,S,79.0,113.5934293,715.0,0.006217817
8890,4.2,N,53.0,62.0,875.0,0.042277864
8458,4.4,N,50.0,175.0,630.0,0.018701762
210,3.8,N,39.0,36.53131246,300.0,0.045792941
9179,4.4,S,88.0,92.0,430.0,0.078702576
220,4.0,S,81.0,54.49972897,340.0,0.024247548
570,4.2,S,75.0,93.27582007,205.0,0.174326446
470,4.0,S,69.0,81.97367259,695.0,0.012091595
485,4.1,N,43.0,66.08059157,340.0,0.026680765
133,4.4,R,67.0,79.14467244,863.0,0.086047605
467,4.0,N,36.0,61.55940518,630.0,0.020135743
315,4.2,S,38.0,71.4792469,429.0,0.080274689
699,4.1,N,55.0,59.66243258,745.0,0.04727875
475,4.1,N,40.0,93.72941015,561.0,0.056807314
590,4.4,S,67.0,56.10073691,489.0,0.028336981
420,4.4,N,48.0,29.48258479,694.0,0.064505482
427,4.1,S,75.0,79.99569338,271.0,0.046700584
8794,4.3,N,63.0,82.0,732.0,0.068571418
624,4.2,S,82.0,38.72498081,558.0,0.136360937
498,4.2,S,72.0,15.60576453,298.0,0.339369969
108,4.1,N,69.0,43.23619353,336.0,0.262928095
664,4.0,S,90.0,54.77610573,529.0,0.011692202
8820,4.2,S,89.0,47.0,608.0,0.027144397
8554,4.1,N,32.0,97.0,948.0,0.00649997
167,3.7,S,38.0,43.94103941,192.0,0.034084327
209,4.2,S,68.0,72.23582525,246.0,0.030618739
8813,4.3,S,79.0,165.0,309.0,0.035943045
519,4.1,S,85.0,137.1946553,731.0,0.011958288
8868,3.8,N,45.0,14.0,219.0,0.27952238
353,4.3,S,64.0,172.0150723,303.0,0.009072695
207,4.0,S,56.0,172.5115701,403.0,0.004915263
609,4.0,N,51.0,96.43898072,145.0,0.052384591
268,4.1,S,88.0,96.32251007,660.0,0.014865007
373,3.9,N,39.0,155.3958229,403.0,0.010085127
398,4.4,N,35.0,37.36687961,948.0,0.042217837
8757,3.9,S,90.0,74.0,312.0,0.020141073
8820,4.2,S,89.0,148.0,462.0,0.009137077
9179,4.4,S,88.0,157.0,868.0,0.013247826
359,3.8,N,49.0,192.4952067,448.0,0.008165237
392,4.1,N,37.0,96.77812351,271.0,0.02988974
574,4.2,S,60.0,90.73120034,271.0,0.072692143
674,4.1,S,78.0,66.36788277,529.0,0.015058988
561,4.2,S,76.0,149.5997991,315.0,0.01226535
8917,4.4,S,88.0,46.0,471.0,0.079431735
373,3.9,N,39.0,66.31498732,460.0,0.01538929
459,4.0,N,73.0,140.5497709,301.0,0.014336488
479,4.0,S,81.0,88.04377843,1323.0,0.016026617
174,3.7,S,77.0,123.9159606,305.0,0.081190363
415,4.3,N,67.0,133.4711968,328.0,0.022100179
167,3.7,S,38.0,103.182479,315.0,0.017587862
364,4.2,N,53.0,58.52314564,286.0,0.042003987
489,4.0,S,66.0,133.3076507,469.0,0.01527796
203,3.9,N,87.0,31.75639955,483.0,0.153975272
535,4.1,N,63.0,57.34484759,804.0,0.019909986
449,4.0,S,70.0,135.5608675,594.0,0.005490538
552,4.1,S,79.0,132.1879083,352.0,0.05432187
616,4.3,S,84.0,46.67177017,430.0,0.215980188
144,3.8,S,74.0,97.97377122,246.0,0.042658741
574,4.2,S,60.0,42.28775546,430.0,0.050270776
277,4.2,S,67.0,126.3161374,348.0,0.023575356
474,4.4,N,41.0,59.94667757,307.0,0.181712266
422,4.0,S,55.0,77.06804133,382.0,0.074609974
8872,4.3,S,78.0,102.0,367.0,0.017991277
8785,4.3,S,69.0,78.0,415.0,0.059345051
673,4.2,S,76.0,118.9861723,283.0,0.086653074
596,4.3,S,67.0,173.7106685,340.0,0.010036111
405,3.7,N,44.0,37.56532612,948.0,0.043923662
9231,4.0,R,36.0,100.0,426.0,0.019883372
251,3.7,R,71.0,86.20861403,863.0,0.015290731
624,4.2,S,82.0,170.883839,986.0,0.009777437
515,4.1,N,82.0,42.95561585,344.0,0.087618948
276,4.2,N,48.0,75.71496104,328.0,0.123645404
411,4.0,S,51.0,88.38424721,415.0,0.046321239
493,4.0,N,65.0,49.29671489,283.0,0.252430141
349,4.0,S,47.0,82.82255925,358.0,0.011611984
53,4.1,S,87.0,115.7961512,370.0,0.143615779
499,4.2,N,26.0,52.81993644,206.0,0.048768044
9232,4.1,S,64.0,138.0,545.0,0.006916439
527,4.2,N,74.0,39.75868561,236.0,0.126314289
220,4.0,S,81.0,134.9409855,629.0,0.011507955
8455,4.0,N,45.0,106.0,1141.0,0.007501578
8512,4.2,S,61.0,54.0,732.0,0.018474498
185,4.3,S,90.0,44.93163112,286.0,0.036155071
310,4.0,N,56.0,137.6817582,532.0,0.005392612
306,4.0,N,36.0,78.86504853,466.0,0.027147965
350,4.0,N,39.0,52.67132174,629.0,0.045828908
187,4.3,N,59.0,187.8947633,330.0,0.018047691
221,3.9,S,65.0,72.98527347,207.0,0.034330064
552,4.1,S,79.0,58.81830177,277.0,0.058485909
210,3.8,N,39.0,65.64779253,826.0,0.006082675
574,4.2,S,60.0,89.59829221,205.0,0.099526922
590,4.4,S,67.0,184.3650735,340.0,0.007938554
624,4.2,S,82.0,111.8258156,328.0,0.05429661
430,4.2,N,43.0,173.9328745,532.0,0.02168206
498,4.2,S,72.0,13.84793719,196.0,0.34895139
496,4.1,N,88.0,184.0056249,417.0,0.003258908
161,3.9,R,51.0,150.6155395,315.0,0.008011804
513,4.2,S,66.0,83.71711175,599.0,0.01111048
462,4.2,S,65.0,104.2842065,311.0,0.021485144
602,4.1,N,25.0,93.23582774,131.0,0.07102566
571,4.0,S,62.0,43.81385941,229.0,0.049960141
90,4.4,S,87.0,45.17987969,468.0,0.100093632
515,4.1,N,82.0,92.91568409,234.0,0.117610888
602,4.1,N,25.0,187.3415762,1080.0,0.004583559
8890,4.2,N,53.0,60.0,131.0,0.116194805
464,3.8,S,87.0,142.3311353,346.0,0.021849076
133,4.4,R,67.0,49.78578846,430.0,0.043826642
575,4.2,S,52.0,112.0109351,460.0,0.017837409
534,4.4,N,70.0,53.8073074,203.0,0.194485013
559,4.4,S,88.0,152.3756729,229.0,0.081958422
555,4.0,N,50.0,59.17647672,367.0,0.013369902
573,4.1,S,66.0,152.8428609,391.0,0.015134833
532,4.4,S,86.0,63.49106326,329.0,0.055793825
534,4.4,N,70.0,151.9793016,323.0,0.033797632
574,4.2,S,60.0,102.0691697,328.0,0.060824976
482,4.2,N,71.0,45.30705022,278.0,0.035237653
302,4.4,N,51.0,129.2759815,426.0,0.009173317
155,4.0,N,62.0,80.08120859,561.0,0.01317648
516,4.1,N,28.0,102.0175388,1323.0,0.006311506
655,4.3,S,89.0,88.09501531,284.0,0.013342389
334,3.7,S,86.0,116.6596268,758.0,0.016413063
8796,4.4,S,67.0,135.0,312.0,0.088306242
149,3.9,S,89.0,61.04815693,286.0,0.040757131
9247,4.4,N,40.0,61.0,440.0,0.038458695
425,4.0,S,83.0,65.86265703,1080.0,0.009076974
168,3.5,R,81.0,134.0675595,343.0,0.01347249
598,4.3,S,89.0,139.6304353,315.0,0.031969124
588,4.3,S,68.0,114.9113317,579.0,0.003298503
602,4.1,N,25.0,130.3050311,1141.0,0.019174918
253,4.2,S,57.0,45.9637312,356.0,0.056461128
511,4.1,N,52.0,64.40381113,359.0,0.035508258
575,4.2,S,52.0,118.508041,462.0,0.009351201
164,3.8,S,83.0,26.10963808,407.0,0.251956915
9232,4.1,S,64.0,65.0,579.0,0.017898066
569,4.1,S,54.0,99.72925558,313.0,0.030235581
8924,3.7,N,60.0,145.0,482.0,0.002534855
511,4.1,N,52.0,93.55022664,234.0,0.0478868
464,3.8,S,87.0,150.6333251,519.0,0.020309124
448,4.0,S,53.0,140.3856936,444.0,0.007351424
495,4.4,S,54.0,77.7001146,412.0,0.157834596
9222,4.4,S,78.0,126.0,875.0,0.024410445
79,4.3,N,76.0,55.55752527,285.0,0.12019568
280,4.2,R,57.0,43.32259286,314.0,0.0431763
390,4.2,N,55.0,103.4965535,369.0,0.011458454
586,4.3,S,83.0,27.24309755,407.0,0.128598087
8457,4.2,S,69.0,101.0,459.0,0.044253121
362,4.3,N,55.0,117.0756505,390.0,0.017556353
571,4.0,S,62.0,93.95890445,271.0,0.028619774
464,3.8,S,87.0,119.6905438,731.0,0.018977009
486,4.0,R,66.0,39.00175754,236.0,0.045097371
736,4.0,N,55.0,110.5090422,986.0,0.011357755
8735,3.8,S,80.0,38.0,199.0,0.026860983
736,4.0,N,55.0,121.2572029,371.0,0.007913296
342,4.0,S,86.0,186.0301687,450.0,0.006353958
280,4.2,R,57.0,68.864156,214.0,0.044868488
9223,4.0,S,46.0,82.0,484.0,0.007030384
602,4.1,N,25.0,109.5483287,415.0,0.038777135
415,4.3,N,67.0,158.6982579,356.0,0.022285246
514,4.3,S,80.0,48.56104405,860.0,0.185375303
559,4.4,S,88.0,118.1834147,683.0,0.018310153
395,4.2,N,35.0,41.45237834,278.0,0.186268973
180,4.1,S,81.0,56.01214985,271.0,0.031648847
8458,4.4,N,50.0,165.0,215.0,0.060297447
277,4.2,S,67.0,116.8953326,555.0,0.028100004
8893,4.3,S,84.0,27.0,440.0,0.337766089
382,4.1,S,83.0,82.47585039,340.0,0.013687118
432,4.0,N,41.0,65.03460893,367.0,0.01781743
8735,3.8,S,80.0,23.0,570.0,0.054855695
371,3.9,N,60.0,81.19713303,875.0,0.009257761
436,4.1,N,49.0,52.25232456,827.0,0.025297141
570,4.2,S,75.0,67.96427563,273.0,0.083461264
335,4.1,S,70.0,114.0957606,224.0,0.012199521
430,4.2,N,43.0,38.81966964,732.0,0.028391296
197,4.1,N,63.0,104.6846295,324.0,0.080576326
624,4.2,S,82.0,95.44762264,145.0,0.100986866
9234,4.3,N,62.0,102.0,583.0,0.02008067
569,4.1,S,54.0,153.5838514,683.0,0.011223129
505,4.2,R,90.0,135.3506804,593.0,0.00709892
9231,4.0,R,36.0,17.0,484.0,0.108393505
423,4.2,N,35.0,90.21311549,1080.0,0.016971759
519,4.1,S,85.0,83.32806653,660.0,0.010136282
433,4.2,N,55.0,80.20497004,696.0,0.009109961
261,3.9,N,66.0,54.81660645,229.0,0.03559418
221,3.9,S,65.0,89.36671758,371.0,0.006359749
376,4.2,S,55.0,123.7807749,430.0,0.029263423
723,4.1,N,54.0,65.36466535,827.0,0.038384306
436,4.1,N,49.0,93.45126255,460.0,0.053620004
571,4.0,S,62.0,151.86819,391.0,0.006174919
292,4.3,S,60.0,81.08710348,771.0,0.021141506
619,4.0,S,79.0,42.39162012,229.0,0.154255197
704,4.0,N,55.0,65.98015656,836.0,0.015436162
609,4.0,N,51.0,47.38586757,229.0,0.036218304
573,4.1,S,66.0,95.25414857,286.0,0.038253727
8744,4.0,S,63.0,70.0,397.0,0.018307056
502,4.0,S,86.0,63.73075254,483.0,0.012220716
532,4.4,S,86.0,65.06552135,541.0,0.035910364
392,4.1,N,37.0,152.9182582,249.0,0.009819331
237,4.1,S,90.0,56.92606776,483.0,0.120609609
373,3.9,N,39.0,146.0828742,483.0,0.006805112
534,4.4,N,70.0,28.74553708,338.0,0.384103349
560,4.1,S,80.0,118.2124111,683.0,0.010659723
427,4.1,S,75.0,104.3814429,549.0,0.024337253
664,4.0,S,90.0,71.2240038,284.0,0.009404911
560,4.1,S,80.0,149.9274652,391.0,0.008627634
306,4.0,N,36.0,126.2450897,371.0,0.0093012
341,4.2,S,75.0,111.2458548,361.0,0.021759511
141,4.0,S,48.0,142.716074,660.0,0.010755712
295,4.4,S,39.0,51.73988685,315.0,0.061261721
382,4.1,S,83.0,89.08757148,444.0,0.030800152
398,4.4,N,35.0,75.7126969,894.0,0.012625915
519,4.1,S,85.0,127.8986797,282.0,0.008491585
249,3.9,N,48.0,48.02910848,745.0,0.024540045
497,4.2,S,74.0,92.90975252,489.0,0.007796129
211,4.1,S,90.0,149.8072845,555.0,0.003243943
277,4.2,S,67.0,74.73047659,253.0,0.032702604
8460,4.0,N,49.0,64.0,449.0,0.076338839
505,4.2,R,90.0,137.6587709,317.0,0.008641383
486,4.0,R,66.0,138.0056228,367.0,0.006225498
294,4.3,S,73.0,62.10606574,196.0,0.264663493
8813,4.3,S,79.0,130.0,978.0,0.00925671
575,4.2,S,52.0,83.92140361,193.0,0.099631756
575,4.2,S,52.0,91.74081706,205.0,0.068933602
549,4.4,S,86.0,44.77552705,393.0,0.063462553
237,4.1,S,90.0,56.00128531,429.0,0.050359467
277,4.2,S,67.0,27.75902767,410.0,0.504794008
624,4.2,S,82.0,97.1380347,695.0,0.014912378
220,4.0,S,81.0,58.66679905,328.0,0.032127609
355,4.2,S,85.0,61.99060529,298.0,0.061540027
407,3.9,S,79.0,58.71698003,444.0,0.036496073
718,4.1,N,55.0,109.2389842,229.0,0.065569067
723,4.1,N,54.0,65.22059115,131.0,0.074590475
8744,4.0,S,63.0,124.0,420.0,0.005781641
9179,4.4,S,88.0,106.0,445.0,0.02124013
505,4.2,R,90.0,174.6422723,441.0,0.006404965
598,4.3,S,89.0,117.8840254,875.0,0.027421913
616,4.3,S,84.0,89.27897714,205.0,0.174545473
9234,4.3,N,62.0,66.0,426.0,0.046991439
9182,4.4,S,78.0,95.0,579.0,0.01205414
318,4.1,N,23.0,142.5889941,459.0,0.004608294
474,4.4,N,41.0,91.98680088,948.0,0.031795167
602,4.1,N,25.0,88.91002874,223.0,0.010957877
575,4.2,S,52.0,163.9828885,986.0,0.004845232
513,4.2,S,66.0,121.6254926,580.0,0.025838602
277,4.2,S,67.0,14.60854025,448.0,0.646901698
590,4.4,S,67.0,103.1214824,660.0,0.007415212
252,3.8,S,80.0,36.74565121,549.0,0.024698994
8920,4.1,R,52.0,68.0,215.0,0.091045429
401,4.3,N,39.0,73.16649331,234.0,0.086192173
464,3.8,S,87.0,12.12528393,376.0,0.376319592
574,4.2,S,60.0,162.4228422,986.0,0.019617277
459,4.0,N,73.0,78.80729198,466.0,0.028593155
156,3.8,S,25.0,168.747712,430.0,0.008725682
596,4.3,S,67.0,143.108155,955.0,0.002316358
572,4.0,S,62.0,153.6408781,391.0,0.006948724
624,4.2,S,82.0,145.0007625,555.0,0.0120327
427,4.1,S,75.0,20.08814755,323.0,0.307380319
493,4.0,N,65.0,174.4822186,430.0,0.015185904
244,3.9,S,29.0,63.32618236,273.0,0.028532957
387,4.4,N,55.0,96.89017491,580.0,0.005962092
735,4.2,S,87.0,98.63897568,196.0,0.238075399
392,4.1,N,37.0,93.07230422,466.0,0.020103975
392,4.1,N,37.0,78.42472914,696.0,0.014420336
292,4.3,S,60.0,82.30670894,313.0,0.057353789
210,3.8,N,39.0,67.88589462,289.0,0.030795346
575,4.2,S,52.0,91.77063111,131.0,0.054936837
350,4.0,N,39.0,163.0413244,745.0,0.009091199
373,3.9,N,39.0,103.0631829,403.0,0.01666534
8825,4.3,S,70.0,151.0,312.0,0.084685741
463,4.1,S,73.0,102.4372378,555.0,0.014827881
407,3.9,S,79.0,111.1393386,514.0,0.02714227
287,3.6,S,53.0,90.9068699,539.0,0.00694828
191,4.2,S,90.0,147.2409792,538.0,0.01760173
429,4.0,S,61.0,53.62593127,328.0,0.018793347
202,4.3,S,77.0,138.4017356,317.0,0.134529489
8456,4.4,S,86.0,126.0,246.0,0.051239043
677,4.1,S,87.0,72.72281602,875.0,0.014333697
261,3.9,N,66.0,62.03956667,348.0,0.015610572
146,3.8,S,61.0,13.98400507,445.0,0.226175308
680,4.1,S,80.0,116.8086235,384.0,0.024455028
464,3.8,S,87.0,194.7051855,907.0,0.003011405
446,3.9,S,57.0,113.3759247,875.0,0.013131161
8486,4.3,S,87.0,64.0,309.0,0.058945584
459,4.0,N,73.0,80.33661344,894.0,0.010376358
149,3.9,S,89.0,46.01622678,192.0,0.094375089
176,3.9,S,68.0,92.81151672,579.0,0.010199473
672,4.0,S,90.0,41.13884534,660.0,0.037773308
239,4.2,S,76.0,18.0710886,720.0,0.209200852
718,4.1,N,55.0,139.6152736,558.0,0.011934052
483,4.3,S,60.0,55.94959576,295.0,0.175337202
185,4.3,S,90.0,164.2799879,224.0,0.007151071
512,4.1,N,52.0,35.21374801,344.0,0.048748741
681,4.4,S,72.0,111.5056674,280.0,0.019622884
8893,4.3,S,84.0,98.0,654.0,0.021427171
320,3.9,N,31.0,144.4136102,460.0,0.014825526
493,4.0,N,65.0,47.6441829,280.0,0.045864886
602,4.1,N,25.0,171.7593114,214.0,0.022893406
453,4.4,S,69.0,39.4900261,398.0,0.358575547
549,4.4,S,86.0,101.7016043,514.0,0.010489322
429,4.0,S,61.0,73.46683752,366.0,0.044876392
312,4.3,N,42.0,24.4728065,366.0,0.497396894
474,4.4,N,41.0,73.28496817,415.0,0.09859336
575,4.2,S,52.0,41.44830055,430.0,0.327527759
735,4.2,S,87.0,87.50696359,313.0,0.256432371
374,4.2,S,60.0,141.7245904,192.0,0.046514319
436,4.1,N,49.0,78.65134739,328.0,0.043231712
614,4.4,N,63.0,110.8989877,415.0,0.050706847
451,3.9,N,50.0,75.82342336,444.0,0.02813457
8933,4.2,S,82.0,97.0,444.0,0.056275049
283,4.2,S,69.0,37.30164969,885.0,0.046146779
552,4.1,S,79.0,97.26198169,348.0,0.032440817
9182,4.4,S,78.0,116.0,543.0,0.015754649
291,4.0,S,63.0,74.75375389,171.0,0.018003278
422,4.0,S,55.0,57.90273764,561.0,0.070289506
9233,4.4,R,50.0,41.0,583.0,0.073411329
210,3.8,N,39.0,14.84857665,199.0,0.249869389
355,4.2,S,85.0,81.22522082,286.0,0.056860966
291,4.0,S,63.0,88.13400068,328.0,0.028134295
9182,4.4,S,78.0,95.0,376.0,0.029699669
203,3.9,N,87.0,35.86723918,315.0,0.202718128
9222,4.4,S,78.0,40.0,660.0,0.104211242
422,4.0,S,55.0,95.73473465,186.0,0.041330769
569,4.1,S,54.0,136.5363209,304.0,0.007914076
459,4.0,N,73.0,44.49054673,278.0,0.02117263
446,3.9,S,57.0,11.18940627,1380.0,0.16143938
422,4.0,S,55.0,182.1621467,439.0,0.020215229
559,4.4,S,88.0,182.9733693,639.0,0.006516211
548,4.1,S,86.0,63.95268769,299.0,0.018546486
230,4.2,S,59.0,60.69904585,696.0,0.023744823
415,4.3,N,67.0,68.68922377,894.0,0.024202048
359,3.8,N,49.0,103.9024986,414.0,0.014143658
495,4.4,S,54.0,78.77486581,826.0,0.016943252
670,4.0,S,88.0,113.8900542,543.0,0.008939104
447,4.3,S,82.0,68.63854924,532.0,0.065905883
8757,3.9,S,90.0,113.0,430.0,0.024141552
423,4.2,N,35.0,57.6408518,694.0,0.011940505
505,4.2,R,90.0,120.6312854,300.0,0.085356986
207,4.0,S,56.0,115.0128646,558.0,0.019605151
613,4.0,N,67.0,86.08053155,836.0,0.012282152
515,4.1,N,82.0,79.11562088,294.0,0.005893282
308,3.7,S,65.0,56.45055749,860.0,0.035499654
493,4.0,N,65.0,159.5916048,237.0,0.013323704
589,4.2,S,80.0,147.724167,543.0,0.007621047
155,4.0,N,62.0,135.5668472,314.0,0.02551586
8820,4.2,S,89.0,110.0,313.0,0.045655768
378,4.2,N,39.0,63.1336369,460.0,0.034852668
698,4.0,N,55.0,73.40702123,747.0,0.02609601
219,4.2,N,44.0,86.9518534,1113.0,0.012393688
233,4.3,S,54.0,106.9315553,608.0,0.049458034
549,4.4,S,86.0,130.4717166,450.0,0.007227457
8813,4.3,S,79.0,163.0,372.0,0.035913347
252,3.8,S,80.0,15.86185763,372.0,0.123559195
487,4.3,S,81.0,183.1635418,390.0,0.021051999
229,4.0,N,41.0,121.8501913,901.0,0.01522101
8917,4.4,S,88.0,31.0,272.0,0.185099837
259,4.2,S,89.0,111.9999569,683.0,0.034869646
516,4.1,N,28.0,64.86057761,359.0,0.042016959
241,3.9,N,69.0,124.6116862,448.0,0.006661938
425,4.0,S,83.0,119.5671398,328.0,0.012153531
394,4.3,S,47.0,68.17068456,1323.0,0.016554276
277,4.2,S,67.0,21.61313365,314.0,0.460421777
9247,4.4,N,40.0,153.0,501.0,0.020570197
8484,4.2,N,69.0,86.0,805.0,0.044491714
156,3.8,S,25.0,136.1421713,662.0,0.012558333
241,3.9,N,69.0,42.06738165,599.0,0.008090254
382,4.1,S,83.0,66.69474622,313.0,0.021838584
417,3.7,S,84.0,57.51187837,469.0,0.103729956
641,4.3,S,80.0,163.7447491,519.0,0.011030015
229,4.0,N,41.0,50.37923175,343.0,0.020464203
495,4.4,S,54.0,141.1792861,304.0,0.04664649
8553,4.2,S,88.0,68.0,555.0,0.022723693
339,3.8,S,87.0,45.88113466,450.0,0.027728142
8497,4.4,N,70.0,64.0,747.0,0.021110823
9097,4.3,R,26.0,78.0,484.0,0.045072049
241,3.9,N,69.0,64.3237568,440.0,0.01853391
552,4.1,S,79.0,177.4572381,412.0,0.009561607
334,3.7,S,86.0,183.7982477,246.0,0.009185884
476,4.3,S,76.0,139.4817547,637.0,0.007865885
523,4.3,N,74.0,46.22838513,549.0,0.074938709
392,4.1,N,37.0,121.3855375,372.0,0.013973313
209,4.2,S,68.0,60.67355222,420.0,0.038946047
341,4.2,S,75.0,106.019372,324.0,0.056475801
221,3.9,S,65.0,22.21257977,745.0,0.173546355
463,4.1,S,73.0,149.5247051,328.0,0.038031698
571,4.0,S,62.0,104.5817592,328.0,0.022967956
624,4.2,S,82.0,32.82003149,238.0,0.099188515
561,4.2,S,76.0,85.37321378,329.0,0.014153615
9182,4.4,S,78.0,119.0,329.0,0.013573294
590,4.4,S,67.0,146.0417872,372.0,0.009971422
552,4.1,S,79.0,31.99212323,247.0,0.062559978
8820,4.2,S,89.0,81.0,324.0,0.039665243
233,4.3,S,54.0,121.2710098,558.0,0.035090399
479,4.0,S,81.0,148.212107,986.0,0.004929119
502,4.0,S,86.0,135.8696061,300.0,0.005691481
196,4.3,S,90.0,47.4862017,280.0,0.159820356
718,4.1,N,55.0,63.86511846,298.0,0.113006391
496,4.1,N,88.0,84.32830449,860.0,0.024132575
494,4.0,S,54.0,113.7174757,558.0,0.025422022
9179,4.4,S,88.0,58.0,574.0,0.063974067
342,4.0,S,86.0,136.4768326,207.0,0.018976928
281,3.6,S,86.0,82.7083594,367.0,0.015368991
320,3.9,N,31.0,196.8943583,265.0,0.015708734
139,3.7,S,68.0,25.37788542,390.0,0.046484179
476,4.3,S,76.0,36.91545963,430.0,0.060642631
8521,4.0,S,75.0,150.0,307.0,0.001704558
363,4.1,N,45.0,60.97701818,238.0,0.027668281
191,4.2,S,90.0,175.4954241,608.0,0.005005158
481,4.1,S,72.0,96.11877145,561.0,0.026527065
294,4.3,S,73.0,53.09345228,771.0,0.113975978
328,4.4,N,44.0,144.9746699,225.0,0.061058993
237,4.1,S,90.0,66.89808557,555.0,0.038136775
445,4.1,S,66.0,58.32221311,387.0,0.022276617
413,4.2,N,41.0,71.67754273,234.0,0.058797542
332,4.2,S,81.0,77.23994243,654.0,0.003144399
664,4.0,S,90.0,71.42398739,907.0,0.005158341
250,4.0,N,43.0,47.8365658,317.0,0.053148479
572,4.0,S,62.0,85.94176095,827.0,0.021827948
363,4.1,N,45.0,66.96791226,430.0,0.034417221
552,4.1,S,79.0,76.70828872,436.0,0.088591866
9247,4.4,N,40.0,149.0,1072.0,0.009788185
471,4.1,S,76.0,91.74404253,430.0,0.023494576
206,4.0,S,90.0,15.73990095,483.0,0.160203491
320,3.9,N,31.0,72.25098446,483.0,0.072114542
523,4.3,N,74.0,94.20708792,248.0,0.026399821
317,4.0,N,28.0,108.6166983,286.0,0.037057975
707,4.2,N,55.0,87.08415989,205.0,0.027926715
8872,4.3,S,78.0,112.0,329.0,0.008096605
436,4.1,N,49.0,54.6258474,171.0,0.030248969
382,4.1,S,83.0,60.53103838,460.0,0.025402155
261,3.9,N,66.0,33.8204653,277.0,0.14605607
414,4.1,S,66.0,168.85215,875.0,0.003988741
547,4.4,S,82.0,55.19743788,885.0,0.034890641
598,4.3,S,89.0,179.7480234,561.0,0.014159211
277,4.2,S,67.0,78.21200358,181.0,0.107390078
237,4.1,S,90.0,171.2300694,488.0,0.012490495
403,4.4,N,35.0,28.29712539,219.0,0.158347781
9097,4.3,R,26.0,135.0,1072.0,0.007856526
494,4.0,S,54.0,169.4720693,555.0,0.010504961
369,4.2,S,69.0,91.66070545,340.0,0.012521717
271,4.3,S,79.0,43.80757269,946.0,0.028627642
600,4.4,S,74.0,100.0754848,663.0,0.008819538
475,4.1,N,40.0,71.50537442,347.0,0.03167227
259,4.2,S,89.0,117.6202908,225.0,0.046527193
363,4.1,N,45.0,69.73210229,361.0,0.02347463
629,4.1,S,59.0,63.76979704,391.0,0.104798433
532,4.4,S,86.0,112.5188372,860.0,0.017980632
392,4.1,N,37.0,85.38552053,393.0,0.02860773
474,4.4,N,41.0,94.58560497,827.0,0.035669842
9234,4.3,N,62.0,51.0,445.0,0.041144083
510,4.2,S,66.0,34.98912708,367.0,0.036435146
614,4.4,N,63.0,95.8180784,259.0,0.098518879
462,4.2,S,65.0,127.0158928,280.0,0.008626809
413,4.2,N,41.0,28.04717249,732.0,0.01508596
497,4.2,S,74.0,179.9421166,480.0,0.003419618
245,4.1,S,85.0,135.0136585,303.0,0.009416851
614,4.4,N,63.0,91.47363218,459.0,0.033952349
8755,4.2,S,79.0,140.0,561.0,0.044198725
359,3.8,N,49.0,106.3440451,1141.0,0.016955284
8917,4.4,S,88.0,64.0,381.0,0.154148437
287,3.6,S,53.0,92.99087572,469.0,0.039728
169,4.2,R,64.0,99.9712443,758.0,0.037830405
574,4.2,S,60.0,80.13318382,361.0,0.045806471
742,4.1,N,15.0,105.6010914,1113.0,0.009992482
559,4.4,S,88.0,136.3959245,488.0,0.021877737
423,4.2,N,35.0,68.34298107,696.0,0.023251553
470,4.0,S,69.0,124.4069533,271.0,0.02151804
8813,4.3,S,79.0,135.0,691.0,0.01832116
8893,4.3,S,84.0,163.0,637.0,0.007665041
8825,4.3,S,70.0,122.0,312.0,0.071518592
719,4.2,N,55.0,86.45418076,827.0,0.011614826
422,4.0,S,55.0,93.03730968,660.0,0.029179148
281,3.6,S,86.0,78.49245878,567.0,0.011425588
436,4.1,N,49.0,83.64560349,286.0,0.036378358
503,4.0,N,50.0,43.07692179,221.0,0.051991033
721,4.0,N,55.0,66.00069181,414.0,0.037667107
8827,4.3,S,71.0,70.0,543.0,0.02240082
574,4.2,S,60.0,153.4660113,555.0,0.006992676
650,4.0,N,55.0,81.87716632,688.0,0.019120028
494,4.0,S,54.0,146.0327335,875.0,0.009314811
600,4.4,S,74.0,182.6900592,709.0,0.007086486
317,4.0,N,28.0,147.0543381,229.0,0.007070329
425,4.0,S,83.0,76.80790608,307.0,0.017615967
8920,4.1,R,52.0,88.0,282.0,0.068345531
344,4.0,N,42.0,45.22779597,271.0,0.031601529
342,4.0,S,86.0,60.33205249,731.0,0.03194031
498,4.2,S,72.0,89.01196372,387.0,0.059375462
372,3.9,S,73.0,31.24021939,207.0,0.099343516
341,4.2,S,75.0,73.70517742,444.0,0.073906405
359,3.8,N,49.0,127.4273816,580.0,0.0069121
335,4.1,S,70.0,44.41561221,330.0,0.034391931
220,4.0,S,81.0,97.12024692,986.0,0.010176901
478,4.3,N,39.0,30.12714303,747.0,0.165194227
505,4.2,R,90.0,135.7992678,258.0,0.018806433
505,4.2,R,90.0,81.94283544,452.0,0.006042509
378,4.2,N,39.0,84.99479744,558.0,0.029850528
8868,3.8,N,45.0,51.0,697.0,0.008626015
493,4.0,N,65.0,82.72436986,188.0,0.043900883
274,3.7,S,39.0,48.70472732,870.0,0.032350032
519,4.1,S,85.0,82.70321195,444.0,0.017612338
350,4.0,N,39.0,162.9719391,771.0,0.005488338
723,4.1,N,54.0,94.55852023,323.0,0.03485646
364,4.2,N,53.0,61.27531507,249.0,0.039578411
221,3.9,S,65.0,33.65887364,414.0,0.121712888
306,4.0,N,36.0,100.264094,236.0,0.018221514
8920,4.1,R,52.0,102.0,279.0,0.075791633
226,4.2,N,51.0,51.98993919,344.0,0.051244316
493,4.0,N,65.0,32.3441849,410.0,0.123413474
491,4.4,R,62.0,98.56958873,813.0,0.009981131
405,3.7,N,44.0,77.4030684,234.0,0.029174763
464,3.8,S,87.0,85.68863109,721.0,0.019810284
613,4.0,N,67.0,90.73811265,131.0,0.053716749
8893,4.3,S,84.0,76.0,558.0,0.034182413
569,4.1,S,54.0,92.14359508,171.0,0.035458979
230,4.2,S,59.0,82.95024095,580.0,0.028699044
420,4.4,N,48.0,23.86249582,219.0,0.168146207
422,4.0,S,55.0,169.1931901,860.0,0.007089417
711,4.0,N,55.0,51.94027196,894.0,0.015861816
189,4.0,S,90.0,147.6244505,317.0,0.010641138
699,4.1,N,55.0,47.73971749,415.0,0.041388132
9229,4.0,N,63.0,55.0,528.0,0.023390312
422,4.0,S,55.0,97.84225198,523.0,0.099925559
705,4.0,N,55.0,69.27603115,145.0,0.104041859
9223,4.0,S,46.0,48.0,715.0,0.007481012
493,4.0,N,65.0,142.569027,304.0,0.016170752
554,4.0,S,62.0,95.58559354,439.0,0.005880549
392,4.1,N,37.0,10.68813078,747.0,0.258643067
494,4.0,S,54.0,145.4381445,460.0,0.0146793
458,4.3,N,43.0,74.34354862,301.0,0.025234825
493,4.0,N,65.0,83.00689328,826.0,0.015269325
294,4.3,S,73.0,76.80098087,271.0,0.10187481
281,3.6,S,86.0,107.5140846,314.0,0.015568642
650,4.0,N,55.0,79.8376976,280.0,0.023771631
471,4.1,S,76.0,125.4415723,618.0,0.015266473
339,3.8,S,87.0,12.14161351,489.0,0.313221886
8890,4.2,N,53.0,50.0,271.0,0.053769828
677,4.1,S,87.0,112.3265233,660.0,0.00494131
602,4.1,N,25.0,89.8251162,459.0,0.032305535
475,4.1,N,40.0,96.82800697,377.0,0.038977528
703,4.0,N,55.0,77.1059602,836.0,0.016113165
706,4.1,N,55.0,95.44291907,328.0,0.014628752
597,4.1,S,58.0,41.74475142,430.0,0.127231434
495,4.4,S,54.0,44.82458988,344.0,0.150401407
221,3.9,S,65.0,32.84320935,270.0,0.069713861
294,4.3,S,73.0,65.52119768,875.0,0.075620079
698,4.0,N,55.0,89.9456033,875.0,0.007957695
196,4.3,S,90.0,83.78906595,375.0,0.028450615
498,4.2,S,72.0,79.74974439,369.0,0.093114252
395,4.2,N,35.0,73.80319921,466.0,0.093293467
463,4.1,S,73.0,19.26832434,368.0,0.188559082
362,4.3,N,55.0,132.8624034,532.0,0.017633526
381,4.0,N,38.0,54.53125024,415.0,0.028344789
489,4.0,S,66.0,44.14662557,375.0,0.035993935
8795,3.8,N,70.0,132.0,366.0,0.011446976
339,3.8,S,87.0,141.6605982,444.0,0.004497969
376,4.2,S,55.0,82.85134152,415.0,0.024414339
425,4.0,S,83.0,55.15034802,393.0,0.00997084
250,4.0,N,43.0,63.13983391,246.0,0.324436826
597,4.1,S,58.0,97.29549303,313.0,0.08299497
349,4.0,S,47.0,11.66161709,229.0,1.371636918
9228,4.0,S,65.0,112.0,758.0,0.013864472
547,4.4,S,82.0,64.24553464,299.0,0.018776292
242,4.2,N,40.0,44.71678919,314.0,0.067040663
77,4.4,S,57.0,25.87848439,304.0,0.471619304
493,4.0,N,65.0,95.51900206,190.0,0.078435845
8484,4.2,N,69.0,129.0,359.0,0.020855618
259,4.2,S,89.0,86.11974822,324.0,0.024412088
53,4.1,S,87.0,3.818754129,412.0,3.06255994
91,4.1,S,62.0,50.93027609,298.0,0.062170818
699,4.1,N,55.0,99.6235113,747.0,0.009358515
378,4.2,N,39.0,46.67061564,193.0,0.115094294
382,4.1,S,83.0,68.44074878,131.0,0.038712403
364,4.2,N,53.0,65.04055069,459.0,0.024397313
528,4.3,S,77.0,144.5659756,415.0,0.037818688
554,4.0,S,62.0,121.428531,485.0,0.005153523
280,4.2,R,57.0,53.21459367,279.0,0.06986579
425,4.0,S,83.0,49.14339349,630.0,0.055326415
570,4.2,S,75.0,124.7891026,414.0,0.041558953
495,4.4,S,54.0,116.6398866,412.0,0.020035002
720,4.1,N,55.0,74.20971095,771.0,0.012313625
619,4.0,S,79.0,93.37021979,358.0,0.01530236
9233,4.4,R,50.0,87.0,440.0,0.029700197
661,4.4,S,73.0,122.154535,731.0,0.011398889
364,4.2,N,53.0,25.78627987,341.0,0.175625257
335,4.1,S,70.0,113.5725196,366.0,0.022623505
613,4.0,N,67.0,91.49674756,145.0,0.059279851
720,4.1,N,55.0,80.01887248,145.0,0.037200843
9229,4.0,N,63.0,128.0,660.0,0.002535431
280,4.2,R,57.0,60.82652863,305.0,0.059377733
328,4.4,N,44.0,54.10365485,387.0,0.048946481
613,4.0,N,67.0,84.54855873,270.0,0.031550163
277,4.2,S,67.0,62.06781007,1182.0,0.016874421
8897,3.8,S,70.0,94.0,330.0,0.024159976
534,4.4,N,70.0,170.2507457,283.0,0.071717938
405,3.7,N,44.0,22.74469131,732.0,0.018869451
381,4.0,N,38.0,49.56265993,313.0,0.094895877
736,4.0,N,55.0,61.85963694,313.0,0.048368349
191,4.2,S,90.0,75.8159993,403.0,0.009898537
736,4.0,N,55.0,72.21937646,249.0,0.044368634
697,4.0,N,55.0,61.88067262,695.0,0.036807334
210,3.8,N,39.0,25.77995705,301.0,0.077521895
381,4.0,N,38.0,53.00027578,361.0,0.016218551
505,4.2,R,90.0,55.97118139,555.0,0.094906166
169,4.2,R,64.0,136.5640353,469.0,0.011945712
566,4.1,S,66.0,25.52292449,558.0,0.053922893
390,4.2,N,55.0,49.74692317,630.0,0.030112081
597,4.1,S,58.0,47.19059134,300.0,0.064258316
415,4.3,N,67.0,97.24711662,271.0,0.057365536
245,4.1,S,85.0,60.30549174,284.0,0.013213182
156,3.8,S,25.0,87.46602241,190.0,0.038040479
559,4.4,S,88.0,122.5897295,875.0,0.023291684
8813,4.3,S,79.0,126.0,637.0,0.007841214
302,4.4,N,51.0,137.0707808,367.0,0.003369671
502,4.0,S,86.0,141.76057,558.0,0.006019716
494,4.0,S,54.0,157.333377,1141.0,0.003923821
271,4.3,S,79.0,110.3724988,366.0,0.009321793
224,4.3,R,50.0,28.20382723,273.0,0.091460479
8484,4.2,N,69.0,81.0,580.0,0.028953299
248,3.9,S,37.0,69.1853472,131.0,0.030873227
202,4.3,S,77.0,186.1634562,282.0,0.028959157
742,4.1,N,15.0,85.6696651,356.0,0.029421152
414,4.1,S,66.0,114.8188489,549.0,0.00815198
381,4.0,N,38.0,13.76382495,340.0,0.074934917
530,4.0,N,55.0,76.80880268,894.0,0.012520158
333,4.4,S,77.0,25.16715058,660.0,0.101431947
495,4.4,S,54.0,27.48107527,314.0,0.246571575
280,4.2,R,57.0,16.05310153,382.0,0.148288197
8523,4.4,N,47.0,156.0,236.0,0.008616333
584,4.1,S,88.0,112.635661,875.0,0.008875052
245,4.1,S,85.0,66.78371406,529.0,0.012951688
707,4.2,N,55.0,83.45328079,207.0,0.01680469
9231,4.0,R,36.0,65.0,555.0,0.0208322
394,4.3,S,47.0,176.9400859,875.0,0.007756242
485,4.1,N,43.0,91.1885964,271.0,0.015129106
442,3.8,S,53.0,118.9271445,827.0,0.007317644
165,4.3,N,47.0,90.22356806,271.0,0.007351421
614,4.4,N,63.0,64.7951822,341.0,0.095460254
463,4.1,S,73.0,27.62503899,284.0,0.227406224
294,4.3,S,73.0,54.49228065,695.0,0.069403777
254,4.3,S,85.0,72.58379119,366.0,0.069102367
283,4.2,S,69.0,38.37389738,510.0,0.05164207
683,4.0,S,86.0,85.19126378,373.0,0.019387281
296,4.3,S,78.0,61.84580653,193.0,0.084733198
166,3.5,S,81.0,124.4211364,346.0,0.005460978
674,4.1,S,78.0,128.4720373,398.0,0.006113136
505,4.2,R,90.0,172.1383828,391.0,0.008435823
157,4.0,S,87.0,133.8771172,561.0,0.009307039
185,4.3,S,90.0,108.5689836,324.0,0.017584702
706,4.1,N,55.0,74.47342674,836.0,0.011699304
8554,4.1,N,32.0,126.0,873.0,0.007225684
220,4.0,S,81.0,24.59280863,468.0,0.131972145
8796,4.4,S,67.0,167.0,452.0,0.015077129
495,4.4,S,54.0,26.50835055,570.0,0.217414328
552,4.1,S,79.0,93.482003,488.0,0.042413667
88,4.4,S,61.0,69.04020012,460.0,0.174317015
174,3.7,S,77.0,51.49183506,714.0,0.045375384
407,3.9,S,79.0,135.9994566,361.0,0.008456195
308,3.7,S,65.0,98.47831425,543.0,0.006692649
8820,4.2,S,89.0,42.0,292.0,0.093203999
9234,4.3,N,62.0,114.0,377.0,0.02153834
699,4.1,N,55.0,61.96921741,695.0,0.055349577
443,4.1,N,45.0,62.07122163,344.0,0.046139691
559,4.4,S,88.0,129.4553698,131.0,0.072081767
460,4.1,N,81.0,58.0154718,366.0,0.089476225
8658,4.0,N,35.0,132.0,986.0,0.003540343
673,4.2,S,76.0,148.6150644,1862.0,0.016004027
9231,4.0,R,36.0,152.0,637.0,0.002888956
334,3.7,S,86.0,23.38765808,376.0,0.086751269
340,4.1,S,79.0,48.27932465,280.0,0.110691558
207,4.0,S,56.0,68.89048559,361.0,0.018430627
294,4.3,S,73.0,154.6856155,387.0,0.022788439
721,4.0,N,55.0,68.87746973,771.0,0.00974058
478,4.3,N,39.0,138.8523287,344.0,0.018418402
614,4.4,N,63.0,184.4845089,314.0,0.026900209
735,4.2,S,87.0,80.62648445,415.0,0.142722029
332,4.2,S,81.0,75.63268874,1380.0,0.002476978
210,3.8,N,39.0,8.206167867,312.0,0.293165055
191,4.2,S,90.0,179.9844923,662.0,0.009296943
598,4.3,S,89.0,180.9693329,317.0,0.020599981
506,4.2,S,83.0,114.6209109,286.0,0.057862612
641,4.3,S,80.0,73.16018548,375.0,0.037802744
144,3.8,S,74.0,65.89514393,463.0,0.093560647
413,4.2,N,41.0,30.17299312,948.0,0.039204751
624,4.2,S,82.0,94.66299703,171.0,0.041702908
328,4.4,N,44.0,178.3652402,293.0,0.022246767
682,4.2,S,88.0,44.41176244,313.0,0.016999014
316,4.1,S,44.0,78.98361022,193.0,0.068837663
318,4.1,N,23.0,110.2976805,286.0,0.056322225
728,4.1,N,55.0,81.23630063,459.0,0.110104151
581,4.3,S,57.0,73.9063123,654.0,0.00956697
499,4.2,N,26.0,78.99822284,337.0,0.017972218
574,4.2,S,60.0,104.6147064,328.0,0.086834
677,4.1,S,87.0,111.1767424,450.0,0.005365661
590,4.4,S,67.0,95.78590978,660.0,0.017862261
8757,3.9,S,90.0,81.0,555.0,0.015372888
495,4.4,S,54.0,66.95247745,253.0,0.041528217
147,3.9,S,41.0,43.79622935,459.0,0.018444596
229,4.0,N,41.0,198.7805697,387.0,0.013935361
448,4.0,S,53.0,141.1177283,425.0,0.009824856
516,4.1,N,28.0,85.92737126,236.0,0.023578616
308,3.7,S,65.0,39.16400001,815.0,0.018310389
8755,4.2,S,79.0,134.0,484.0,0.028378874
422,4.0,S,55.0,146.103865,533.0,0.034639354
701,4.2,N,55.0,81.39250949,131.0,0.09660031
292,4.3,S,60.0,98.52470458,387.0,0.016173601
447,4.3,S,82.0,93.75816536,328.0,0.044240967
8484,4.2,N,69.0,82.0,356.0,0.066924476
209,4.2,S,68.0,195.4375108,376.0,0.003530974
402,4.1,N,38.0,70.39331848,894.0,0.026244446
613,4.0,N,67.0,42.70752284,229.0,0.050557395
180,4.1,S,81.0,82.29142254,286.0,0.022828849
432,4.0,N,41.0,74.7662156,567.0,0.012432257
560,4.1,S,80.0,122.0971574,875.0,0.00943869
359,3.8,N,49.0,78.68988321,313.0,0.022650521
164,3.8,S,83.0,54.50579928,1380.0,0.0145245
220,4.0,S,81.0,43.62525206,205.0,0.038639345
242,4.2,N,40.0,74.45901539,662.0,0.036946759
288,3.8,N,52.0,32.68952744,390.0,0.045573929
736,4.0,N,55.0,61.00549945,306.0,0.090640769
349,4.0,S,47.0,54.23431366,558.0,0.04347535
417,3.7,S,84.0,23.29045396,372.0,0.113021716
198,4.0,N,74.0,22.36001117,403.0,0.071716102
569,4.1,S,54.0,84.40983762,875.0,0.016768581
8893,4.3,S,84.0,33.0,484.0,0.094462821
248,3.9,S,37.0,56.7424559,460.0,0.020445476
157,4.0,S,87.0,86.38247641,192.0,0.062939442
233,4.3,S,54.0,86.73113354,459.0,0.032912202
308,3.7,S,65.0,75.68811487,528.0,0.012270274
150,3.7,R,67.0,107.812508,255.0,0.031143875
398,4.4,N,35.0,67.23604426,696.0,0.011362897
505,4.2,R,90.0,155.4700736,215.0,0.012467341
8933,4.2,S,82.0,75.0,321.0,0.071681118
221,3.9,S,65.0,47.24688157,271.0,0.04882415
619,4.0,S,79.0,91.5650095,131.0,0.044206924
476,4.3,S,76.0,98.84866574,221.0,0.014253219
151,4.0,N,78.0,63.64052203,233.0,0.064089647
157,4.0,S,87.0,122.5267218,277.0,0.025771038
378,4.2,N,39.0,67.19023275,145.0,0.06575211
560,4.1,S,80.0,128.9336672,131.0,0.031635099
699,4.1,N,55.0,78.4317227,694.0,0.029827286
241,3.9,N,69.0,87.90091253,671.0,0.022844897
306,4.0,N,36.0,97.16032203,1080.0,0.013036507
271,4.3,S,79.0,116.2377465,561.0,0.012781706
188,4.3,S,77.0,111.3231718,304.0,0.041323455
570,4.2,S,75.0,143.1247768,369.0,0.016065042
570,4.2,S,75.0,175.3196883,214.0,0.082426519
602,4.1,N,25.0,18.50550022,292.0,0.280448226
242,4.2,N,40.0,112.4325827,304.0,0.021918546
290,4.0,S,47.0,48.69081738,608.0,0.00927817
448,4.0,S,53.0,97.75403693,398.0,0.013636813
527,4.2,N,74.0,58.52269901,344.0,0.032850176
9233,4.4,R,50.0,79.0,715.0,0.025878067
233,4.3,S,54.0,96.14423159,415.0,0.026491087
156,3.8,S,25.0,119.1005154,224.0,0.019184061
458,4.3,N,43.0,111.1286046,234.0,0.095269302
159,4.4,S,81.0,166.8295528,310.0,0.026746048
342,4.0,S,86.0,89.81467837,671.0,0.0353885
453,4.4,S,69.0,153.5004399,480.0,0.02115262
404,3.9,N,37.0,61.74447425,393.0,0.009728258
571,4.0,S,62.0,92.76686098,131.0,0.035192513
614,4.4,N,63.0,101.7481337,745.0,0.03574617
624,4.2,S,82.0,192.2950241,348.0,0.019835376
539,4.2,S,84.0,76.33780056,315.0,0.020071695
417,3.7,S,84.0,25.76490318,594.0,0.193890825
341,4.2,S,75.0,25.2447991,366.0,0.743113251
571,4.0,S,62.0,87.17421576,827.0,0.009894196
344,4.0,N,42.0,38.30821685,249.0,0.112907026
698,4.0,N,55.0,18.46129609,307.0,0.242575084
226,4.2,N,51.0,32.95017534,567.0,0.072084964
239,4.2,S,76.0,48.17252034,758.0,0.07869128
587,4.0,S,86.0,152.1418239,391.0,0.004970325
8813,4.3,S,79.0,185.0,280.0,0.018667183
736,4.0,N,55.0,121.0740674,747.0,0.002376596
159,4.4,S,81.0,70.20973937,1007.0,0.036532426
496,4.1,N,88.0,136.0278078,450.0,0.006501511
422,4.0,S,55.0,133.3012494,426.0,0.040082838
8872,4.3,S,78.0,72.0,955.0,0.010517034
535,4.1,N,63.0,133.5486942,450.0,0.014944978
90,4.4,S,87.0,45.23069917,771.0,0.039867203
258,4.2,N,33.0,89.25315232,278.0,0.018748868
165,4.3,N,47.0,113.2085305,273.0,0.010638591
559,4.4,S,88.0,183.2211146,532.0,0.015303797
8512,4.2,S,61.0,66.0,747.0,0.007347909
485,4.1,N,43.0,43.8459227,827.0,0.04557253
629,4.1,S,59.0,168.6179857,561.0,0.022315509
174,3.7,S,77.0,42.61595613,720.0,0.03351648
525,4.0,S,84.0,75.0894607,445.0,0.007251758
362,4.3,N,55.0,164.1322676,391.0,0.015025685
677,4.1,S,87.0,89.94933579,1380.0,0.002760597
176,3.9,S,68.0,57.09649383,815.0,0.024721771
571,4.0,S,62.0,129.7702909,1141.0,0.00771178
221,3.9,S,65.0,147.3771308,219.0,0.012341189
597,4.1,S,58.0,185.4086628,314.0,0.013585722
703,4.0,N,55.0,93.27371601,207.0,0.013922642
515,4.1,N,82.0,109.6209536,462.0,0.006770179
559,4.4,S,88.0,192.4501332,901.0,0.006920074
599,4.1,S,90.0,71.06527345,481.0,0.012240116
407,3.9,S,79.0,155.0259875,629.0,0.0258432
8825,4.3,S,70.0,100.0,403.0,0.061734316
597,4.1,S,58.0,97.76237273,259.0,0.112982152
8455,4.0,N,45.0,135.0,429.0,0.021355388
9228,4.0,S,65.0,118.0,390.0,0.010910205
614,4.4,N,63.0,111.0023875,328.0,0.093600824
9231,4.0,R,36.0,84.0,186.0,0.026928974
248,3.9,S,37.0,103.3048625,229.0,0.013967398
8933,4.2,S,82.0,109.0,441.0,0.064490788
613,4.0,N,67.0,97.79253943,745.0,0.01841831
396,4.2,N,55.0,8.915239579,747.0,0.153492499
513,4.2,S,66.0,53.45493341,206.0,0.049279852
471,4.1,S,76.0,24.6639534,469.0,0.080192996
528,4.3,S,77.0,79.56811909,608.0,0.032756607
422,4.0,S,55.0,167.7650765,221.0,0.036336761
219,4.2,N,44.0,33.5000571,599.0,0.114828222
156,3.8,S,25.0,166.863988,324.0,0.018934809
355,4.2,S,85.0,67.44989235,875.0,0.027674895
650,4.0,N,55.0,60.26289802,555.0,0.023387025
460,4.1,N,81.0,126.9119051,375.0,0.045859955
484,4.0,S,78.0,89.10366956,555.0,0.0070185
561,4.2,S,76.0,87.68572335,367.0,0.016465483
8785,4.3,S,69.0,109.0,340.0,0.083219674
585,4.0,S,83.0,27.04767927,1380.0,0.031855326
180,4.1,S,81.0,41.2714094,307.0,0.03347863
451,3.9,N,50.0,58.22946859,387.0,0.016168404
241,3.9,N,69.0,111.1299962,460.0,0.003718517
8484,4.2,N,69.0,70.0,219.0,0.082471438
470,4.0,S,69.0,155.1423642,460.0,0.009202554
249,3.9,N,48.0,56.73666848,131.0,0.057340558
493,4.0,N,65.0,174.6272997,183.0,0.038193854
656,4.1,S,59.0,116.6346067,450.0,0.02481575
341,4.2,S,75.0,31.11926728,403.0,0.386462076
363,4.1,N,45.0,62.51704585,271.0,0.018742643
409,3.9,N,58.0,31.54231006,732.0,0.008215556
506,4.2,S,83.0,97.99800266,387.0,0.024344216
8824,4.2,S,73.0,73.0,445.0,0.037551506
426,3.9,S,73.0,90.34982031,328.0,0.023816553
376,4.2,S,55.0,147.7929684,429.0,0.02304725
8795,3.8,N,70.0,148.0,288.0,0.024797551
535,4.1,N,63.0,126.5722338,284.0,0.009338479
534,4.4,N,70.0,65.75091633,286.0,0.095878051
510,4.2,S,66.0,56.69943508,206.0,0.01741994
245,4.1,S,85.0,74.62830685,373.0,0.016754752
249,3.9,N,48.0,120.4884667,219.0,0.014989046
476,4.3,S,76.0,88.62177139,271.0,0.031535547
221,3.9,S,65.0,21.9152763,328.0,0.265257754
8827,4.3,S,71.0,86.0,463.0,0.048036874
629,4.1,S,59.0,40.82455952,555.0,0.05312029
202,4.3,S,77.0,108.0652321,229.0,0.424240926
563,4.2,S,74.0,63.131759,437.0,0.049921385
382,4.1,S,83.0,105.8041144,328.0,0.068355955
470,4.0,S,69.0,68.25135035,459.0,0.015567393
241,3.9,N,69.0,125.4028464,377.0,0.008278404
8933,4.2,S,82.0,101.0,662.0,0.091876553
9135,4.2,S,82.0,102.0,501.0,0.012482618
495,4.4,S,54.0,78.48349263,188.0,0.065834395
573,4.1,S,66.0,85.71895498,875.0,0.009828701
482,4.2,N,71.0,76.717687,986.0,0.011798607
505,4.2,R,90.0,58.12586907,488.0,0.009893633
8772,4.4,R,38.0,147.0,338.0,0.012168464
487,4.3,S,81.0,101.2793588,549.0,0.029478693
394,4.3,S,47.0,98.90238683,372.0,0.014531157
156,3.8,S,25.0,179.1915211,914.0,0.00487581
8795,3.8,N,70.0,107.0,336.0,0.057338964
570,4.2,S,75.0,86.77817537,561.0,0.017603045
619,4.0,S,79.0,46.01583686,300.0,0.026417716
176,3.9,S,68.0,30.50697399,660.0,0.084182692
355,4.2,S,85.0,58.15125919,771.0,0.016337203
164,3.8,S,83.0,27.16481205,907.0,0.055862914
502,4.0,S,86.0,153.9142102,500.0,0.008044594
702,4.1,S,90.0,77.40195967,894.0,0.007465469
487,4.3,S,81.0,78.6719901,1113.0,0.021940535
375,3.9,S,71.0,103.1718445,415.0,0.022222186
424,4.4,N,32.0,86.12275426,580.0,0.046750747
425,4.0,S,83.0,31.23778592,694.0,0.070695306
178,4.3,N,45.0,145.7840234,285.0,0.007297061
721,4.0,N,55.0,141.102354,234.0,0.011965201
570,4.2,S,75.0,92.68212192,223.0,0.050585049
8458,4.4,N,50.0,97.0,226.0,0.089856847
149,3.9,S,89.0,40.46143865,315.0,0.077848674
487,4.3,S,81.0,126.3012573,696.0,0.009303111
597,4.1,S,58.0,84.06236171,827.0,0.017179811
344,4.0,N,42.0,35.37923242,270.0,0.188080254
280,4.2,R,57.0,31.24225482,300.0,0.134834612
383,4.1,N,19.0,74.45237777,328.0,0.020889151
403,4.4,N,35.0,72.859024,986.0,0.02130617
383,4.1,N,19.0,58.20624634,415.0,0.021489514
284,4.2,R,40.0,125.2957472,416.0,0.012516328
297,3.8,N,74.0,180.7588511,329.0,0.002143985
191,4.2,S,90.0,159.355179,330.0,0.015528607
254,4.3,S,85.0,37.80047971,214.0,0.111161888
405,3.7,N,44.0,59.44215771,393.0,0.013937717
436,4.1,N,49.0,82.88792249,387.0,0.045360091
572,4.0,S,62.0,80.97215453,361.0,0.033757921
425,4.0,S,83.0,91.4100541,369.0,0.017814552
249,3.9,N,48.0,142.6393133,732.0,0.001273028
159,4.4,S,81.0,169.3260797,870.0,0.020000366
574,4.2,S,60.0,94.28859158,223.0,0.01356043
650,4.0,N,55.0,130.5147056,377.0,0.008090068
143,3.9,S,44.0,9.587409068,484.0,0.344254644
328,4.4,N,44.0,158.121062,827.0,0.007630524
575,4.2,S,52.0,123.0236314,414.0,0.014123375
429,4.0,S,61.0,71.71614732,532.0,0.023204384
505,4.2,R,90.0,194.0209503,403.0,0.012373937
141,4.0,S,48.0,32.03085053,758.0,0.058411608
334,3.7,S,86.0,52.54528681,652.0,0.035445329
188,4.3,S,77.0,113.727612,683.0,0.012538778
408,4.2,N,59.0,37.2128864,323.0,0.128675364
730,4.4,R,72.0,161.5205374,303.0,0.013336882
430,4.2,N,43.0,67.77789607,278.0,0.027025674
728,4.1,N,55.0,150.9518641,558.0,0.009299104
441,4.0,N,18.0,48.38498306,683.0,0.02225274
424,4.4,N,32.0,59.39295406,630.0,0.046733907
471,4.1,S,76.0,162.8900464,310.0,0.01728508
9234,4.3,N,62.0,65.0,463.0,0.112027674
460,4.1,N,81.0,171.6896603,249.0,0.026390454
673,4.2,S,76.0,54.16085754,330.0,0.059896367
197,4.1,N,63.0,89.67514521,366.0,0.073056094
9226,4.0,R,20.0,141.0,426.0,0.011621806
484,4.0,S,78.0,27.71315458,368.0,0.05713887
621,4.2,S,84.0,40.93035563,555.0,0.044845789
587,4.0,S,86.0,87.37357571,827.0,0.010058841
476,4.3,S,76.0,122.874869,469.0,0.019038722
575,4.2,S,52.0,140.3482795,390.0,0.009372544
602,4.1,N,25.0,137.0182503,271.0,0.023574401
484,4.0,S,78.0,43.3456912,255.0,0.179067026
364,4.2,N,53.0,101.9642169,460.0,0.030940665
194,4.1,S,90.0,152.1428359,709.0,0.002898058
493,4.0,N,65.0,34.4847668,348.0,0.068646402
649,4.3,S,83.0,30.01762137,955.0,0.0397693
220,4.0,S,81.0,29.23717393,414.0,0.04804612
8457,4.2,S,69.0,91.0,771.0,0.070458304
697,4.0,N,55.0,66.89926152,131.0,0.083025894
248,3.9,S,37.0,75.33983554,387.0,0.022402831
629,4.1,S,59.0,175.1089705,758.0,0.017669055
449,4.0,S,70.0,24.82956541,663.0,0.234048216
277,4.2,S,67.0,182.2706699,914.0,0.006665168
470,4.0,S,69.0,85.36462311,340.0,0.015688569
586,4.3,S,83.0,70.69822408,481.0,0.010115157
505,4.2,R,90.0,99.01474291,300.0,0.01872822
8820,4.2,S,89.0,140.0,1141.0,0.008836631
316,4.1,S,44.0,140.2109098,145.0,0.030415014
505,4.2,R,90.0,155.6235438,381.0,0.011560903
9223,4.0,S,46.0,48.0,583.0,0.014885629
528,4.3,S,77.0,85.58312278,207.0,0.075136741
401,4.3,N,39.0,43.7808144,278.0,0.030510372
498,4.2,S,72.0,36.82496443,414.0,0.094595078
230,4.2,S,59.0,110.6084146,549.0,0.012571173
650,4.0,N,55.0,125.2607655,470.0,0.019524699
8456,4.4,S,86.0,40.0,207.0,0.253345111
390,4.2,N,55.0,136.123696,328.0,0.010867784
528,4.3,S,77.0,117.2582687,286.0,0.067572885
711,4.0,N,55.0,51.32802846,414.0,0.096779439
518,4.3,N,74.0,82.5042649,345.0,0.033542391
8920,4.1,R,52.0,87.0,365.0,0.032882239
373,3.9,N,39.0,47.16754066,361.0,0.006597682
320,3.9,N,31.0,178.2317216,321.0,0.01046417
57,4.3,R,85.0,85.38056818,460.0,0.011601062
569,4.1,S,54.0,109.0223889,328.0,0.025025516
584,4.1,S,88.0,55.14734218,660.0,0.011944982
359,3.8,N,49.0,43.20788538,629.0,0.043488028
210,3.8,N,39.0,66.68599399,305.0,0.015146052
9135,4.2,S,82.0,31.0,186.0,0.231317086
254,4.3,S,85.0,19.61025465,429.0,0.083553533
276,4.2,N,48.0,141.7645208,629.0,0.018012879
573,4.1,S,66.0,92.86015957,205.0,0.019249472
338,4.3,N,39.0,28.68709463,403.0,0.06127832
475,4.1,N,40.0,50.37043342,444.0,0.091157119
291,4.0,S,63.0,74.66123051,131.0,0.023018812
287,3.6,S,53.0,55.65276749,618.0,0.016142254
316,4.1,S,44.0,114.2247637,558.0,0.020375645
378,4.2,N,39.0,77.2690032,1141.0,0.04639358
422,4.0,S,55.0,113.9895916,558.0,0.036229798
249,3.9,N,48.0,74.54960011,341.0,0.030809636
495,4.4,S,54.0,178.2761259,338.0,0.022753206
369,4.2,S,69.0,83.14814189,745.0,0.018731159
357,3.9,S,58.0,41.43991091,416.0,0.049667986
598,4.3,S,89.0,72.5336937,815.0,0.012795121
373,3.9,N,39.0,77.49516647,196.0,0.008790044
523,4.3,N,74.0,37.87841783,805.0,0.46544097
723,4.1,N,54.0,60.88152972,630.0,0.048991377
742,4.1,N,15.0,98.57767197,219.0,0.030603942
611,4.2,S,90.0,150.0875188,372.0,0.009202125
196,4.3,S,90.0,53.29498514,316.0,0.053697936
74,4.0,N,64.0,87.22870074,267.0,0.301929762
611,4.2,S,90.0,42.92504385,1380.0,0.045554683
681,4.4,S,72.0,26.17668305,214.0,0.197506156
589,4.2,S,80.0,38.99432892,555.0,0.134531745
703,4.0,N,55.0,64.77488529,745.0,0.062619078
9248,4.4,S,77.0,149.0,936.0,0.02237911
8917,4.4,S,88.0,147.0,530.0,0.02190292
294,4.3,S,73.0,46.01771317,414.0,0.286191722
402,4.1,N,38.0,92.81060041,307.0,0.032990406
502,4.0,S,86.0,195.6241122,336.0,0.005558946
9226,4.0,R,20.0,72.0,545.0,0.018919974
9231,4.0,R,36.0,119.0,583.0,0.012812086
8570,4.1,N,23.0,55.0,907.0,0.014846695
8484,4.2,N,69.0,67.0,337.0,0.033606215
534,4.4,N,70.0,149.3458033,488.0,0.02585054
297,3.8,N,74.0,93.71661095,978.0,0.004819957
519,4.1,S,85.0,50.35603025,481.0,0.049362301
420,4.4,N,48.0,55.67187256,894.0,0.03658262
476,4.3,S,76.0,20.45210311,426.0,0.389194632
261,3.9,N,66.0,26.8019157,247.0,0.02354392
600,4.4,S,74.0,126.1150831,376.0,0.034938513
458,4.3,N,43.0,19.7385996,462.0,0.56840432
490,4.2,R,29.0,138.8196625,273.0,0.012583679
442,3.8,S,53.0,51.05401586,629.0,0.045210989
574,4.2,S,60.0,130.6927322,271.0,0.0568822
196,4.3,S,90.0,58.26722265,270.0,0.064707445
141,4.0,S,48.0,193.2163612,735.0,0.005638908
588,4.3,S,68.0,84.40712645,907.0,0.006092056
413,4.2,N,41.0,48.13288144,278.0,0.020401803
178,4.3,N,45.0,115.9419238,1113.0,0.007991223
383,4.1,N,19.0,54.9811021,313.0,0.060009125
634,4.1,N,65.0,101.2021533,1080.0,0.010902264
252,3.8,S,80.0,45.54028835,1080.0,0.030847115
203,3.9,N,87.0,128.9810958,387.0,0.02675885
493,4.0,N,65.0,92.42793269,1000.0,0.009664917
274,3.7,S,39.0,78.50485294,561.0,0.00967537
422,4.0,S,55.0,63.36049479,721.0,0.067899387
673,4.2,S,76.0,34.16801076,538.0,0.159018366
364,4.2,N,53.0,67.96656572,608.0,0.012114818
616,4.3,S,84.0,89.52493043,358.0,0.025978705
314,4.3,N,49.0,22.43658778,366.0,0.796257365
483,4.3,S,60.0,141.5844243,367.0,0.005629367
704,4.0,N,55.0,84.83217062,328.0,0.02267833
510,4.2,S,66.0,47.15613711,462.0,0.099986384
449,4.0,S,70.0,93.09379617,907.0,0.010474844
9234,4.3,N,62.0,91.0,721.0,0.046888601
106,4.2,N,66.0,87.09588669,412.0,0.097790858
9233,4.4,R,50.0,114.0,445.0,0.013374906
317,4.0,N,28.0,137.1832012,683.0,0.030835214
292,4.3,S,60.0,113.3719492,306.0,0.04338429
742,4.1,N,15.0,100.0537382,278.0,0.007095066
280,4.2,R,57.0,29.66805051,366.0,0.283343879
666,4.4,S,76.0,79.20354743,654.0,0.009850578
378,4.2,N,39.0,87.08983405,444.0,0.040020834
350,4.0,N,39.0,125.7332945,555.0,0.017478283
9233,4.4,R,50.0,104.0,430.0,0.020766639
123,4.3,S,80.0,34.21614667,315.0,0.179084283
220,4.0,S,81.0,18.8549563,1141.0,0.040326989
420,4.4,N,48.0,49.29488672,1323.0,0.037075365
481,4.1,S,72.0,96.14147741,714.0,0.019258492
384,3.9,S,74.0,52.53754406,558.0,0.014630009
624,4.2,S,82.0,113.2863745,397.0,0.019908765
464,3.8,S,87.0,128.6028819,484.0,0.012267389
268,4.1,S,88.0,73.76925697,875.0,0.032623762
277,4.2,S,67.0,176.3103433,225.0,0.023023897
514,4.3,S,80.0,8.466540906,735.0,0.511871475
233,4.3,S,54.0,86.97043125,771.0,0.010632273
682,4.2,S,88.0,77.31333209,452.0,0.032172232
373,3.9,N,39.0,86.59871077,558.0,0.009483991
460,4.1,N,81.0,108.1186269,315.0,0.052648124
554,4.0,S,62.0,107.5599944,715.0,0.015500718
364,4.2,N,53.0,135.001404,894.0,0.00404855
574,4.2,S,60.0,91.24200148,695.0,0.042971334
288,3.8,N,52.0,79.24907115,549.0,0.013380196
221,3.9,S,65.0,70.46716339,361.0,0.063451648
657,4.2,S,76.0,76.62002772,362.0,0.02233559
289,3.9,S,61.0,16.83322033,805.0,0.095360306
341,4.2,S,75.0,151.0803686,340.0,0.013467165
178,4.3,N,45.0,51.99262134,1323.0,0.02340723
484,4.0,S,78.0,62.46184,422.0,0.0357373
371,3.9,N,60.0,121.1672598,430.0,0.010139454
8890,4.2,N,53.0,147.0,629.0,0.015466782
297,3.8,N,74.0,170.3660663,691.0,0.002072094
624,4.2,S,82.0,86.56699578,561.0,0.01266221
719,4.2,N,55.0,83.6407369,196.0,0.026515837
281,3.6,S,86.0,82.12206115,301.0,0.01254901
248,3.9,S,37.0,72.69397741,745.0,0.02193586
230,4.2,S,59.0,77.95181245,894.0,0.019878751
624,4.2,S,82.0,113.9721973,265.0,0.0847433
210,3.8,N,39.0,21.46036016,348.0,0.094250081
532,4.4,S,86.0,98.7442855,907.0,0.008491556
374,4.2,S,60.0,67.10687404,414.0,0.103115983
239,4.2,S,76.0,107.0544532,246.0,0.1795872
364,4.2,N,53.0,88.14616345,460.0,0.037524704
185,4.3,S,90.0,122.8474524,444.0,0.010879206
505,4.2,R,90.0,76.99467038,199.0,0.017284254
179,4.2,R,52.0,175.7221979,246.0,0.024824459
364,4.2,N,53.0,113.1504431,307.0,0.025820102
89,4.0,S,57.0,77.65664561,145.0,0.046625829
8917,4.4,S,88.0,89.0,215.0,0.028982759
448,4.0,S,53.0,122.6687731,804.0,0.007685533
673,4.2,S,76.0,140.4576689,312.0,0.044012821
443,4.1,N,45.0,29.66639967,466.0,0.058696107
624,4.2,S,82.0,46.70481623,229.0,0.249523946
450,3.9,S,81.0,37.5442648,663.0,0.048967912
460,4.1,N,81.0,90.88270345,330.0,0.04960027
308,3.7,S,65.0,18.56859814,579.0,0.073920759
470,4.0,S,69.0,73.22872111,836.0,0.012984154
239,4.2,S,76.0,131.8049893,946.0,0.030815104
155,4.0,N,62.0,113.1629083,296.0,0.057020641
433,4.2,N,55.0,66.27744193,278.0,0.017090713
572,4.0,S,62.0,92.68555537,286.0,0.050997936
559,4.4,S,88.0,180.5782761,199.0,0.02618664
179,4.2,R,52.0,43.46084622,659.0,0.054725338
9234,4.3,N,62.0,11.0,347.0,0.308173876
613,4.0,N,67.0,107.9141909,328.0,0.035273465
8484,4.2,N,69.0,49.0,1010.0,0.075741271
9231,4.0,R,36.0,41.0,347.0,0.038854763
572,4.0,S,62.0,134.0773994,343.0,0.011090972
207,4.0,S,56.0,27.6821849,460.0,0.073284586
180,4.1,S,81.0,52.46938337,459.0,0.033256341
342,4.0,S,86.0,9.014228881,315.0,0.652392159
9233,4.4,R,50.0,81.0,501.0,0.0399368
241,3.9,N,69.0,88.94630925,597.0,0.007174342
478,4.3,N,39.0,101.2259718,371.0,0.034863719
446,3.9,S,57.0,42.23583463,481.0,0.02492732
624,4.2,S,82.0,124.5783016,304.0,0.035935055
571,4.0,S,62.0,33.34378644,238.0,0.039117684
571,4.0,S,62.0,92.84762491,171.0,0.017721251
532,4.4,S,86.0,70.01362933,372.0,0.033996098
458,4.3,N,43.0,75.75961058,337.0,0.030416968
362,4.3,N,55.0,134.0917877,293.0,0.044151165
453,4.4,S,69.0,192.9507818,421.0,0.014259216
233,4.3,S,54.0,39.8259572,532.0,0.027294113
8757,3.9,S,90.0,71.0,330.0,0.013690421
597,4.1,S,58.0,159.1428955,683.0,0.016548112
471,4.1,S,76.0,110.8916448,558.0,0.02388046
123,4.3,S,80.0,124.8424352,409.0,0.088784375
242,4.2,N,40.0,64.78367925,366.0,0.025817788
203,3.9,N,87.0,37.19095743,429.0,0.059417937
374,4.2,S,60.0,74.94124423,313.0,0.082459232
719,4.2,N,55.0,78.16500854,468.0,0.022192156
573,4.1,S,66.0,87.14952126,270.0,0.017701474
398,4.4,N,35.0,59.6611601,630.0,0.019027462
362,4.3,N,55.0,65.52063206,459.0,0.031971259
495,4.4,S,54.0,144.2562899,683.0,0.034767564
277,4.2,S,67.0,87.3990704,561.0,0.027975007
711,4.0,N,55.0,69.24175151,459.0,0.092750701
510,4.2,S,66.0,64.49281886,359.0,0.02008497
392,4.1,N,37.0,151.5249564,313.0,0.004567775
460,4.1,N,81.0,64.72396346,397.0,0.026150494
185,4.3,S,90.0,39.75799548,429.0,0.012451187
301,4.0,N,37.0,59.38641332,219.0,0.083678722
8893,4.3,S,84.0,59.0,523.0,0.122542209
590,4.4,S,67.0,194.344481,315.0,0.018295369
404,3.9,N,37.0,15.79519293,747.0,0.053360482
641,4.3,S,80.0,80.43812967,315.0,0.035449631
147,3.9,S,41.0,29.91238025,205.0,0.039516117
8553,4.2,S,88.0,91.0,618.0,0.020133285
8599,4.1,N,50.0,66.0,732.0,0.009467264
57,4.3,R,85.0,72.734161,366.0,0.080096553
350,4.0,N,39.0,86.92081317,412.0,0.039868408
202,4.3,S,77.0,121.5247784,358.0,0.077673272
598,4.3,S,89.0,70.76458438,391.0,0.056761042
569,4.1,S,54.0,136.1888077,343.0,0.017004515
599,4.1,S,90.0,182.7528307,709.0,0.00530717
621,4.2,S,84.0,48.39405181,907.0,0.050937498
144,3.8,S,74.0,51.38520146,430.0,0.011580752
277,4.2,S,67.0,20.81033337,348.0,0.908264943
720,4.1,N,55.0,80.6819492,131.0,0.059836874
415,4.3,N,67.0,67.59284556,466.0,0.03272732
699,4.1,N,55.0,40.22091648,1141.0,0.034307908
614,4.4,N,63.0,93.85935742,205.0,0.048159152
471,4.1,S,76.0,40.10606718,484.0,0.019227026
485,4.1,N,43.0,97.23837861,630.0,0.009687636
364,4.2,N,53.0,57.91416953,875.0,0.024347175
221,3.9,S,65.0,92.9058402,986.0,0.005259381
602,4.1,N,25.0,86.98405898,270.0,0.058821434
277,4.2,S,67.0,99.62172298,381.0,0.031476724
599,4.1,S,90.0,91.50003474,907.0,0.003423692
9226,4.0,R,20.0,104.0,428.0,0.025349277
734,4.0,S,80.0,36.47210814,248.0,0.592750283
431,4.0,R,52.0,32.46238326,293.0,0.067463166
474,4.4,N,41.0,131.9830479,219.0,0.057933724
464,3.8,S,87.0,101.4648661,481.0,0.027703693
277,4.2,S,67.0,129.5270762,662.0,0.050963956
624,4.2,S,82.0,90.06083702,836.0,0.019111902
193,4.2,S,85.0,135.3300643,514.0,0.052484398
77,4.4,S,57.0,54.93127995,285.0,0.135644621
474,4.4,N,41.0,125.4732589,361.0,0.021500388
528,4.3,S,77.0,89.74712013,328.0,0.174239009
305,4.0,N,38.0,52.04106726,387.0,0.024928393
95,4.3,S,89.0,48.97438956,131.0,0.255471583
8893,4.3,S,84.0,31.0,317.0,0.293658012
443,4.1,N,45.0,53.53602429,696.0,0.017219202
363,4.1,N,45.0,132.1069614,580.0,0.0098241
271,4.3,S,79.0,46.5645022,501.0,0.033649393
597,4.1,S,58.0,111.3455055,324.0,0.017906327
342,4.0,S,86.0,22.75235675,186.0,0.696864388
514,4.3,S,80.0,156.9808963,372.0,0.013272997
518,4.3,N,74.0,34.79754559,367.0,0.173140045
720,4.1,N,55.0,84.21776742,459.0,0.010039628
519,4.1,S,85.0,167.6743068,246.0,0.02391095
210,3.8,N,39.0,9.276384479,196.0,0.632500662
547,4.4,S,82.0,55.69111171,510.0,0.026965053
9179,4.4,S,88.0,3.2,246.0,11.90288876
392,4.1,N,37.0,48.61280707,323.0,0.085291712
721,4.0,N,55.0,73.93059488,827.0,0.010556897
9234,4.3,N,62.0,14.0,390.0,0.152207389
422,4.0,S,55.0,59.58081452,317.0,0.091668325
518,4.3,N,74.0,66.92195934,232.0,0.103430371
378,4.2,N,39.0,81.51605502,695.0,0.025945736
650,4.0,N,55.0,104.1130283,460.0,0.012817834
289,3.9,S,61.0,33.34065783,390.0,0.052692175
221,3.9,S,65.0,32.94507138,145.0,0.156165403
8735,3.8,S,80.0,62.0,420.0,0.021276041
705,4.0,N,55.0,90.70611499,986.0,0.006525921
487,4.3,S,81.0,178.3857021,301.0,0.028286271
442,3.8,S,53.0,115.777029,875.0,0.01067319
505,4.2,R,90.0,130.1693472,289.0,0.0129863
597,4.1,S,58.0,105.284004,415.0,0.03425776
8457,4.2,S,69.0,103.0,827.0,0.026890005
559,4.4,S,88.0,79.90212695,444.0,0.027549359
471,4.1,S,76.0,101.3987442,720.0,0.028327111
414,4.1,S,66.0,106.221665,236.0,0.008717436
297,3.8,N,74.0,53.93897402,416.0,0.020387087
514,4.3,S,80.0,167.4207915,246.0,0.036073896
280,4.2,R,57.0,24.53064344,280.0,0.162437639
384,3.9,S,74.0,16.34828373,292.0,0.477828656
395,4.2,N,35.0,108.2527567,271.0,0.092869472
470,4.0,S,69.0,150.1509803,483.0,0.023431378
462,4.2,S,65.0,27.85245714,555.0,0.067362385
274,3.7,S,39.0,37.83769274,374.0,0.042929336
496,4.1,N,88.0,82.9803954,425.0,0.010219193
193,4.2,S,85.0,165.6334086,321.0,0.032782435
8920,4.1,R,52.0,107.0,253.0,0.036173371
523,4.3,N,74.0,42.54404693,344.0,0.068156128
364,4.2,N,53.0,74.43539209,313.0,0.042705275
9231,4.0,R,36.0,137.0,539.0,0.007313146
168,3.5,R,81.0,27.19475977,430.0,0.074718765
302,4.4,N,51.0,129.5661242,450.0,0.016402288
549,4.4,S,86.0,114.5840281,229.0,0.01234168
243,3.9,S,62.0,122.411895,441.0,0.013514379
277,4.2,S,67.0,130.1260378,224.0,0.057598539
707,4.2,N,55.0,85.69633061,196.0,0.030214217
711,4.0,N,55.0,59.82834905,468.0,0.029582438
554,4.0,S,62.0,47.79637001,426.0,0.052900365
185,4.3,S,90.0,135.5379329,538.0,0.011452674
698,4.0,N,55.0,64.23855828,323.0,0.063043822
333,4.4,S,77.0,155.2688646,428.0,0.012610626
485,4.1,N,43.0,52.90073787,328.0,0.027297729
569,4.1,S,54.0,85.94225688,444.0,0.014702314
8827,4.3,S,71.0,48.0,523.0,0.077998069
150,3.7,R,67.0,40.20059972,514.0,0.043688899
530,4.0,N,55.0,47.40097234,323.0,0.041433183
149,3.9,S,89.0,74.59155017,403.0,0.035507281
728,4.1,N,55.0,39.56407566,369.0,0.043825868
499,4.2,N,26.0,33.89341214,299.0,0.451739078
8933,4.2,S,82.0,76.0,484.0,0.10552083
514,4.3,S,80.0,108.8509203,543.0,0.021227345
534,4.4,N,70.0,138.3610822,229.0,0.077930392
401,4.3,N,39.0,86.4749904,580.0,0.026139048
701,4.2,N,55.0,87.94361701,328.0,0.063819236
154,3.8,S,78.0,130.0276105,683.0,0.003687836
375,3.9,S,71.0,66.06626832,532.0,0.029316987
161,3.9,R,51.0,64.82821862,293.0,0.22954957
598,4.3,S,89.0,77.53004165,907.0,0.042957753
736,4.0,N,55.0,75.13138429,270.0,0.043981107
221,3.9,S,65.0,46.44076482,205.0,0.099100549
284,4.2,R,40.0,41.80289154,481.0,0.05059696
349,4.0,S,47.0,34.57227788,292.0,0.085090599
328,4.4,N,44.0,180.9492799,321.0,0.014461527
292,4.3,S,60.0,144.3016958,343.0,0.02035687
613,4.0,N,67.0,78.28614972,361.0,0.023521762
355,4.2,S,85.0,39.60320836,894.0,0.035694015
220,4.0,S,81.0,34.43944917,875.0,0.026592627
736,4.0,N,55.0,76.5562467,875.0,0.013379
571,4.0,S,62.0,87.86631043,561.0,0.005141422
334,3.7,S,86.0,108.3259072,731.0,0.009776113
289,3.9,S,61.0,28.14407006,345.0,0.043952494
475,4.1,N,40.0,100.5127464,484.0,0.049457655
650,4.0,N,55.0,84.39520756,455.0,0.024339266
407,3.9,S,79.0,53.28578872,214.0,0.089298157
614,4.4,N,63.0,46.32976083,229.0,0.167130594
271,4.3,S,79.0,89.79169165,448.0,0.024362582
590,4.4,S,67.0,161.9984993,469.0,0.00704542
158,3.8,S,68.0,22.275466,555.0,0.053390913
370,4.0,N,43.0,82.95195678,366.0,0.023958927
677,4.1,S,87.0,82.56855859,340.0,0.010869319
523,4.3,N,74.0,42.7203086,356.0,0.166418731
570,4.2,S,75.0,194.1951653,570.0,0.006326474
648,4.0,S,90.0,82.26019355,735.0,0.007499347
693,4.0,N,55.0,28.67234954,369.0,0.072230547
292,4.3,S,60.0,134.7825277,265.0,0.037122377
447,4.3,S,82.0,72.29518438,207.0,0.030252882
197,4.1,N,63.0,153.6604611,321.0,0.025097936
444,3.8,S,86.0,31.08972247,248.0,0.185880188
242,4.2,N,40.0,80.87996387,300.0,0.112775851
378,4.2,N,39.0,84.10481242,340.0,0.023823225
8570,4.1,N,23.0,38.0,329.0,0.061310826
9220,4.0,S,71.0,61.0,246.0,0.030154843
505,4.2,R,90.0,75.54902424,323.0,0.007127312
704,4.0,N,55.0,57.85856985,468.0,0.018152638
703,4.0,N,55.0,73.82091319,145.0,0.077880248
210,3.8,N,39.0,95.17308643,381.0,0.014053701
719,4.2,N,55.0,129.1403025,229.0,0.01665931
146,3.8,S,61.0,53.17724195,579.0,0.019313436
350,4.0,N,39.0,68.85462569,430.0,0.025214335
143,3.9,S,44.0,49.84983637,430.0,0.01331903
423,4.2,N,35.0,62.44924393,630.0,0.021148898
174,3.7,S,77.0,130.3943676,404.0,0.029687003
151,4.0,N,78.0,62.83616987,221.0,0.070177515
8744,4.0,S,63.0,136.0,349.0,0.029666976
677,4.1,S,87.0,97.15576394,407.0,0.01547315
493,4.0,N,65.0,30.54606766,570.0,0.076254168
629,4.1,S,59.0,120.9568649,329.0,0.01376199
187,4.3,N,59.0,88.15861666,286.0,0.043890035
188,4.3,S,77.0,79.10505971,709.0,0.015027395
9233,4.4,R,50.0,96.0,390.0,0.035054425
187,4.3,N,59.0,80.49426459,403.0,0.022820899
721,4.0,N,55.0,67.43504983,694.0,0.007178805
359,3.8,N,49.0,77.25924513,328.0,0.028796533
495,4.4,S,54.0,87.3355596,303.0,0.053309357
317,4.0,N,28.0,106.9550244,328.0,0.028413849
345,4.0,S,58.0,36.23594609,363.0,0.08393325
519,4.1,S,85.0,109.947619,543.0,0.016674904
169,4.2,R,64.0,67.36319438,484.0,0.046490953
292,4.3,S,60.0,136.1109041,532.0,0.013487361
207,4.0,S,56.0,53.41729067,196.0,0.049672271
290,4.0,S,47.0,97.83055182,415.0,0.011902952
8521,4.0,S,75.0,139.0,986.0,0.002521176
736,4.0,N,55.0,32.5249676,1141.0,0.049420312
229,4.0,N,41.0,139.6632073,321.0,0.031592206
563,4.2,S,74.0,28.90059097,480.0,0.170857826
532,4.4,S,86.0,105.3119624,367.0,0.014502488
656,4.1,S,59.0,156.2806719,484.0,0.013213765
485,4.1,N,43.0,25.51566961,415.0,0.136733503
8484,4.2,N,69.0,41.0,873.0,0.0536771
277,4.2,S,67.0,42.28021111,312.0,0.158905139
147,3.9,S,41.0,59.58615827,558.0,0.011293298
8825,4.3,S,70.0,92.0,538.0,0.070614662
8933,4.2,S,82.0,112.0,317.0,0.119414261
706,4.1,N,55.0,72.70598465,196.0,0.029780054
513,4.2,S,66.0,117.4906176,462.0,0.010163965
476,4.3,S,76.0,71.07706054,444.0,0.01323121
359,3.8,N,49.0,71.8650172,358.0,0.011841278
8893,4.3,S,84.0,110.0,533.0,0.028872598
498,4.2,S,72.0,34.16768781,415.0,0.072923087
423,4.2,N,35.0,74.24412705,234.0,0.210752132
493,4.0,N,65.0,160.4394434,438.0,0.006851787
229,4.0,N,41.0,75.56919018,629.0,0.032554032
249,3.9,N,48.0,128.3346577,193.0,0.015810493
202,4.3,S,77.0,26.13034902,555.0,0.144190895
221,3.9,S,65.0,157.7375755,223.0,0.011718305
229,4.0,N,41.0,41.17515448,561.0,0.036423119
249,3.9,N,48.0,54.05960526,249.0,0.032617956
167,3.7,S,38.0,46.45509384,483.0,0.019669267
202,4.3,S,77.0,121.331286,410.0,0.110771344
528,4.3,S,77.0,60.37080142,193.0,0.10654889
8484,4.2,N,69.0,143.0,462.0,0.014279299
660,3.9,S,79.0,138.2349742,403.0,0.011371338
599,4.1,S,90.0,128.9013899,376.0,0.016889651
411,4.0,S,51.0,41.02076324,387.0,0.039764274
488,4.1,S,84.0,66.43006264,875.0,0.006216078
250,4.0,N,43.0,130.875636,863.0,0.015086186
682,4.2,S,88.0,87.40248105,397.0,0.011251526
9247,4.4,N,40.0,66.0,715.0,0.046451708
8497,4.4,N,70.0,52.0,732.0,0.021785647
221,3.9,S,65.0,62.2235492,328.0,0.087832313
430,4.2,N,43.0,83.16038537,696.0,0.027454917
489,4.0,S,66.0,44.26541705,367.0,0.025354515
619,4.0,S,79.0,91.68628716,171.0,0.018384291
141,4.0,S,48.0,183.685681,1380.0,0.005794096
404,3.9,N,37.0,25.24049816,732.0,0.020934688
549,4.4,S,86.0,79.20198017,338.0,0.016854928
8872,4.3,S,78.0,63.0,195.0,0.265210281
415,4.3,N,67.0,68.89594244,234.0,0.115339002
735,4.2,S,87.0,99.63053067,836.0,0.083566013
417,3.7,S,84.0,85.08650339,309.0,0.025032834
498,4.2,S,72.0,67.24187633,532.0,0.079855115
574,4.2,S,60.0,89.58616918,131.0,0.092047794
314,4.3,N,49.0,50.28373555,387.0,0.034011762
373,3.9,N,39.0,80.27253873,1141.0,0.01103731
160,3.7,R,48.0,55.54160312,293.0,0.061105486
597,4.1,S,58.0,138.6035473,375.0,0.029004569
156,3.8,S,25.0,107.2334521,330.0,0.031626613
74,4.0,N,64.0,142.1861181,348.0,0.047656057
8886,5.0,N,46.0,54.0,374.0,0.235737506
8449,4.5,N,52.0,176.0,978.0,0.010230811
521,4.6,N,79.0,95.00674303,236.0,0.020409725
644,4.8,S,82.0,97.26502554,286.0,0.055241034
712,4.5,N,55.0,91.30348716,875.0,0.01148346
356,5.0,N,39.0,147.1582933,323.0,0.084984623
623,5.2,S,67.0,63.95071304,340.0,0.271308626
360,4.6,N,47.0,113.6472087,390.0,0.033714121
639,4.7,N,50.0,163.6713566,463.0,0.065613533
579,4.5,S,81.0,161.3275556,372.0,0.009669862
667,4.5,S,85.0,117.6291081,875.0,0.033796388
260,4.5,N,42.0,103.4197186,293.0,0.068048142
322,4.6,N,51.0,144.6540565,229.0,0.062322424
110,4.9,S,69.0,131.8836167,884.0,0.0205237
327,4.6,N,43.0,151.384726,460.0,0.039469124
388,4.6,N,55.0,101.0772693,1080.0,0.022101299
322,4.6,N,51.0,135.9671209,315.0,0.07615033
153,4.9,S,66.0,45.5820549,483.0,0.182795083
234,5.1,N,45.0,196.8731032,293.0,0.104804923
568,4.6,S,53.0,82.33388065,193.0,0.059977567
110,4.9,S,69.0,54.22507143,321.0,0.128086191
145,5.0,N,41.0,21.88911498,1323.0,0.433084236
604,4.7,S,82.0,89.55534991,271.0,0.035825481
120,4.7,S,76.0,97.76652819,314.0,0.049469648
8448,4.8,N,58.0,146.0,324.0,0.109654233
351,5.0,N,29.0,196.2266196,234.0,0.113959108
529,4.5,S,81.0,110.1581822,875.0,0.019693138
238,4.5,N,55.0,100.8933257,223.0,0.096936908
172,4.6,S,72.0,55.64633526,329.0,0.102563783
477,4.8,S,53.0,84.49292372,233.0,0.084072414
105,5.1,N,49.0,188.2559224,131.0,0.126961109
255,4.8,S,81.0,132.7264123,330.0,0.053302519
612,4.7,S,69.0,90.42794254,145.0,0.17737406
8449,4.5,N,52.0,184.0,521.0,0.031829146
330,4.7,N,52.0,174.8850815,555.0,0.055813035
9221,4.5,S,83.0,121.0,408.0,0.021427563
234,5.1,N,45.0,31.04856853,207.0,0.303596746
257,4.7,N,45.0,86.61296012,366.0,0.186155857
379,5.2,S,79.0,173.7519679,286.0,0.21409543
688,4.7,N,53.0,64.83399496,532.0,0.077805485
9002,5.3,N,32.0,188.0,583.0,0.01486288
8861,4.8,S,79.0,125.0,368.0,0.023188139
8643,4.5,N,44.0,49.0,732.0,0.025844473
501,4.7,S,69.0,171.526855,415.0,0.026427639
9238,4.6,S,76.0,123.0,315.0,0.018945392
351,5.0,N,29.0,158.1277432,348.0,0.065551124
540,4.8,N,46.0,195.9564801,894.0,0.006843064
601,5.0,N,30.0,89.4684122,827.0,0.108965016
9011,4.8,R,39.0,119.0,731.0,0.298835031
8439,5.0,N,45.0,137.0,430.0,0.086883873
182,5.3,S,85.0,32.68737865,429.0,0.088897297
380,4.9,N,36.0,16.31883063,207.0,0.691260655
543,4.8,N,41.0,90.66880364,986.0,0.048001489
9161,4.8,R,72.0,90.0,637.0,0.044085597
329,4.5,N,45.0,45.33218722,870.0,0.048802551
391,4.7,N,57.0,84.74988237,1323.0,0.121917978
285,4.8,S,82.0,183.546836,459.0,0.045248477
84,4.9,S,60.0,126.8774999,229.0,0.203447588
64,5.1,S,45.0,148.1843408,198.0,0.15513457
124,4.7,N,51.0,77.4683926,270.0,0.130903805
138,4.5,S,74.0,114.9909815,460.0,0.048770718
473,4.8,N,61.0,55.37298841,206.0,0.081982926
83,4.5,S,58.0,65.13991274,300.0,0.065045905
388,4.6,N,55.0,79.45070376,1323.0,0.037094033
361,4.7,N,36.0,87.82531389,193.0,0.087346114
504,4.9,S,60.0,126.8932462,315.0,0.371050382
659,5.2,N,33.0,152.4505406,1080.0,0.088281432
8449,4.5,N,52.0,191.0,280.0,0.049892465
391,4.7,N,57.0,63.64941062,278.0,0.097094852
628,5.0,S,46.0,180.3617673,561.0,0.095378458
480,4.6,S,57.0,52.10646563,574.0,0.105825332
9236,4.7,S,57.0,123.0,435.0,0.015232839
565,4.7,S,70.0,91.17522676,317.0,0.105110927
546,4.8,S,87.0,75.37797708,362.0,0.091622502
8569,5.3,N,56.0,164.0,450.0,0.106382792
524,5.2,S,86.0,84.59568673,660.0,0.223245707
246,4.7,S,82.0,65.68378144,310.0,0.081227076
717,4.7,N,55.0,103.4032723,747.0,0.015565538
351,5.0,N,29.0,122.3656313,198.0,0.195216567
612,4.7,S,69.0,88.78865218,271.0,0.067396961
725,4.6,S,81.0,98.55506491,495.0,0.005003204
418,5.0,N,34.0,161.9769438,313.0,0.029883524
255,4.8,S,81.0,34.91058219,214.0,0.3874347
9161,4.8,R,72.0,190.0,377.0,0.017319841
351,5.0,N,29.0,43.51966659,462.0,0.342953843
529,4.5,S,81.0,91.07494605,341.0,0.033563755
9235,4.5,N,35.0,139.0,390.0,0.176653933
145,5.0,N,41.0,109.2056329,356.0,0.192884553
234,5.1,N,45.0,178.6670614,397.0,0.053420603
98,5.1,S,51.0,85.83836692,412.0,0.205625494
454,4.6,N,37.0,139.9248923,948.0,0.009016603
724,4.5,N,40.0,99.07835425,747.0,0.025916246
543,4.8,N,41.0,76.62106835,694.0,0.033003669
526,4.5,S,60.0,163.3355218,663.0,0.010196386
260,4.5,N,42.0,138.7480407,315.0,0.026046321
103,4.8,N,42.0,25.16583387,304.0,0.775206048
647,4.6,N,35.0,26.47866911,1323.0,0.268790983
107,4.9,N,35.0,139.4328678,328.0,0.017767917
601,5.0,N,30.0,169.5419747,986.0,0.039492424
83,4.5,S,58.0,69.35583997,300.0,0.077793323
391,4.7,N,57.0,93.31689654,466.0,0.168298404
501,4.7,S,69.0,88.50111563,421.0,0.050578346
322,4.6,N,51.0,158.942746,415.0,0.02648282
8442,5.2,N,42.0,110.0,249.0,0.18206386
457,5.0,S,77.0,133.1878731,407.0,0.131822477
388,4.6,N,55.0,53.86202443,323.0,0.136565195
653,4.7,S,89.0,103.1112446,375.0,0.058852344
627,5.0,S,67.0,132.116292,345.0,0.036949212
9074,4.8,N,56.0,136.0,374.0,0.045539856
580,4.6,S,79.0,102.9308826,907.0,0.00389807
440,4.6,S,66.0,41.51586469,695.0,0.072835389
153,4.9,S,66.0,177.5874932,321.0,0.260464974
739,4.5,S,82.0,125.4329872,445.0,0.049390197
592,5.1,S,80.0,73.35117314,489.0,0.130376915
9140,4.9,N,39.0,61.0,545.0,0.169018663
743,4.7,N,47.0,109.4416751,747.0,0.019271634
604,4.7,S,82.0,104.9102412,415.0,0.053192199
172,4.6,S,72.0,33.17343592,460.0,0.087619265
235,4.9,N,44.0,140.6018766,192.0,0.177942019
455,4.8,N,52.0,186.8345567,280.0,0.025543251
361,4.7,N,36.0,53.27401258,558.0,0.079705149
412,4.8,N,35.0,53.21558837,630.0,0.057440162
103,4.8,N,42.0,186.5713563,279.0,0.129464877
562,4.8,S,89.0,58.74238666,481.0,0.439826012
397,4.7,N,48.0,174.3363039,344.0,0.016551087
604,4.7,S,82.0,170.3179171,377.0,0.058090072
105,5.1,N,49.0,108.6968857,252.0,0.215289564
223,4.5,S,54.0,101.4794244,914.0,0.00715233
8464,4.5,S,87.0,62.0,1076.0,0.040112824
360,4.6,N,47.0,105.9719229,369.0,0.061593905
100,4.9,S,47.0,41.61100228,336.0,0.312363297
9235,4.5,N,35.0,126.0,965.0,0.024349879
56,5.0,S,57.0,16.32259747,348.0,2.246264227
255,4.8,S,81.0,175.2905548,375.0,0.046626307
360,4.6,N,47.0,70.86102688,608.0,0.018465219
351,5.0,N,29.0,151.6317384,459.0,0.089526491
278,4.5,N,44.0,56.24091728,907.0,0.13031639
386,4.5,N,55.0,72.96965043,466.0,0.027286136
9123,5.2,N,34.0,39.0,965.0,0.17322799
582,4.6,S,70.0,63.79928598,815.0,0.053724905
377,4.6,S,64.0,190.7003434,683.0,0.025375007
671,4.7,S,88.0,161.6359849,484.0,0.030250253
61,4.7,S,48.0,133.0143089,265.0,0.046734424
121,4.5,S,83.0,37.2212012,770.0,0.009004993
591,4.5,S,81.0,182.4828002,758.0,0.008587824
124,4.7,N,51.0,77.54215246,875.0,0.040796222
9235,4.5,N,35.0,170.0,445.0,0.011809828
388,4.6,N,55.0,107.7495649,369.0,0.022817497
725,4.6,S,81.0,39.8886649,320.0,0.1113293
55,4.8,S,76.0,92.49798247,301.0,0.657845108
9011,4.8,R,39.0,159.0,340.0,0.041751821
216,4.7,S,84.0,77.70651631,579.0,0.013499017
99,5.0,N,10.59,41.17601659,336.0,0.28244344
138,4.5,S,74.0,129.5879524,459.0,0.018556849
255,4.8,S,81.0,159.9372932,313.0,0.043652626
8729,4.7,S,77.0,137.0,875.0,0.02618353
8441,4.8,N,52.0,71.0,328.0,0.154072306
105,5.1,N,49.0,179.1495985,875.0,0.045351568
231,4.5,N,37.0,19.86873641,304.0,0.130873526
9221,4.5,S,83.0,145.0,485.0,0.067899609
617,4.9,N,53.0,130.8340325,343.0,0.100433581
543,4.8,N,41.0,78.60908424,747.0,0.049927977
623,5.2,S,67.0,92.6232708,131.0,0.613043709
397,4.7,N,48.0,104.266657,580.0,0.094514345
713,4.5,N,55.0,52.26587691,369.0,0.033126695
285,4.8,S,82.0,70.19099394,249.0,0.150378218
361,4.7,N,36.0,61.16724057,270.0,0.244419928
309,5.4,N,44.0,71.84149824,403.0,0.271825759
327,4.6,N,43.0,150.7814831,468.0,0.021046357
480,4.6,S,57.0,43.45417654,561.0,0.160662333
8680,4.8,S,70.0,72.0,381.0,0.537655808
231,4.5,N,37.0,194.872019,745.0,0.015020147
8680,4.8,S,70.0,79.0,203.0,0.398441075
311,5.2,N,42.0,141.9009588,836.0,0.062074771
105,5.1,N,49.0,136.8474007,301.0,0.238235904
504,4.9,S,60.0,135.889914,340.0,0.182342492
536,4.7,S,89.0,156.2330793,390.0,0.050422884
235,4.9,N,44.0,154.5277204,307.0,0.149934929
713,4.5,N,55.0,49.79872847,532.0,0.065313343
225,4.8,N,38.0,69.77063925,599.0,0.057871889
521,4.6,N,79.0,46.10711862,567.0,0.039687389
236,4.6,N,55.0,77.62139323,366.0,0.036524904
601,5.0,N,30.0,135.6772741,330.0,0.369279903
8607,5.2,N,43.0,125.0,630.0,0.082687201
617,4.9,N,53.0,97.15708428,223.0,0.158525407
285,4.8,S,82.0,67.25299932,270.0,0.197324521
579,4.5,S,81.0,197.2056312,594.0,0.001781463
743,4.7,N,47.0,99.3634859,340.0,0.097340217
688,4.7,N,53.0,65.7681762,131.0,0.139611545
617,4.9,N,53.0,53.8796214,341.0,0.141208958
717,4.7,N,55.0,92.83208359,207.0,0.032979398
439,5.3,N,34.0,148.157906,369.0,0.140962666
135,4.9,S,86.0,8.19406219,484.0,0.33602678
23,5.4,S,23.0,196.0556937,270.0,0.094283287
627,5.0,S,67.0,158.0056473,555.0,0.085258059
319,4.6,N,50.0,136.9403516,683.0,0.02495493
107,4.9,N,35.0,71.7213722,629.0,0.061386283
644,4.8,S,82.0,167.0389767,192.0,0.050311039
235,4.9,N,44.0,66.57359341,205.0,0.224597782
477,4.8,S,53.0,90.21654797,731.0,0.067513236
389,4.5,N,55.0,33.48518961,948.0,0.052052626
260,4.5,N,42.0,87.79940007,283.0,0.059705386
743,4.7,N,47.0,119.0124168,229.0,0.120128436
72,4.9,S,74.0,37.47072909,529.0,0.16638227
9011,4.8,R,39.0,181.0,246.0,0.133835887
8448,4.8,N,58.0,111.0,298.0,0.112055588
8854,4.6,N,40.0,87.0,986.0,0.042204274
247,4.8,N,44.0,27.92646014,206.0,0.725875204
617,4.9,N,53.0,49.34266426,300.0,0.263842028
231,4.5,N,37.0,193.1851994,205.0,0.021144401
743,4.7,N,47.0,76.5024369,459.0,0.115783564
643,4.7,S,80.0,65.52096038,404.0,0.263130161
391,4.7,N,57.0,180.0153593,341.0,0.038710131
351,5.0,N,29.0,186.2403562,410.0,0.053880306
322,4.6,N,51.0,103.7585841,328.0,0.081986632
59,5.3,N,37.0,100.1471996,356.0,0.175102572
8729,4.7,S,77.0,174.0,309.0,0.020067812
286,4.5,S,86.0,24.17278513,229.0,0.374363405
225,4.8,N,38.0,142.2842436,286.0,0.040640899
8682,5.2,R,61.0,193.0,907.0,0.027587703
695,4.7,N,41.0,57.1669237,894.0,0.169203395
610,4.5,S,85.0,97.28457906,735.0,0.061663252
457,5.0,S,77.0,133.7962161,440.0,0.210123735
397,4.7,N,48.0,61.57997845,630.0,0.082951967
601,5.0,N,30.0,151.7780778,391.0,0.066770029
526,4.5,S,60.0,48.99210846,815.0,0.126309262
235,4.9,N,44.0,171.2809539,629.0,0.062278107
351,5.0,N,29.0,140.0577434,460.0,0.249525026
311,5.2,N,42.0,151.9585795,827.0,0.050524313
623,5.2,S,67.0,41.01956886,300.0,0.369346331
186,4.5,S,90.0,68.83807194,403.0,0.00328728
627,5.0,S,67.0,124.1998814,304.0,0.414832367
368,4.9,N,55.0,69.43570561,460.0,0.04905871
327,4.6,N,43.0,37.06225299,403.0,0.214986805
741,4.6,S,90.0,51.97996738,860.0,0.027347986
509,4.5,N,52.0,177.5747656,894.0,0.002840111
78,4.9,N,44.0,118.6342505,460.0,0.075114414
351,5.0,N,29.0,161.1856071,328.0,0.079565395
8442,5.2,N,42.0,64.0,328.0,0.207669604
293,5.0,R,49.0,153.3505622,401.0,0.115408281
9224,4.7,N,59.0,93.0,272.0,0.064322522
679,5.2,S,71.0,113.3765804,291.0,0.164416707
583,4.5,S,84.0,45.04801977,907.0,0.056092981
184,4.6,S,90.0,104.1912571,324.0,0.034558781
501,4.7,S,69.0,84.61130215,338.0,0.077768231
727,5.0,S,69.0,150.24947,303.0,0.075820606
286,4.5,S,86.0,66.59882467,270.0,0.064915543
105,5.1,N,49.0,186.8290586,352.0,0.191004865
522,4.7,N,36.0,67.14866605,359.0,0.087728953
9239,4.5,R,80.0,82.0,347.0,0.027899404
59,5.3,N,37.0,91.28049901,466.0,0.09269646
627,5.0,S,67.0,131.3047749,343.0,0.193660903
412,4.8,N,35.0,105.1961665,236.0,0.057765969
9235,4.5,N,35.0,68.0,688.0,0.023154486
100,4.9,S,47.0,27.29918533,304.0,0.196905288
671,4.7,S,88.0,131.5764952,731.0,0.040276535
639,4.7,N,50.0,146.8442811,494.0,0.018532115
9230,4.8,S,84.0,40.0,528.0,0.148259439
360,4.6,N,47.0,156.3355489,630.0,0.01431923
10,5.2,S,75.0,70.91045006,529.0,0.294430026
617,4.9,N,53.0,132.8618889,345.0,0.032974525
260,4.5,N,42.0,92.73188165,420.0,0.024752308
377,4.6,S,64.0,104.4840146,415.0,0.085673861
504,4.9,S,60.0,140.887829,196.0,0.325654266
724,4.5,N,40.0,140.9677558,608.0,0.022972747
568,4.6,S,53.0,42.25222137,300.0,0.045438581
8886,5.0,N,46.0,62.0,484.0,0.116225737
473,4.8,N,61.0,60.20137213,198.0,0.291878548
565,4.7,S,70.0,100.8158501,410.0,0.186539233
351,5.0,N,29.0,32.14658995,343.0,0.680972915
215,4.9,S,83.0,121.7246965,238.0,0.066044542
326,5.3,N,45.0,50.29504226,387.0,0.228435102
8691,5.1,N,49.0,140.0,271.0,0.128184867
360,4.6,N,47.0,78.304931,336.0,0.181988899
304,4.5,N,45.0,106.758935,361.0,0.036243556
419,4.5,N,44.0,62.70555152,580.0,0.064925835
8448,4.8,N,58.0,110.0,1141.0,0.029838003
347,5.0,N,34.0,96.20345566,732.0,0.035859607
517,4.6,S,86.0,117.2145812,469.0,0.033135672
455,4.8,N,52.0,93.19526692,404.0,0.159637982
8766,5.3,S,61.0,171.0,574.0,0.101599751
368,4.9,N,55.0,114.7359129,328.0,0.05948862
477,4.8,S,53.0,99.85276384,946.0,0.06967428
377,4.6,S,64.0,87.77864949,171.0,0.140808163
646,4.7,S,77.0,35.47901701,1380.0,0.164831305
8725,4.6,S,77.0,60.0,336.0,0.23100928
438,5.0,N,38.0,98.31816999,354.0,0.127668459
391,4.7,N,57.0,82.91847801,986.0,0.182284847
659,5.2,N,33.0,189.9091569,234.0,0.621721639
69,5.3,S,85.0,118.4596284,397.0,0.469950088
627,5.0,S,67.0,156.8492935,986.0,0.023504657
225,4.8,N,38.0,17.80212613,549.0,0.950139322
524,5.2,S,86.0,182.0502954,709.0,0.032148346
604,4.7,S,82.0,82.87308212,270.0,0.060252356
388,4.6,N,55.0,153.4176816,286.0,0.027208885
8680,4.8,S,70.0,129.0,280.0,0.10597531
234,5.1,N,45.0,82.13086542,313.0,0.244104762
105,5.1,N,49.0,195.6420363,313.0,0.040905008
8569,5.3,N,56.0,85.0,315.0,0.16127013
601,5.0,N,30.0,163.4500662,377.0,0.323424152
105,5.1,N,49.0,193.7892983,190.0,0.110089452
388,4.6,N,55.0,168.9446322,414.0,0.009425383
439,5.3,N,34.0,185.1617431,415.0,0.078139762
438,5.0,N,38.0,65.64154156,278.0,0.062264426
246,4.7,S,82.0,92.18914754,374.0,0.028878687
531,4.6,N,39.0,26.76985041,219.0,0.513070865
643,4.7,S,80.0,152.8211375,558.0,0.118511786
8766,5.3,S,61.0,190.0,382.0,0.046640875
724,4.5,N,40.0,69.72789372,196.0,0.365192352
9122,4.9,S,78.0,181.0,579.0,0.027516348
8691,5.1,N,49.0,118.0,459.0,0.082291243
330,4.7,N,52.0,148.3336644,745.0,0.092624031
103,4.8,N,42.0,188.7362986,171.0,0.038372767
163,4.8,S,79.0,70.53506222,225.0,0.185121123
286,4.5,S,86.0,151.9759167,894.0,0.006828964
710,4.9,N,28.0,49.15888584,307.0,0.166231936
524,5.2,S,86.0,67.27996194,481.0,0.390323185
231,4.5,N,37.0,140.7538896,358.0,0.031410521
9122,4.9,S,78.0,76.0,618.0,0.480303473
644,4.8,S,82.0,34.55285201,238.0,0.21758966
311,5.2,N,42.0,122.319361,304.0,0.292101976
439,5.3,N,34.0,139.7898577,358.0,0.085058682
8937,4.6,S,86.0,14.0,365.0,0.109653428
377,4.6,S,64.0,167.4937385,286.0,0.088065408
105,5.1,N,49.0,178.2228822,827.0,0.02439499
652,4.6,S,78.0,82.48534919,303.0,0.123658996
286,4.5,S,86.0,169.2165102,356.0,0.016452312
257,4.7,N,45.0,156.3571508,286.0,0.090334898
659,5.2,N,33.0,183.4743931,1323.0,0.063033607
304,4.5,N,45.0,148.8681299,771.0,0.012539963
520,5.0,N,52.0,133.4559892,219.0,0.205900883
617,4.9,N,53.0,82.52355371,836.0,0.062070582
9221,4.5,S,83.0,55.0,574.0,0.05915776
153,4.9,S,66.0,186.1071799,313.0,0.189380359
260,4.5,N,42.0,55.23984702,321.0,0.069695843
388,4.6,N,55.0,172.3656974,599.0,0.008851274
9080,5.2,S,45.0,89.0,445.0,0.045969038
309,5.4,N,44.0,66.1910923,429.0,0.405281945
8501,5.3,S,86.0,120.0,697.0,0.039905029
8442,5.2,N,42.0,85.0,205.0,0.509390527
81,5.0,N,42.0,142.8023737,348.0,0.104148769
278,4.5,N,44.0,105.5821631,495.0,0.00905658
9122,4.9,S,78.0,109.0,868.0,0.171146812
397,4.7,N,48.0,108.8116276,1080.0,0.02016524
225,4.8,N,38.0,90.79393113,367.0,0.040769487
435,4.7,N,41.0,106.0354543,271.0,0.061965074
501,4.7,S,69.0,74.36601325,265.0,0.062491904
8725,4.6,S,77.0,83.0,252.0,0.197746891
717,4.7,N,55.0,51.01126511,415.0,0.029135763
553,4.6,R,52.0,134.3349859,367.0,0.019771866
286,4.5,S,86.0,108.1062925,259.0,0.076915898
84,4.9,S,60.0,122.2017385,436.0,0.240820264
278,4.5,N,44.0,19.0225898,529.0,0.626222883
540,4.8,N,46.0,139.5629653,219.0,0.146798725
182,5.3,S,85.0,40.56306901,315.0,0.230306897
8439,5.0,N,45.0,179.0,397.0,0.048819216
351,5.0,N,29.0,112.6459382,462.0,0.188131322
659,5.2,N,33.0,66.29191127,298.0,1.006902552
134,4.6,S,67.0,61.61060234,721.0,0.10958805
9140,4.9,N,39.0,125.0,485.0,0.029507841
8677,4.8,S,70.0,152.0,416.0,0.049527635
121,4.5,S,83.0,45.15536968,181.0,0.052061086
8886,5.0,N,46.0,131.0,305.0,0.175705274
8886,5.0,N,46.0,44.0,382.0,0.131356142
285,4.8,S,82.0,90.56137189,328.0,0.131818169
529,4.5,S,81.0,21.04636685,300.0,0.270487211
352,5.0,N,51.0,43.70954246,270.0,0.897878588
61,4.7,S,48.0,158.306787,237.0,0.043694146
360,4.6,N,47.0,185.9067226,314.0,0.016677626
695,4.7,N,41.0,95.40282572,948.0,0.107316566
737,4.7,S,56.0,62.186683,481.0,0.037347318
8464,4.5,S,87.0,130.0,445.0,0.05814614
285,4.8,S,82.0,119.2629898,269.0,0.144063561
9239,4.5,R,80.0,181.0,1380.0,0.012247066
8843,5.0,N,52.0,165.0,462.0,0.014171102
739,4.5,S,82.0,164.4203018,294.0,0.052165435
126,4.5,S,67.0,77.65926985,875.0,0.009048292
522,4.7,N,36.0,80.57333987,372.0,0.069255274
172,4.6,S,72.0,56.03566008,377.0,0.107921219
9123,5.2,N,34.0,96.0,384.0,0.069782122
388,4.6,N,55.0,153.1911854,415.0,0.011285561
247,4.8,N,44.0,69.12281807,344.0,0.062295212
163,4.8,S,79.0,145.3326702,587.0,0.052770253
84,4.9,S,60.0,128.8219735,249.0,0.061837171
477,4.8,S,53.0,179.8233978,660.0,0.024249936
347,5.0,N,34.0,128.6323166,630.0,0.114102443
127,4.7,S,49.0,90.42402779,771.0,0.006502758
68,4.5,S,83.0,128.8786431,300.0,0.097376894
118,5.3,N,60.0,119.6312148,249.0,0.038058044
558,4.7,S,62.0,148.5856155,460.0,0.038284818
64,5.1,S,45.0,118.6838385,460.0,0.185014228
715,4.9,N,55.0,108.3256756,229.0,0.084011651
8852,5.4,N,40.0,198.0,236.0,0.10586484
623,5.2,S,67.0,95.08299365,293.0,0.185463251
628,5.0,S,46.0,141.5543518,416.0,0.070250795
286,4.5,S,86.0,134.4403462,390.0,0.027930161
9227,5.1,N,45.0,26.0,210.0,2.435751569
231,4.5,N,37.0,46.8027164,593.0,0.026498312
9074,4.8,N,56.0,78.0,426.0,0.132007504
522,4.7,N,36.0,126.6264498,724.0,0.017711757
9227,5.1,N,45.0,168.0,758.0,0.051389102
285,4.8,S,82.0,110.4499492,306.0,0.085632152
675,4.7,R,55.0,188.1372525,709.0,0.030212577
659,5.2,N,33.0,109.4890894,369.0,0.233790388
582,4.6,S,70.0,135.0670619,519.0,0.055686118
576,4.5,S,89.0,126.0492983,338.0,0.048215203
644,4.8,S,82.0,142.1944142,301.0,0.014831386
522,4.7,N,36.0,43.82430156,344.0,0.263470943
659,5.2,N,33.0,191.1893713,219.0,0.264843548
562,4.8,S,89.0,114.6389207,519.0,0.133628851
638,4.7,S,86.0,175.5409355,315.0,0.02072044
9161,4.8,R,72.0,66.0,305.0,0.260234912
184,4.6,S,90.0,175.7268307,293.0,0.010996501
612,4.7,S,69.0,83.2131179,827.0,0.060496322
9011,4.8,R,39.0,158.0,280.0,0.261411761
8449,4.5,N,52.0,183.0,574.0,0.025341934
285,4.8,S,82.0,106.3153796,414.0,0.055373673
153,4.9,S,66.0,119.3495003,683.0,0.121794213
617,4.9,N,53.0,181.8355743,314.0,0.038072976
455,4.8,N,52.0,83.7793686,534.0,0.085039962
380,4.9,N,36.0,57.59654768,387.0,0.192594448
352,5.0,N,51.0,14.91805675,229.0,9.767441243
628,5.0,S,46.0,175.9538304,484.0,0.05923341
326,5.3,N,45.0,142.2861065,397.0,0.054096257
540,4.8,N,46.0,162.7771232,248.0,0.126475687
9074,4.8,N,56.0,49.0,305.0,0.308421652
8725,4.6,S,77.0,160.0,370.0,0.034460155
529,4.5,S,81.0,131.0604016,366.0,0.029932871
8852,5.4,N,40.0,68.0,1141.0,0.258483368
8878,4.6,N,53.0,39.0,344.0,0.213516881
692,4.5,N,55.0,78.41265505,307.0,0.034118291
623,5.2,S,67.0,133.8854577,366.0,0.245664138
9227,5.1,N,45.0,98.0,445.0,0.114884441
658,5.3,N,48.0,149.8488154,273.0,0.046756631
247,4.8,N,44.0,43.62127645,507.0,0.063035162
737,4.7,S,56.0,105.1162309,654.0,0.005541322
623,5.2,S,67.0,87.95018861,836.0,0.180886012
66,4.6,S,85.0,82.9041105,321.0,0.123943048
517,4.6,S,86.0,114.889999,660.0,0.038138597
286,4.5,S,86.0,53.95844117,608.0,0.032895485
8449,4.5,N,52.0,180.0,528.0,0.028407064
626,4.5,S,70.0,90.01993662,468.0,0.047057867
416,5.3,N,38.0,196.2541009,462.0,0.031014439
604,4.7,S,82.0,90.26688297,205.0,0.081005453
8638,5.1,N,47.0,167.0,488.0,0.027172808
9236,4.7,S,57.0,144.0,875.0,0.009121675
644,4.8,S,82.0,87.69248421,836.0,0.033509686
610,4.5,S,85.0,143.6493717,376.0,0.056714695
172,4.6,S,72.0,121.9384046,574.0,0.042947407
9152,4.6,N,55.0,41.0,484.0,0.0648562
565,4.7,S,70.0,116.9195454,300.0,0.123585068
84,4.9,S,60.0,140.7035233,344.0,0.131880605
134,4.6,S,67.0,27.5342812,671.0,0.374135452
9230,4.8,S,84.0,108.0,450.0,0.023005083
121,4.5,S,83.0,36.39562687,286.0,0.072868511
713,4.5,N,55.0,68.58692835,695.0,0.022305048
8569,5.3,N,56.0,168.0,804.0,0.041047386
162,4.8,R,37.0,169.8776002,450.0,0.037915783
418,5.0,N,34.0,157.0039894,827.0,0.017629108
653,4.7,S,89.0,92.86946901,315.0,0.138898548
234,5.1,N,45.0,82.17174847,171.0,0.186709348
8439,5.0,N,45.0,91.0,414.0,0.102248262
351,5.0,N,29.0,91.00453573,238.0,0.510285837
255,4.8,S,81.0,183.238983,300.0,0.043605838
440,4.6,S,66.0,28.47210236,313.0,0.3964964
9000,5.3,R,28.0,60.0,426.0,0.256567042
671,4.7,S,88.0,189.1146767,347.0,0.009938756
612,4.7,S,69.0,187.6153312,267.0,0.086367385
9209,4.8,N,60.0,67.0,484.0,0.107416323
8721,4.9,S,66.0,154.0,324.0,0.031466489
358,5.2,N,43.0,157.4838176,323.0,0.093470177
184,4.6,S,90.0,94.2545014,683.0,0.036507398
326,5.3,N,45.0,153.7417022,709.0,0.121972187
9230,4.8,S,84.0,146.0,567.0,0.014457785
643,4.7,S,80.0,84.0652275,338.0,0.208443314
421,4.8,N,42.0,88.99001711,371.0,0.098313858
628,5.0,S,46.0,161.92307,529.0,0.055015078
8891,4.5,N,46.0,60.0,875.0,0.024903301
9154,5.0,S,81.0,135.0,907.0,0.02007122
234,5.1,N,45.0,67.202057,205.0,0.237833421
579,4.5,S,81.0,82.4734771,815.0,0.005780195
319,4.6,N,50.0,76.40655716,403.0,0.063600152
213,5.1,N,27.0,161.3877125,321.0,0.07405254
235,4.9,N,44.0,142.9801004,483.0,0.083740861
508,4.8,N,50.0,49.21952198,356.0,0.056304926
304,4.5,N,45.0,159.3421463,292.0,0.035349937
8464,4.5,S,87.0,107.0,200.0,0.176774164
293,5.0,R,49.0,165.6525797,214.0,0.07048239
421,4.8,N,42.0,152.528648,805.0,0.055526041
8674,5.2,N,39.0,113.0,280.0,0.281718608
311,5.2,N,42.0,141.6223704,131.0,0.174782309
103,4.8,N,42.0,186.0763053,289.0,0.066391323
26,5.3,S,57.0,149.8326709,595.0,0.273722401
627,5.0,S,67.0,141.7786906,366.0,0.110635344
659,5.2,N,33.0,193.2217715,483.0,0.071438096
225,4.8,N,38.0,96.49532112,986.0,0.021926923
377,4.6,S,64.0,83.81305972,608.0,0.058380468
8437,5.0,S,81.0,168.0,936.0,0.047118503
231,4.5,N,37.0,151.7527233,390.0,0.007738375
558,4.7,S,62.0,124.9891156,270.0,0.137203826
626,4.5,S,70.0,105.9442682,293.0,0.084922301
524,5.2,S,86.0,152.9346755,314.0,0.036178673
186,4.5,S,90.0,38.89555503,315.0,0.020526251
361,4.7,N,36.0,99.18142652,460.0,0.032099802
558,4.7,S,62.0,157.9958315,348.0,0.279575994
580,4.6,S,79.0,35.4472044,407.0,0.122102468
234,5.1,N,45.0,91.62703469,249.0,0.160378036
126,4.5,S,67.0,89.05477947,145.0,0.027051769
358,5.2,N,43.0,56.31145199,286.0,0.531348207
714,4.6,N,55.0,71.00677099,415.0,0.034121996
255,4.8,S,81.0,86.47584194,683.0,0.073594451
110,4.9,S,69.0,86.32990035,304.0,0.225321762
743,4.7,N,47.0,74.23098008,249.0,0.342274626
576,4.5,S,89.0,131.7713163,530.0,0.014624871
118,5.3,N,60.0,46.52928948,336.0,0.414444739
309,5.4,N,44.0,149.2622906,229.0,0.188805
172,4.6,S,72.0,123.9890091,545.0,0.040211633
455,4.8,N,52.0,169.9660115,359.0,0.047155822
604,4.7,S,82.0,89.78543419,131.0,0.071710006
615,4.5,S,72.0,57.28753264,860.0,0.035748046
8939,4.6,S,75.0,139.0,714.0,0.13077565
215,4.9,S,83.0,83.51777206,403.0,0.089833151
601,5.0,N,30.0,185.0247683,314.0,0.043947464
358,5.2,N,43.0,112.3603882,390.0,0.197347116
286,4.5,S,86.0,67.50169455,827.0,0.030842221
582,4.6,S,70.0,47.26473792,660.0,0.082300871
360,4.6,N,47.0,79.18215917,300.0,0.073463806
710,4.9,N,28.0,63.00876304,695.0,0.118923678
457,5.0,S,77.0,156.4446922,428.0,0.237390101
56,5.0,S,57.0,134.8437824,460.0,0.128269259
715,4.9,N,55.0,140.8156122,558.0,0.016201498
352,5.0,N,51.0,56.18860033,558.0,0.313657495
8569,5.3,N,56.0,188.0,426.0,0.060640242
643,4.7,S,80.0,155.2744767,350.0,0.07770067
416,5.3,N,38.0,66.04030144,986.0,0.177507148
8569,5.3,N,56.0,155.0,398.0,0.046180533
592,5.1,S,80.0,194.9034344,594.0,0.01707579
377,4.6,S,64.0,191.0888214,630.0,0.023465109
322,4.6,N,51.0,33.30011179,403.0,0.467003897
419,4.5,N,44.0,141.4978456,462.0,0.018427934
124,4.7,N,51.0,91.86651769,354.0,0.111600071
352,5.0,N,51.0,68.34115294,608.0,0.139883547
601,5.0,N,30.0,180.7848156,462.0,0.060093328
380,4.9,N,36.0,88.46003296,366.0,0.291839114
379,5.2,S,79.0,176.3752656,630.0,0.091516246
105,5.1,N,49.0,193.2147925,771.0,0.026726055
725,4.6,S,81.0,101.4870493,416.0,0.013469993
582,4.6,S,70.0,52.56758369,660.0,0.055073718
628,5.0,S,46.0,59.40690159,660.0,0.110014083
225,4.8,N,38.0,79.85559604,462.0,0.092997718
9002,5.3,N,32.0,168.0,637.0,0.027408112
626,4.5,S,70.0,88.83231829,171.0,0.060532836
8448,4.8,N,58.0,69.0,328.0,0.078738596
182,5.3,S,85.0,28.48764019,286.0,0.125996176
542,4.7,N,27.0,115.4974994,205.0,0.121130783
504,4.9,S,60.0,151.3507536,293.0,0.610128829
235,4.9,N,44.0,171.9317061,894.0,0.023796653
347,5.0,N,34.0,126.4454286,894.0,0.056869609
591,4.5,S,81.0,177.2016585,561.0,0.018781973
627,5.0,S,67.0,123.3279367,1141.0,0.059814818
351,5.0,N,29.0,116.6880365,269.0,0.309034247
610,4.5,S,85.0,195.9079756,426.0,0.01409097
501,4.7,S,69.0,65.7031721,335.0,0.291760337
327,4.6,N,43.0,28.19656032,366.0,0.727299771
8448,4.8,N,58.0,145.0,328.0,0.044751435
477,4.8,S,53.0,155.6133027,654.0,0.016652283
231,4.5,N,37.0,191.5893906,145.0,0.033947848
477,4.8,S,53.0,53.60575759,561.0,0.335538039
145,5.0,N,41.0,190.7115761,827.0,0.015231392
213,5.1,N,27.0,142.8008005,285.0,0.054747838
351,5.0,N,29.0,186.9464421,388.0,0.018110878
469,4.7,S,63.0,79.52307223,363.0,0.052005535
9227,5.1,N,45.0,38.0,283.0,1.234489424
84,4.9,S,60.0,153.972139,561.0,0.064389022
81,5.0,N,42.0,29.73674821,304.0,0.764437727
104,4.8,N,41.0,15.40071804,207.0,1.289659057
103,4.8,N,42.0,135.6758898,348.0,0.112841226
627,5.0,S,67.0,100.9982644,328.0,0.17849179
8725,4.6,S,77.0,101.0,430.0,0.050999214
421,4.8,N,42.0,62.92208712,580.0,0.195284937
604,4.7,S,82.0,154.6815112,555.0,0.029089524
438,5.0,N,38.0,63.60408912,248.0,0.13888106
260,4.5,N,42.0,28.55497403,514.0,0.103184202
592,5.1,S,80.0,86.41649644,735.0,0.091414379
9154,5.0,S,81.0,182.0,907.0,0.013668494
504,4.9,S,60.0,145.4223774,555.0,0.27654997
626,4.5,S,70.0,149.9196311,330.0,0.068860972
562,4.8,S,89.0,25.86982499,450.0,1.101996223
309,5.4,N,44.0,195.0998155,514.0,0.32334478
473,4.8,N,61.0,107.6318327,345.0,0.054839036
8852,5.4,N,40.0,83.0,747.0,0.295606855
546,4.8,S,87.0,55.22456103,510.0,0.097435966
388,4.6,N,55.0,165.80026,390.0,0.016953155
604,4.7,S,82.0,89.94387385,171.0,0.045317591
8725,4.6,S,77.0,164.0,283.0,0.111871617
186,4.5,S,90.0,132.3355923,555.0,0.002637104
8939,4.6,S,75.0,31.0,283.0,0.429241741
81,5.0,N,42.0,145.2087516,296.0,0.111684402
628,5.0,S,46.0,183.611536,715.0,0.04464717
37,5.2,S,77.0,44.32301923,192.0,0.894382748
8569,5.3,N,56.0,144.0,521.0,0.064031391
646,4.7,S,77.0,58.37891033,860.0,0.025146612
8607,5.2,N,43.0,161.0,986.0,0.017789022
351,5.0,N,29.0,160.9661589,377.0,0.165564566
109,5.2,S,85.0,72.7209468,450.0,0.090950372
9011,4.8,R,39.0,176.0,347.0,0.468107462
9239,4.5,R,80.0,148.0,721.0,0.030977974
130,4.8,S,79.0,66.96979584,469.0,0.055301691
377,4.6,S,64.0,102.3402132,827.0,0.061825192
710,4.9,N,28.0,87.84843988,694.0,0.048659792
9021,4.5,R,27.0,84.0,350.0,0.179704042
626,4.5,S,70.0,101.67169,328.0,0.097900468
365,4.9,N,41.0,76.09586991,313.0,0.115285699
473,4.8,N,61.0,164.5996447,393.0,0.016089849
265,4.8,S,83.0,191.2680332,691.0,0.028429376
8609,4.9,N,36.0,94.0,278.0,0.025097707
576,4.5,S,89.0,83.37595993,348.0,0.049425193
365,4.9,N,41.0,18.44353971,292.0,1.195851397
352,5.0,N,51.0,53.61445742,171.0,0.428276538
8721,4.9,S,66.0,160.0,678.0,0.056946553
8886,5.0,N,46.0,46.0,347.0,0.082710709
380,4.9,N,36.0,60.82748387,313.0,0.196260141
712,4.5,N,55.0,46.3264683,1141.0,0.038843688
118,5.3,N,60.0,196.0478989,145.0,0.036707874
9201,4.6,N,53.0,61.0,558.0,0.060713442
286,4.5,S,86.0,88.67969908,415.0,0.036023989
84,4.9,S,60.0,184.6847393,305.0,0.127222753
743,4.7,N,47.0,78.82036826,875.0,0.129373554
592,5.1,S,80.0,99.46792963,815.0,0.039104073
351,5.0,N,29.0,179.3819229,415.0,0.043956171
473,4.8,N,61.0,135.2749341,1080.0,0.014881486
522,4.7,N,36.0,75.69209683,390.0,0.032396718
9225,4.7,S,67.0,70.0,579.0,0.082607813
455,4.8,N,52.0,64.88905494,286.0,0.695056627
522,4.7,N,36.0,173.6601585,894.0,0.00771583
558,4.7,S,62.0,176.956512,390.0,0.033094458
260,4.5,N,42.0,110.6411449,314.0,0.027910413
526,4.5,S,60.0,66.21475803,528.0,0.053552171
583,4.5,S,84.0,27.55044486,407.0,0.225898538
255,4.8,S,81.0,180.0511043,500.0,0.02352776
439,5.3,N,34.0,75.00214171,599.0,0.044140143
9152,4.6,N,55.0,156.0,1072.0,0.006936377
8449,4.5,N,52.0,175.0,543.0,0.023092507
8710,5.1,R,33.0,87.0,344.0,0.13225591
358,5.2,N,43.0,147.7784646,1080.0,0.039977081
492,4.7,N,36.0,157.0054173,630.0,0.012043749
601,5.0,N,30.0,81.31690718,361.0,0.289333382
8449,4.5,N,52.0,81.0,305.0,0.198656116
9227,5.1,N,45.0,82.0,688.0,0.145576316
238,4.5,N,55.0,90.97002505,875.0,0.017036331
604,4.7,S,82.0,146.3539234,330.0,0.082005129
397,4.7,N,48.0,81.69068174,894.0,0.05177817
307,4.9,N,44.0,173.9821468,696.0,0.022222611
293,5.0,R,49.0,176.3998915,770.0,0.013473596
388,4.6,N,55.0,140.223126,328.0,0.036351574
231,4.5,N,37.0,122.7786937,348.0,0.071857113
438,5.0,N,38.0,91.26310721,732.0,0.051663576
9152,4.6,N,55.0,177.0,376.0,0.029353563
440,4.6,S,66.0,29.37106142,171.0,0.212335716
416,5.3,N,38.0,57.9451472,696.0,0.12470387
520,5.0,N,52.0,136.4858349,986.0,0.069073184
234,5.1,N,45.0,80.70287141,145.0,0.357907847
627,5.0,S,67.0,98.0771222,223.0,0.155701836
726,4.8,S,72.0,164.2086678,484.0,0.049998792
103,4.8,N,42.0,73.63375776,629.0,0.115130066
558,4.7,S,62.0,140.2355515,277.0,0.136068588
103,4.8,N,42.0,177.1180546,300.0,0.047826475
118,5.3,N,60.0,173.5580582,300.0,0.074901554
8630,4.8,S,73.0,66.0,732.0,0.060953327
110,4.9,S,69.0,170.4254713,770.0,0.004894402
172,4.6,S,72.0,125.4694678,715.0,0.038802754
103,4.8,N,42.0,40.48875179,336.0,0.654950837
285,4.8,S,82.0,4.222399407,292.0,2.512949388
319,4.6,N,50.0,113.3735859,558.0,0.02083773
8902,4.8,N,64.0,15.0,131.0,3.632469225
620,4.6,N,77.0,196.4654845,236.0,0.018086283
365,4.9,N,41.0,105.0075476,259.0,0.13459125
235,4.9,N,44.0,90.2855857,444.0,0.168947505
457,5.0,S,77.0,117.0855983,758.0,0.266009749
9237,4.8,S,77.0,169.0,567.0,0.013364121
739,4.5,S,82.0,156.0121044,688.0,0.007329082
9011,4.8,R,39.0,148.0,444.0,0.019343934
327,4.6,N,43.0,176.3248905,330.0,0.040379728
439,5.3,N,34.0,99.02777134,371.0,0.227317561
9002,5.3,N,32.0,171.0,384.0,0.074134576
521,4.6,N,79.0,40.50731509,367.0,0.057723813
565,4.7,S,70.0,80.79541409,436.0,0.148535321
60,5.2,S,70.0,124.1820378,771.0,0.043774042
347,5.0,N,34.0,33.48491631,236.0,0.442540116
319,4.6,N,50.0,102.9682542,214.0,0.105308098
626,4.5,S,70.0,96.23687395,444.0,0.06782504
134,4.6,S,67.0,76.24012104,863.0,0.172956952
457,5.0,S,77.0,52.18920001,652.0,0.367556097
8886,5.0,N,46.0,197.0,376.0,0.053017434
439,5.3,N,34.0,87.87432668,986.0,0.150371126
8448,4.8,N,58.0,109.0,771.0,0.033922082
627,5.0,S,67.0,187.8083328,277.0,0.151050098
300,4.5,R,57.0,114.0496562,271.0,0.008114649
522,4.7,N,36.0,160.8398891,314.0,0.015555303
565,4.7,S,70.0,131.5855288,709.0,0.030298
639,4.7,N,50.0,62.73693627,470.0,0.128134191
9224,4.7,N,59.0,159.0,430.0,0.018943838
501,4.7,S,69.0,80.63613197,299.0,0.087860184
235,4.9,N,44.0,94.24373194,695.0,0.071586502
604,4.7,S,82.0,163.9789562,396.0,0.022419318
562,4.8,S,89.0,136.1699609,652.0,0.238734248
477,4.8,S,53.0,121.0024964,469.0,0.051466704
504,4.9,S,60.0,143.0188492,532.0,0.138034009
361,4.7,N,36.0,101.8500917,269.0,0.160234174
743,4.7,N,47.0,76.40782233,836.0,0.100827658
627,5.0,S,67.0,193.6443671,948.0,0.010342275
8501,5.3,S,86.0,125.0,986.0,0.036789997
265,4.8,S,83.0,142.6084623,265.0,0.148984405
8854,4.6,N,40.0,127.0,340.0,0.043149857
388,4.6,N,55.0,73.66011251,894.0,0.050100303
8510,5.0,N,44.0,94.0,219.0,0.164968878
235,4.9,N,44.0,83.52469263,131.0,0.501256148
612,4.7,S,69.0,82.35918285,270.0,0.112297366
358,5.2,N,43.0,190.6953045,448.0,0.145521245
473,4.8,N,61.0,146.4298604,226.0,0.054047428
9239,4.5,R,80.0,92.0,428.0,0.049968445
278,4.5,N,44.0,72.93250191,329.0,0.04404614
8939,4.6,S,75.0,110.0,347.0,0.128656529
9230,4.8,S,84.0,136.0,519.0,0.015471059
223,4.5,S,54.0,82.65059778,1182.0,0.026595031
285,4.8,S,82.0,144.9822317,580.0,0.036389641
696,5.3,N,47.0,87.87554845,986.0,0.087336251
365,4.9,N,41.0,68.38375106,468.0,0.062707707
509,4.5,N,52.0,42.78726797,344.0,0.0378374
543,4.8,N,41.0,84.05109295,328.0,0.174420713
653,4.7,S,89.0,90.70470435,284.0,0.022480047
213,5.1,N,27.0,177.285545,285.0,0.083034238
604,4.7,S,82.0,155.0280868,403.0,0.019001233
743,4.7,N,47.0,87.9604443,328.0,0.141979859
739,4.5,S,82.0,26.31455069,421.0,0.94498837
361,4.7,N,36.0,190.8664621,448.0,0.030648101
712,4.5,N,55.0,90.21702684,328.0,0.037501138
542,4.7,N,27.0,97.96681204,695.0,0.043954747
724,4.5,N,40.0,95.69910825,207.0,0.047027314
137,4.6,S,74.0,187.3921976,313.0,0.021985341
199,4.6,N,60.0,188.027492,469.0,0.013222813
678,4.5,S,82.0,161.8198036,317.0,0.02971831
330,4.7,N,52.0,137.0954765,459.0,0.043608702
501,4.7,S,69.0,80.9986742,362.0,0.153264852
612,4.7,S,69.0,178.8409041,694.0,0.006758413
726,4.8,S,72.0,145.995025,186.0,0.124464775
542,4.7,N,27.0,104.0588135,131.0,0.122641691
565,4.7,S,70.0,95.53947649,377.0,0.1370585
304,4.5,N,45.0,149.7667758,229.0,0.032386613
9209,4.8,N,60.0,65.0,545.0,0.114844396
501,4.7,S,69.0,187.5644087,472.0,0.017173476
234,5.1,N,45.0,57.86376202,361.0,0.117147739
265,4.8,S,83.0,161.9835088,362.0,0.065770963
8861,4.8,S,79.0,180.0,444.0,0.043832835
172,4.6,S,72.0,122.5162824,280.0,0.078031469
717,4.7,N,55.0,90.5868992,986.0,0.018715368
8630,4.8,S,73.0,108.0,219.0,0.084443276
223,4.5,S,54.0,40.59094678,352.0,0.272406646
565,4.7,S,70.0,47.17183726,313.0,0.250636229
521,4.6,N,79.0,64.17279558,206.0,0.020900989
286,4.5,S,86.0,110.1518765,207.0,0.036190151
399,4.6,N,42.0,106.0038786,271.0,0.047552621
644,4.8,S,82.0,92.33815926,131.0,0.128133683
504,4.9,S,60.0,158.8753923,1141.0,0.099368519
440,4.6,S,66.0,110.1779182,286.0,0.104815003
562,4.8,S,89.0,85.88517721,329.0,0.133699085
537,4.7,N,48.0,86.83019867,445.0,0.008685175
199,4.6,N,60.0,125.6781677,758.0,0.066173117
440,4.6,S,66.0,40.64447742,1141.0,0.151898142
365,4.9,N,41.0,92.06966515,328.0,0.068147309
285,4.8,S,82.0,115.9882156,271.0,0.094875165
397,4.7,N,48.0,85.59162119,1323.0,0.030554306
9161,4.8,R,72.0,99.0,484.0,0.110594267
162,4.8,R,37.0,170.309754,181.0,0.08190243
9123,5.2,N,34.0,115.0,408.0,0.066589897
347,5.0,N,34.0,82.65791586,323.0,0.07227241
285,4.8,S,82.0,103.1935563,387.0,0.078396127
565,4.7,S,70.0,69.73159931,595.0,0.071196377
231,4.5,N,37.0,181.4986594,270.0,0.05854109
358,5.2,N,43.0,65.0026862,249.0,0.412786006
612,4.7,S,69.0,95.6380297,771.0,0.044852188
380,4.9,N,36.0,151.9602403,271.0,0.086758293
84,4.9,S,60.0,156.2089214,300.0,0.090214352
9130,4.5,N,70.0,101.0,347.0,0.013035259
365,4.9,N,41.0,167.2972645,593.0,0.051135921
8569,5.3,N,56.0,120.0,367.0,0.088407146
231,4.5,N,37.0,142.9690395,345.0,0.010895436
524,5.2,S,86.0,84.81913472,735.0,0.188651514
68,4.5,S,83.0,138.2000711,352.0,0.12094639
537,4.7,N,48.0,117.2874459,314.0,0.030261567
9201,4.6,N,53.0,144.0,460.0,0.031177641
568,4.6,S,53.0,147.88605,555.0,0.014429092
223,4.5,S,54.0,67.87360389,410.0,0.029997044
360,4.6,N,47.0,179.1890667,412.0,0.042448419
9130,4.5,N,70.0,100.0,579.0,0.018902464
9239,4.5,R,80.0,145.0,618.0,0.034883937
326,5.3,N,45.0,104.9121641,361.0,0.110894199
601,5.0,N,30.0,100.9535339,771.0,0.144149986
8886,5.0,N,46.0,181.0,390.0,0.065981285
148,4.6,S,75.0,110.5600566,430.0,0.008421459
365,4.9,N,41.0,179.4383654,1323.0,0.015316961
626,4.5,S,70.0,85.95223464,193.0,0.172021792
257,4.7,N,45.0,75.75181012,313.0,0.19546509
10,5.2,S,75.0,76.7411419,320.0,0.253553835
8852,5.4,N,40.0,103.0,836.0,0.109826443
8589,4.7,N,48.0,146.0,986.0,0.00539622
368,4.9,N,55.0,82.93001464,366.0,0.031264073
389,4.5,N,55.0,67.60435914,1323.0,0.009613889
8638,5.1,N,47.0,169.0,396.0,0.069742635
419,4.5,N,44.0,143.9542432,344.0,0.010753503
743,4.7,N,47.0,72.46030452,145.0,0.357496037
8441,4.8,N,52.0,81.0,366.0,0.115396053
715,4.9,N,55.0,68.66815996,145.0,0.216133161
358,5.2,N,43.0,171.9535046,403.0,0.054040393
391,4.7,N,57.0,105.3258073,1080.0,0.052628684
8725,4.6,S,77.0,147.0,328.0,0.124155014
713,4.5,N,55.0,71.06208427,131.0,0.08867123
558,4.7,S,62.0,192.8309834,265.0,0.039129591
9239,4.5,R,80.0,133.0,408.0,0.022658769
9201,4.6,N,53.0,38.0,555.0,0.168607188
737,4.7,S,56.0,117.5227759,376.0,0.021801468
8441,4.8,N,52.0,107.0,313.0,0.111285039
330,4.7,N,52.0,131.2548438,430.0,0.073293575
216,4.7,S,84.0,55.56568765,528.0,0.059258675
743,4.7,N,47.0,142.657268,608.0,0.020573821
326,5.3,N,45.0,142.8595262,131.0,0.123156383
213,5.1,N,27.0,94.08595658,357.0,0.308022143
105,5.1,N,49.0,52.5253797,285.0,0.730260713
213,5.1,N,27.0,172.0097544,390.0,0.024890747
419,4.5,N,44.0,94.13654507,354.0,0.043416842
421,4.8,N,42.0,54.16229292,466.0,0.213550286
416,5.3,N,38.0,116.5262859,567.0,0.094057271
504,4.9,S,60.0,19.08038538,403.0,1.826915042
531,4.6,N,39.0,21.85351993,747.0,0.054126695
421,4.8,N,42.0,125.7168215,271.0,0.032535091
536,4.7,S,89.0,58.98853613,459.0,0.206187761
418,5.0,N,34.0,64.94772074,580.0,0.106659763
286,4.5,S,86.0,51.80376064,238.0,0.110260337
105,5.1,N,49.0,187.3147222,253.0,0.074863642
309,5.4,N,44.0,144.4965411,836.0,0.083152888
304,4.5,N,45.0,147.1930697,196.0,0.032363095
416,5.3,N,38.0,154.0958049,599.0,0.03364858
391,4.7,N,57.0,154.2010632,286.0,0.070051073
285,4.8,S,82.0,88.31907233,328.0,0.087792708
360,4.6,N,47.0,35.15539589,273.0,0.137947622
68,4.5,S,83.0,28.70774355,639.0,0.110295376
421,4.8,N,42.0,181.1655407,462.0,0.029815979
122,4.8,N,38.0,86.7614306,731.0,0.060281143
391,4.7,N,57.0,77.20205094,393.0,0.146816646
8886,5.0,N,46.0,75.0,533.0,0.124616774
524,5.2,S,86.0,105.7656727,519.0,0.091877808
38,5.3,N,31.0,79.12051164,285.0,0.265353087
542,4.7,N,27.0,83.71220055,415.0,0.067507065
361,4.7,N,36.0,76.65777776,328.0,0.089483244
8864,5.3,S,76.0,57.0,243.0,0.229687921
696,5.3,N,47.0,72.47550343,196.0,0.576891632
9238,4.6,S,76.0,87.0,519.0,0.036133133
8886,5.0,N,46.0,165.0,654.0,0.015225463
438,5.0,N,38.0,132.3758157,307.0,0.086791754
163,4.8,S,79.0,153.151935,315.0,0.126493284
326,5.3,N,45.0,156.3726683,1141.0,0.034684087
286,4.5,S,86.0,68.09870871,361.0,0.061878773
352,5.0,N,51.0,170.6565427,403.0,0.116476042
257,4.7,N,45.0,149.017529,483.0,0.064069419
121,4.5,S,83.0,65.24504015,398.0,0.013817704
715,4.9,N,55.0,33.6400694,307.0,0.087563137
9241,4.5,S,69.0,162.0,936.0,0.013258818
601,5.0,N,30.0,176.8034158,277.0,0.200148413
455,4.8,N,52.0,135.612416,855.0,0.028478111
327,4.6,N,43.0,100.9599926,608.0,0.043005288
326,5.3,N,45.0,137.9649627,683.0,0.124050268
330,4.7,N,52.0,51.01226462,387.0,0.175115704
121,4.5,S,83.0,47.26939528,352.0,0.022103606
517,4.6,S,86.0,155.0192822,413.0,0.010292037
480,4.6,S,57.0,43.36817693,714.0,0.173584456
9235,4.5,N,35.0,133.0,654.0,0.019094668
406,4.6,N,32.0,40.88219556,948.0,0.100668307
524,5.2,S,86.0,157.2497498,372.0,0.043652445
457,5.0,S,77.0,23.61833131,376.0,0.811212856
124,4.7,N,51.0,80.27496223,249.0,0.128257123
558,4.7,S,62.0,130.8119671,366.0,0.120638178
726,4.8,S,72.0,45.17143773,660.0,0.150470422
199,4.6,N,60.0,59.15976934,567.0,0.025201237
17,5.2,S,67.0,37.28738233,662.0,0.984670766
347,5.0,N,34.0,62.95053065,477.0,0.082523073
145,5.0,N,41.0,142.2315218,369.0,0.053075756
628,5.0,S,46.0,160.1363324,186.0,0.112726523
358,5.2,N,43.0,70.60299418,608.0,0.075463937
659,5.2,N,33.0,160.3900083,630.0,0.078705082
659,5.2,N,33.0,59.17757724,827.0,0.259953653
455,4.8,N,52.0,96.92447168,344.0,0.044656688
688,4.7,N,53.0,90.12641162,207.0,0.049377922
638,4.7,S,86.0,116.5240013,273.0,0.100978376
671,4.7,S,88.0,165.3316927,346.0,0.040872793
182,5.3,S,85.0,154.9231594,193.0,0.070194055
368,4.9,N,55.0,80.94003187,298.0,0.060539049
671,4.7,S,88.0,69.94220134,654.0,0.027397808
617,4.9,N,53.0,79.06492613,875.0,0.110011025
724,4.5,N,40.0,63.20327794,468.0,0.197514489
416,5.3,N,38.0,96.59375783,271.0,0.33739757
439,5.3,N,34.0,68.80421258,303.0,0.27552124
695,4.7,N,41.0,64.82754786,630.0,0.609008343
8851,4.7,N,48.0,90.0,745.0,0.086222875
604,4.7,S,82.0,91.42301483,468.0,0.03755406
8643,4.5,N,44.0,127.0,234.0,0.066176685
9227,5.1,N,45.0,144.0,612.0,0.02799963
610,4.5,S,85.0,165.4569784,469.0,0.02214262
737,4.7,S,56.0,57.54918999,860.0,0.032109103
153,4.9,S,66.0,49.35998176,315.0,0.341996039
56,5.0,S,57.0,125.8902167,397.0,0.118178675
9227,5.1,N,45.0,106.0,362.0,0.046639902
9140,4.9,N,39.0,70.0,374.0,0.121625136
9130,4.5,N,70.0,80.0,715.0,0.026166417
365,4.9,N,41.0,115.4332447,561.0,0.048752442
265,4.8,S,83.0,179.333106,678.0,0.058730046
199,4.6,N,60.0,125.5930715,346.0,0.149842313
8861,4.8,S,79.0,141.0,416.0,0.068893981
307,4.9,N,44.0,175.2552317,567.0,0.023519215
652,4.6,S,78.0,90.56392977,284.0,0.015677792
480,4.6,S,57.0,142.889328,533.0,0.052579221
715,4.9,N,55.0,66.45898931,827.0,0.07365239
583,4.5,S,84.0,91.2984365,907.0,0.012474281
199,4.6,N,60.0,57.69030914,377.0,0.070918082
558,4.7,S,62.0,133.16188,468.0,0.051166614
524,5.2,S,86.0,28.76635541,1380.0,1.264072266
186,4.5,S,90.0,30.95337294,192.0,0.034129489
440,4.6,S,66.0,77.45637804,558.0,0.105063822
352,5.0,N,51.0,60.08014337,313.0,0.562490752
8725,4.6,S,77.0,188.0,412.0,0.01647321
327,4.6,N,43.0,75.90376475,192.0,0.138427435
367,4.9,N,55.0,76.87370688,414.0,0.061979372
434,5.0,S,76.0,186.8345846,403.0,0.041800638
365,4.9,N,41.0,191.8293673,396.0,0.055547841
440,4.6,S,66.0,10.34877295,328.0,4.2619866
9227,5.1,N,45.0,184.0,440.0,0.067061418
231,4.5,N,37.0,147.9397175,196.0,0.066675658
8734,5.3,R,22.0,178.0,607.0,0.027383554
103,4.8,N,42.0,190.016182,145.0,0.065155392
477,4.8,S,53.0,128.5983466,721.0,0.064565359
347,5.0,N,34.0,96.27400318,948.0,0.038022127
56,5.0,S,57.0,6.128254564,229.0,4.127902476
8902,4.8,N,64.0,47.0,341.0,0.27872958
59,5.3,N,37.0,16.43761607,344.0,1.961004172
377,4.6,S,64.0,163.2648691,460.0,0.044047046
327,4.6,N,43.0,148.034227,397.0,0.02602561
604,4.7,S,82.0,126.6959164,1141.0,0.020744305
696,5.3,N,47.0,92.13773583,207.0,0.320783932
103,4.8,N,42.0,195.5205603,303.0,0.076785362
70,5.0,N,44.0,69.33927921,196.0,0.503085561
255,4.8,S,81.0,35.45920933,286.0,0.398620049
388,4.6,N,55.0,176.550267,875.0,0.005320971
329,4.5,N,45.0,80.3653856,390.0,0.052788576
412,4.8,N,35.0,159.5984909,356.0,0.050555164
639,4.7,N,50.0,118.6852097,946.0,0.013517116
601,5.0,N,30.0,101.9500872,313.0,0.424178704
558,4.7,S,62.0,158.7474642,414.0,0.036811254
68,4.5,S,83.0,166.0744501,380.0,0.028797509
172,4.6,S,72.0,45.81134592,618.0,0.238233898
9235,4.5,N,35.0,125.0,460.0,0.02127898
231,4.5,N,37.0,187.1312476,480.0,0.003813493
627,5.0,S,67.0,162.281056,894.0,0.011667372
522,4.7,N,36.0,39.95784831,367.0,0.16478841
504,4.9,S,60.0,78.80288863,324.0,0.78170563
23,5.4,S,23.0,131.6953575,311.0,0.147582833
329,4.5,N,45.0,85.37410393,448.0,0.050605435
553,4.6,R,52.0,89.03935443,1113.0,0.034988181
377,4.6,S,64.0,63.29334047,361.0,0.056610864
8691,5.1,N,49.0,113.0,145.0,0.407843052
278,4.5,N,44.0,75.43389013,315.0,0.073453222
678,4.5,S,82.0,168.1133005,484.0,0.013314726
216,4.7,S,84.0,141.9792443,284.0,0.011252717
93,4.6,S,76.0,50.1480238,280.0,0.064654858
122,4.8,N,38.0,82.46010399,618.0,0.078195296
358,5.2,N,43.0,188.758944,683.0,0.032697742
236,4.6,N,55.0,102.3680113,827.0,0.009222694
352,5.0,N,51.0,151.1407996,343.0,0.065338305
360,4.6,N,47.0,187.2688097,555.0,0.018732059
231,4.5,N,37.0,115.7320339,358.0,0.020194781
508,4.8,N,50.0,39.74919915,344.0,0.098209798
8501,5.3,S,86.0,92.0,630.0,0.138376592
286,4.5,S,86.0,73.20373686,298.0,0.099338349
508,4.8,N,50.0,52.1125164,549.0,0.056550616
8852,5.4,N,40.0,87.0,460.0,0.251675673
504,4.9,S,60.0,174.3684908,629.0,0.198886918
330,4.7,N,52.0,154.019404,1141.0,0.028973533
520,5.0,N,52.0,142.0097456,1113.0,0.030328116
715,4.9,N,55.0,67.22613028,131.0,0.120594178
8638,5.1,N,47.0,66.0,343.0,0.084640535
110,4.9,S,69.0,107.3956316,370.0,0.123851103
81,5.0,N,42.0,59.8290943,561.0,0.065603436
388,4.6,N,55.0,190.720462,205.0,0.010523956
231,4.5,N,37.0,189.8722996,131.0,0.037051431
412,4.8,N,35.0,68.61642454,466.0,0.117166818
480,4.6,S,57.0,45.7815479,280.0,0.194353694
626,4.5,S,70.0,158.2948107,555.0,0.025663347
583,4.5,S,84.0,34.04607823,1380.0,0.033416176
591,4.5,S,81.0,166.5386248,955.0,0.003217724
347,5.0,N,34.0,41.45946642,567.0,0.337120422
439,5.3,N,34.0,31.98945504,1323.0,0.87337812
134,4.6,S,67.0,30.91079259,390.0,0.151851136
517,4.6,S,86.0,146.6553155,426.0,0.029186109
558,4.7,S,62.0,136.9200507,771.0,0.043838824
9237,4.8,S,77.0,181.0,521.0,0.011222324
352,5.0,N,51.0,85.43492423,414.0,0.151862573
8854,4.6,N,40.0,73.0,694.0,0.036104374
8448,4.8,N,58.0,171.0,662.0,0.058881398
192,4.9,S,82.0,162.6625741,224.0,0.274762725
421,4.8,N,42.0,80.7781887,307.0,0.120036253
714,4.6,N,55.0,141.434221,580.0,0.006015439
9230,4.8,S,84.0,95.0,365.0,0.050919888
213,5.1,N,27.0,39.09654376,294.0,0.191667297
263,4.5,S,32.0,115.1864219,273.0,0.04020359
391,4.7,N,57.0,116.3807793,372.0,0.093059625
330,4.7,N,52.0,141.6407626,836.0,0.047616127
739,4.5,S,82.0,120.4818068,291.0,0.046406063
529,4.5,S,81.0,106.506711,375.0,0.019071991
9161,4.8,R,72.0,67.0,545.0,0.12837139
9130,4.5,N,70.0,109.0,1380.0,0.015848518
360,4.6,N,47.0,74.31905688,430.0,0.071985211
28,5.4,N,15.0,74.39143247,466.0,0.761354073
531,4.6,N,39.0,24.84927828,732.0,0.059313667
352,5.0,N,51.0,141.8690457,1080.0,0.019960251
553,4.6,R,52.0,83.18619375,1323.0,0.026278972
360,4.6,N,47.0,150.050063,462.0,0.01615205
628,5.0,S,46.0,170.5255511,372.0,0.061201807
743,4.7,N,47.0,160.1310428,387.0,0.018134397
455,4.8,N,52.0,62.18424972,290.0,0.40398058
8441,4.8,N,52.0,71.0,387.0,0.218898507
172,4.6,S,72.0,82.92842407,501.0,0.020576065
265,4.8,S,83.0,45.69036425,906.0,0.097060092
604,4.7,S,82.0,47.30435919,300.0,0.092813249
412,4.8,N,35.0,55.45253435,393.0,0.090298326
522,4.7,N,36.0,133.101189,986.0,0.013695463
8439,5.0,N,45.0,87.0,403.0,0.435113965
715,4.9,N,55.0,94.06100143,341.0,0.111098432
8643,4.5,N,44.0,130.0,986.0,0.006159252
536,4.7,S,89.0,61.95970805,532.0,0.261545887
8449,4.5,N,52.0,181.0,417.0,0.00934106
246,4.7,S,82.0,32.09676251,283.0,0.656646271
438,5.0,N,38.0,41.33630478,393.0,0.192913473
327,4.6,N,43.0,107.469416,328.0,0.065684317
517,4.6,S,86.0,168.860959,714.0,0.036959635
380,4.9,N,36.0,55.03052807,532.0,0.235509058
309,5.4,N,44.0,140.8239517,397.0,0.109956151
558,4.7,S,62.0,123.1456801,875.0,0.066604428
8886,5.0,N,46.0,61.0,280.0,0.170461473
365,4.9,N,41.0,39.92450752,340.0,0.171891492
379,5.2,S,79.0,142.8009806,307.0,0.304291
8449,4.5,N,52.0,95.0,691.0,0.018783256
604,4.7,S,82.0,96.118673,771.0,0.027369908
192,4.9,S,82.0,64.98625369,709.0,0.087531263
304,4.5,N,45.0,150.6815726,270.0,0.029218373
724,4.5,N,40.0,47.35758676,415.0,0.124002309
162,4.8,R,37.0,100.7314583,200.0,0.228775376
644,4.8,S,82.0,90.9042374,205.0,0.118174662
580,4.6,S,79.0,85.69012635,329.0,0.014038689
576,4.5,S,89.0,151.0127099,514.0,0.021082457
138,4.5,S,74.0,64.18221142,369.0,0.131385201
351,5.0,N,29.0,195.4851968,460.0,0.027247899
8691,5.1,N,49.0,148.0,986.0,0.049749599
695,4.7,N,41.0,71.00576367,145.0,0.35725385
626,4.5,S,70.0,94.92619655,745.0,0.06606924
399,4.6,N,42.0,89.64682207,1080.0,0.019557328
9154,5.0,S,81.0,145.0,305.0,0.138442905
397,4.7,N,48.0,144.636727,567.0,0.025261498
517,4.6,S,86.0,48.30011607,481.0,0.186634201
712,4.5,N,55.0,67.23346997,369.0,0.025566035
439,5.3,N,34.0,20.39175623,234.0,4.28902384
105,5.1,N,49.0,64.81268454,561.0,0.108100274
601,5.0,N,30.0,103.8659276,328.0,0.504920381
145,5.0,N,41.0,68.14175979,323.0,0.103063908
8449,4.5,N,52.0,141.0,313.0,0.038926733
361,4.7,N,36.0,68.4740324,608.0,0.028044646
725,4.6,S,81.0,85.55853204,329.0,0.017564639
565,4.7,S,70.0,107.8347661,459.0,0.05468073
9221,4.5,S,83.0,175.0,539.0,0.012598368
329,4.5,N,45.0,33.99409369,439.0,0.081210685
667,4.5,S,85.0,50.61897037,660.0,0.071919731
329,4.5,N,45.0,21.04973654,208.0,0.178388932
379,5.2,S,79.0,21.99475956,207.0,1.345878248
100,4.9,S,47.0,135.8412776,348.0,0.015237443
235,4.9,N,44.0,99.50311336,403.0,0.335092601
352,5.0,N,51.0,120.3889287,894.0,0.041949129
8740,5.3,S,67.0,155.0,243.0,0.110889753
517,4.6,S,86.0,164.3142103,207.0,0.038658766
623,5.2,S,67.0,96.1654445,271.0,0.157248182
526,4.5,S,60.0,161.2631728,671.0,0.019869771
257,4.7,N,45.0,132.6932125,369.0,0.064497809
617,4.9,N,53.0,141.3014653,375.0,0.197192582
118,5.3,N,60.0,105.0197159,252.0,0.231068262
365,4.9,N,41.0,188.7447681,549.0,0.036447115
9021,4.5,R,27.0,140.0,494.0,0.011952651
679,5.2,S,71.0,181.310634,404.0,0.027463254
8569,5.3,N,56.0,62.0,955.0,0.227982871
8448,4.8,N,58.0,108.0,131.0,0.122851893
439,5.3,N,34.0,68.12688447,278.0,0.119310444
9221,4.5,S,83.0,182.0,376.0,0.017411818
9235,4.5,N,35.0,170.0,637.0,0.007573906
9227,5.1,N,45.0,51.0,233.0,0.334555427
501,4.7,S,69.0,110.1973822,450.0,0.021635335
184,4.6,S,90.0,69.63288002,403.0,0.017496963
457,5.0,S,77.0,132.930983,735.0,0.142397215
380,4.9,N,36.0,179.9508188,286.0,0.09675225
285,4.8,S,82.0,140.7072222,343.0,0.063311448
358,5.2,N,43.0,105.8894517,1141.0,0.256746935
388,4.6,N,55.0,144.2445855,301.0,0.032203401
675,4.7,R,55.0,84.8490697,463.0,0.051473844
601,5.0,N,30.0,167.4923458,488.0,0.134093499
255,4.8,S,81.0,19.48269028,429.0,0.391812422
8710,5.1,R,33.0,185.0,599.0,0.045978846
469,4.7,S,63.0,167.272891,311.0,0.037184202
8886,5.0,N,46.0,44.0,501.0,0.156251043
8444,4.8,N,57.0,72.0,387.0,0.183216432
358,5.2,N,43.0,71.06977125,430.0,0.313842473
542,4.7,N,27.0,88.87670047,323.0,0.068717187
717,4.7,N,55.0,76.27461995,875.0,0.029325047
714,4.6,N,55.0,80.56804629,307.0,0.023154807
419,4.5,N,44.0,77.73954549,307.0,0.030986861
9227,5.1,N,45.0,51.0,597.0,0.324260914
260,4.5,N,42.0,92.843735,709.0,0.014585837
127,4.7,S,49.0,106.8456931,460.0,0.015654586
235,4.9,N,44.0,85.65264954,836.0,0.087830542
419,4.5,N,44.0,110.7780667,301.0,0.043192885
379,5.2,S,79.0,73.70445633,745.0,0.528904498
285,4.8,S,82.0,95.10603395,460.0,0.099636631
319,4.6,N,50.0,145.1226128,196.0,0.028475531
743,4.7,N,47.0,113.5531639,371.0,0.023447656
643,4.7,S,80.0,67.39256091,470.0,0.169708691
743,4.7,N,47.0,75.66218748,827.0,0.078214046
601,5.0,N,30.0,123.1213727,462.0,0.045661938
522,4.7,N,36.0,78.88429105,294.0,0.020148267
8680,4.8,S,70.0,87.0,282.0,0.184225536
352,5.0,N,51.0,11.5721168,341.0,0.875595784
639,4.7,N,50.0,89.33112266,310.0,0.208664493
235,4.9,N,44.0,58.70762731,387.0,0.154965021
8674,5.2,N,39.0,139.0,534.0,0.060755231
623,5.2,S,67.0,152.6694681,391.0,0.102502224
213,5.1,N,27.0,166.4054551,345.0,0.04915541
9011,4.8,R,39.0,143.0,186.0,0.06959723
9152,4.6,N,55.0,72.0,484.0,0.039572042
623,5.2,S,67.0,69.8064957,273.0,0.350119711
127,4.7,S,49.0,26.65037552,273.0,0.125661184
615,4.5,S,72.0,128.5356709,444.0,0.023515992
26,5.3,S,57.0,29.57085109,282.0,1.111834511
558,4.7,S,62.0,187.1802474,314.0,0.026130816
543,4.8,N,41.0,98.71556605,695.0,0.028212976
546,4.8,S,87.0,58.60368253,335.0,0.168738292
9225,4.7,S,67.0,158.0,430.0,0.065170047
9140,4.9,N,39.0,61.0,484.0,0.19544207
68,4.5,S,83.0,145.6979126,305.0,0.066991923
46,5.3,N,45.0,103.0440302,371.0,0.328908932
326,5.3,N,45.0,150.0837176,745.0,0.056610903
399,4.6,N,42.0,106.8010521,236.0,0.025552551
9225,4.7,S,67.0,197.0,501.0,0.01666675
388,4.6,N,55.0,88.17419343,466.0,0.044423572
601,5.0,N,30.0,145.2836387,369.0,0.068387464
421,4.8,N,42.0,153.0556278,745.0,0.024180966
9201,4.6,N,53.0,99.0,501.0,0.052302851
8442,5.2,N,42.0,146.0,324.0,0.218796427
8607,5.2,N,43.0,156.0,234.0,0.198589217
617,4.9,N,53.0,58.012261,340.0,0.080698456
103,4.8,N,42.0,191.227957,193.0,0.051216459
238,4.5,N,55.0,32.39563453,207.0,0.100233569
260,4.5,N,42.0,112.2109984,500.0,0.019490484
225,4.8,N,38.0,61.3581424,696.0,0.033856041
8449,4.5,N,52.0,68.0,408.0,0.11399046
9241,4.5,S,69.0,12.0,907.0,0.459498499
235,4.9,N,44.0,143.1394231,324.0,0.116086658
213,5.1,N,27.0,63.74160787,198.0,0.486588231
61,4.7,S,48.0,120.5990326,402.0,0.057951573
568,4.6,S,53.0,139.6544017,330.0,0.042018724
235,4.9,N,44.0,80.77442574,366.0,0.252956339
536,4.7,S,89.0,112.2551885,747.0,0.053524348
418,5.0,N,34.0,146.1983049,599.0,0.020625713
710,4.9,N,28.0,68.51912464,145.0,0.529931439
647,4.6,N,35.0,51.12680832,278.0,0.075083354
647,4.6,N,35.0,64.83594532,248.0,0.135343685
352,5.0,N,51.0,95.5913202,269.0,0.158955507
255,4.8,S,81.0,144.1845573,321.0,0.070365027
628,5.0,S,46.0,103.2079175,489.0,0.045059932
60,5.2,S,70.0,160.9682346,192.0,0.155653131
542,4.7,N,27.0,178.2723428,558.0,0.011093001
8861,4.8,S,79.0,83.0,284.0,0.085415028
231,4.5,N,37.0,181.1383432,827.0,0.015956068
9239,4.5,R,80.0,167.0,271.0,0.037565963
469,4.7,S,63.0,67.0241713,293.0,0.132415833
529,4.5,S,81.0,81.09089661,444.0,0.020569028
558,4.7,S,62.0,148.0483279,415.0,0.051774443
8864,5.3,S,76.0,118.0,368.0,0.131630595
64,5.1,S,45.0,83.14138526,267.0,0.347282734
129,5.0,S,48.0,127.6357491,439.0,0.176981677
612,4.7,S,69.0,90.610955,695.0,0.049316905
172,4.6,S,72.0,54.94237965,404.0,0.183446281
562,4.8,S,89.0,196.6461629,426.0,0.048450519
145,5.0,N,41.0,152.7293564,358.0,0.067553417
688,4.7,N,53.0,70.45764963,459.0,0.119403641
623,5.2,S,67.0,134.9150002,354.0,0.287623843
260,4.5,N,42.0,127.5294119,366.0,0.017900268
260,4.5,N,42.0,109.0010582,595.0,0.015383313
118,5.3,N,60.0,184.8287034,875.0,0.010653767
278,4.5,N,44.0,126.0787756,519.0,0.050501839
8607,5.2,N,43.0,169.0,236.0,0.065417261
477,4.8,S,53.0,99.06184254,519.0,0.087248728
604,4.7,S,82.0,85.01482751,836.0,0.020569969
714,4.6,N,55.0,47.72052736,1141.0,0.037947644
9140,4.9,N,39.0,157.0,305.0,0.111670676
260,4.5,N,42.0,55.30090774,225.0,0.065737754
617,4.9,N,53.0,122.0196932,207.0,0.081948674
379,5.2,S,79.0,185.3252741,336.0,0.218974725
163,4.8,S,79.0,149.2182121,192.0,0.119839702
568,4.6,S,53.0,93.22832711,131.0,0.076810092
231,4.5,N,37.0,142.0718226,558.0,0.021232472
623,5.2,S,67.0,87.60018931,827.0,0.137468548
257,4.7,N,45.0,84.11634782,468.0,0.08006592
257,4.7,N,45.0,80.481794,1141.0,0.11281028
406,4.6,N,32.0,106.1883261,369.0,0.034596361
8725,4.6,S,77.0,121.0,358.0,0.11680424
8766,5.3,S,61.0,95.0,579.0,0.072946928
377,4.6,S,64.0,115.282312,229.0,0.094860951
309,5.4,N,44.0,150.2202288,249.0,0.130293038
9227,5.1,N,45.0,178.0,545.0,0.034929314
231,4.5,N,37.0,44.19006208,336.0,0.363218226
659,5.2,N,33.0,39.83917139,273.0,0.61701973
576,4.5,S,89.0,189.9061689,361.0,0.02286163
397,4.7,N,48.0,23.37167507,747.0,0.23501826
529,4.5,S,81.0,113.5767897,827.0,0.010774609
182,5.3,S,85.0,88.18473377,366.0,0.136965942
8854,4.6,N,40.0,135.0,873.0,0.010538267
9000,5.3,R,28.0,161.0,305.0,0.268467109
696,5.3,N,47.0,81.35499139,205.0,0.540715108
55,4.8,S,76.0,153.9503127,387.0,0.060379574
255,4.8,S,81.0,15.77045782,192.0,1.658666129
617,4.9,N,53.0,183.5021626,238.0,0.126553922
184,4.6,S,90.0,119.5222511,444.0,0.014964025
546,4.8,S,87.0,92.68442822,265.0,0.155965476
367,4.9,N,55.0,97.59002613,558.0,0.064185687
265,4.8,S,83.0,151.5184687,392.0,0.160366392
9221,4.5,S,83.0,99.0,501.0,0.058084204
8449,4.5,N,52.0,52.0,637.0,0.072237525
8710,5.1,R,33.0,65.0,290.0,0.094852259
477,4.8,S,53.0,52.5149873,317.0,0.327163684
508,4.8,N,50.0,34.26581774,477.0,0.080619149
360,4.6,N,47.0,127.1067242,986.0,0.024752646
562,4.8,S,89.0,103.1297313,654.0,0.061529051
8721,4.9,S,66.0,181.0,574.0,0.054193902
520,5.0,N,52.0,192.5857018,328.0,0.156173746
380,4.9,N,36.0,58.78965542,145.0,0.344366651
8878,4.6,N,53.0,68.0,1010.0,0.037475675
124,4.7,N,51.0,91.4209927,771.0,0.059809246
418,5.0,N,34.0,66.21501288,1080.0,0.10242906
327,4.6,N,43.0,143.5083547,683.0,0.070009896
412,4.8,N,35.0,38.21346261,323.0,0.248861786
743,4.7,N,47.0,75.03530177,196.0,0.253764271
739,4.5,S,82.0,141.2869702,530.0,0.006276974
8900,4.8,R,71.0,189.0,473.0,0.054424572
644,4.8,S,82.0,164.8682328,459.0,0.016396136
601,5.0,N,30.0,97.76712741,271.0,0.164408262
8740,5.3,S,67.0,102.0,432.0,0.307945502
223,4.5,S,54.0,35.26210512,286.0,0.10481499
103,4.8,N,42.0,190.5095853,282.0,0.067326844
696,5.3,N,47.0,51.16613224,894.0,0.164419371
8674,5.2,N,39.0,173.0,291.0,0.085895762
8721,4.9,S,66.0,171.0,248.0,0.101642651
480,4.6,S,57.0,149.4783798,637.0,0.021311035
8442,5.2,N,42.0,135.0,483.0,0.190519004
9161,4.8,R,72.0,85.0,499.0,0.080892825
330,4.7,N,52.0,143.6771668,196.0,0.094399927
109,5.2,S,85.0,36.68071348,481.0,0.297740696
671,4.7,S,88.0,94.85383755,579.0,0.025095927
172,4.6,S,72.0,124.5746694,366.0,0.015707173
110,4.9,S,69.0,174.9899682,282.0,0.018433047
8766,5.3,S,61.0,94.0,907.0,0.067923276
652,4.6,S,78.0,93.13249101,315.0,0.057862417
457,5.0,S,77.0,196.39586,709.0,0.06270836
379,5.2,S,79.0,67.74397391,131.0,0.79942794
435,4.7,N,41.0,103.5168355,369.0,0.029253919
311,5.2,N,42.0,105.4984995,328.0,0.185460422
9130,4.5,N,70.0,128.0,430.0,0.022612919
8440,4.8,N,46.0,76.0,532.0,0.191251462
184,4.6,S,90.0,37.92381698,315.0,0.110344181
439,5.3,N,34.0,109.5693396,813.0,0.039347154
520,5.0,N,52.0,181.933673,259.0,0.0496497
627,5.0,S,67.0,60.51239249,608.0,0.123978225
365,4.9,N,41.0,113.9691445,345.0,0.086743081
612,4.7,S,69.0,120.8591613,414.0,0.053122254
84,4.9,S,60.0,54.66665421,321.0,0.242559319
562,4.8,S,89.0,77.17162852,660.0,0.186013424
172,4.6,S,72.0,64.06258728,720.0,0.12118399
286,4.5,S,86.0,79.88162277,771.0,0.027922957
615,4.5,S,72.0,87.53574599,735.0,0.023293725
72,4.9,S,74.0,40.09465906,663.0,0.122386066
285,4.8,S,82.0,189.7089585,488.0,0.043499521
9236,4.7,S,57.0,181.0,521.0,0.014481845
617,4.9,N,53.0,175.3364102,1080.0,0.011806118
679,5.2,S,71.0,122.0309304,494.0,0.050878366
235,4.9,N,44.0,109.5763858,229.0,0.176530458
540,4.8,N,46.0,137.0381902,747.0,0.014531056
739,4.5,S,82.0,135.0890805,338.0,0.034518655
8609,4.9,N,36.0,160.0,236.0,0.032421326
361,4.7,N,36.0,60.69083113,875.0,0.098058596
526,4.5,S,60.0,77.52248115,654.0,0.030658064
326,5.3,N,45.0,79.17531192,193.0,0.427461334
121,4.5,S,83.0,74.0059468,884.0,0.006354326
238,4.5,N,55.0,85.04735088,131.0,0.050462813
205,4.6,S,56.0,139.0288447,901.0,0.013202436
285,4.8,S,82.0,70.38714826,196.0,0.191911698
627,5.0,S,67.0,94.1587987,313.0,0.282796947
604,4.7,S,82.0,151.6531374,391.0,0.024561057
9152,4.6,N,55.0,114.0,445.0,0.036825111
84,4.9,S,60.0,122.5890298,370.0,0.350154676
278,4.5,N,44.0,54.93685308,663.0,0.110182377
501,4.7,S,69.0,167.90241,273.0,0.076989369
630,4.6,S,87.0,127.0483188,444.0,0.025077414
365,4.9,N,41.0,76.33869959,336.0,0.200030025
531,4.6,N,39.0,158.2332602,356.0,0.052476752
8501,5.3,S,86.0,175.0,567.0,0.060919701
438,5.0,N,38.0,73.10670922,303.0,0.216782339
8449,4.5,N,52.0,132.0,906.0,0.020002116
628,5.0,S,46.0,176.1825252,440.0,0.091710533
522,4.7,N,36.0,76.83297519,345.0,0.032892294
186,4.5,S,90.0,34.66531239,429.0,0.008563468
416,5.3,N,38.0,66.80864337,466.0,0.158646627
397,4.7,N,48.0,154.0925713,248.0,0.0822672
524,5.2,S,86.0,134.0074751,416.0,0.114291707
352,5.0,N,51.0,153.7729151,304.0,0.204798499
615,4.5,S,72.0,29.70521529,407.0,0.164161363
647,4.6,N,35.0,29.5365887,466.0,0.190410651
293,5.0,R,49.0,167.7133095,303.0,0.090187864
223,4.5,S,54.0,49.96439024,272.0,0.022432699
360,4.6,N,47.0,72.97476629,771.0,0.028190775
582,4.6,S,70.0,100.8488793,376.0,0.079960017
163,4.8,S,79.0,12.58165681,224.0,1.51515633
562,4.8,S,89.0,103.5694054,579.0,0.053551911
9154,5.0,S,81.0,62.0,735.0,0.070077269
380,4.9,N,36.0,147.3460237,662.0,0.067658028
199,4.6,N,60.0,72.87872157,377.0,0.056980825
667,4.5,S,85.0,193.8811604,390.0,0.009672463
145,5.0,N,41.0,174.8102044,294.0,0.023920178
351,5.0,N,29.0,58.83212639,304.0,0.203980991
358,5.2,N,43.0,103.4361512,301.0,0.19867706
8442,5.2,N,42.0,116.0,340.0,0.12218728
129,5.0,S,48.0,47.73546263,430.0,0.17536401
365,4.9,N,41.0,22.42872862,229.0,1.296523073
601,5.0,N,30.0,110.7551325,415.0,0.242874365
743,4.7,N,47.0,64.18172503,745.0,0.21238067
8729,4.7,S,77.0,129.0,495.0,0.032504036
67,4.9,S,56.0,105.6103568,863.0,0.160943475
9130,4.5,N,70.0,77.0,484.0,0.021760193
183,4.9,S,90.0,35.02246214,315.0,0.058889599
352,5.0,N,51.0,43.91650112,271.0,0.145061461
172,4.6,S,72.0,52.61211358,283.0,0.159869525
105,5.1,N,49.0,183.4631976,836.0,0.037435922
9241,4.5,S,69.0,135.0,450.0,0.031878257
8861,4.8,S,79.0,69.0,435.0,0.23407226
246,4.7,S,82.0,63.09263665,215.0,0.141908844
223,4.5,S,54.0,68.97805277,348.0,0.045696789
388,4.6,N,55.0,170.0437289,344.0,0.013761893
610,4.5,S,85.0,31.56291506,907.0,0.126782926
667,4.5,S,85.0,52.73658396,450.0,0.191628662
55,4.8,S,76.0,92.14264704,459.0,0.235684574
354,5.0,R,38.0,151.1801571,350.0,0.020314247
646,4.7,S,77.0,71.23163485,329.0,0.016254006
126,4.5,S,67.0,119.4826409,414.0,0.014438705
286,4.5,S,86.0,63.46860443,300.0,0.093032486
400,4.6,N,42.0,33.53955466,219.0,0.045881035
627,5.0,S,67.0,140.3319075,307.0,0.061724188
522,4.7,N,36.0,25.94749054,477.0,0.16161266
265,4.8,S,83.0,132.3627807,372.0,0.116704825
358,5.2,N,43.0,135.7576231,894.0,0.047430123
322,4.6,N,51.0,170.1059359,555.0,0.029302163
529,4.5,S,81.0,117.7399488,145.0,0.04747164
412,4.8,N,35.0,28.98214612,948.0,0.153840162
612,4.7,S,69.0,85.37024101,196.0,0.122875917
457,5.0,S,77.0,134.5493318,860.0,0.061739619
311,5.2,N,42.0,152.7498158,695.0,0.045609554
8510,5.0,N,44.0,68.0,747.0,0.079559616
679,5.2,S,71.0,167.7578527,501.0,0.035351601
722,4.7,S,90.0,89.25640772,907.0,0.016673429
388,4.6,N,55.0,119.2376035,371.0,0.02506622
647,4.6,N,35.0,32.03033148,236.0,0.293849452
522,4.7,N,36.0,136.6052257,584.0,0.023574863
592,5.1,S,80.0,131.4463849,529.0,0.082140439
406,4.6,N,32.0,14.16798389,747.0,0.706706625
354,5.0,R,38.0,50.7310802,367.0,0.055150784
472,4.6,R,67.0,123.3831236,295.0,0.019645755
9225,4.7,S,67.0,131.0,347.0,0.079396122
8691,5.1,N,49.0,94.0,460.0,0.290060623
94,4.5,N,37.0,73.34177405,735.0,0.066526433
678,4.5,S,82.0,187.9889529,347.0,0.00778994
592,5.1,S,80.0,158.4524595,372.0,0.038523347
743,4.7,N,47.0,101.27951,948.0,0.03013745
8734,5.3,R,22.0,130.0,309.0,0.092271436
8691,5.1,N,49.0,78.0,1141.0,0.280488793
9201,4.6,N,53.0,114.0,374.0,0.037037763
9201,4.6,N,53.0,170.0,499.0,0.036138566
636,5.1,S,85.0,192.7467285,356.0,0.06634865
8643,4.5,N,44.0,179.0,567.0,0.007946611
524,5.2,S,86.0,111.376273,579.0,0.052710577
626,4.5,S,70.0,89.59792639,695.0,0.034941708
643,4.7,S,80.0,144.4747343,444.0,0.121709114
715,4.9,N,55.0,125.6397086,1080.0,0.006828819
454,4.6,N,37.0,122.8224438,630.0,0.025137148
419,4.5,N,44.0,42.54333035,732.0,0.018808658
130,4.8,S,79.0,26.13767211,390.0,0.09048467
8766,5.3,S,61.0,126.0,875.0,0.093207949
659,5.2,N,33.0,131.9619234,986.0,0.140260404
61,4.7,S,48.0,32.53439079,301.0,0.859054994
255,4.8,S,81.0,148.1348182,608.0,0.068304379
612,4.7,S,69.0,131.078032,343.0,0.080971067
83,4.5,S,58.0,62.7318498,296.0,0.088733414
9122,4.9,S,78.0,32.0,545.0,0.250035526
246,4.7,S,82.0,62.8190619,377.0,0.069764146
172,4.6,S,72.0,142.473831,671.0,0.047176357
623,5.2,S,67.0,114.463792,397.0,0.121994017
644,4.8,S,82.0,155.5846928,391.0,0.022597409
713,4.5,N,55.0,63.59484127,745.0,0.048432234
639,4.7,N,50.0,180.4011148,428.0,0.037161207
617,4.9,N,53.0,162.7608958,683.0,0.100384581
8630,4.8,S,73.0,136.0,873.0,0.01468581
639,4.7,N,50.0,112.1583742,374.0,0.049230237
121,4.5,S,83.0,39.74587676,380.0,0.015249271
361,4.7,N,36.0,67.72609219,459.0,0.059315551
8939,4.6,S,75.0,77.0,350.0,0.150678111
639,4.7,N,50.0,98.1939859,271.0,0.121315856
9224,4.7,N,59.0,63.0,338.0,0.092982887
612,4.7,S,69.0,174.4899146,488.0,0.017200847
8864,5.3,S,76.0,50.0,645.0,0.377402897
623,5.2,S,67.0,92.61019543,171.0,0.551733675
98,5.1,S,51.0,24.94141327,343.0,0.397485837
234,5.1,N,45.0,173.5563289,286.0,0.137351517
238,4.5,N,55.0,110.5090329,229.0,0.036659944
626,4.5,S,70.0,91.51458295,561.0,0.031434533
225,4.8,N,38.0,156.7634691,369.0,0.025251183
236,4.6,N,55.0,91.87797471,836.0,0.008341077
692,4.5,N,55.0,103.1988671,328.0,0.032983613
627,5.0,S,67.0,79.40545577,270.0,0.207687137
9209,4.8,N,60.0,30.0,965.0,0.345804112
8674,5.2,N,39.0,154.0,449.0,0.106485563
286,4.5,S,86.0,174.8186313,630.0,0.00934495
114,4.8,N,34.0,42.3216747,336.0,0.308631102
8501,5.3,S,86.0,84.0,948.0,0.071935864
421,4.8,N,42.0,145.3733713,303.0,0.09335942
192,4.9,S,82.0,192.0364121,639.0,0.046021167
592,5.1,S,80.0,191.7627899,186.0,0.032227559
329,4.5,N,45.0,93.41893509,574.0,0.029605548
322,4.6,N,51.0,110.4307117,286.0,0.083246733
9074,4.8,N,56.0,147.0,494.0,0.026922866
601,5.0,N,30.0,186.9081922,805.0,0.034125537
319,4.6,N,50.0,108.1294388,286.0,0.062656229
183,4.9,S,90.0,35.62332478,403.0,0.124125631
246,4.7,S,82.0,61.31983011,424.0,0.066961633
8729,4.7,S,77.0,93.0,284.0,0.033716911
358,5.2,N,43.0,134.7044354,304.0,0.292357894
379,5.2,S,79.0,69.27314007,836.0,0.327240553
469,4.7,S,63.0,110.3963753,271.0,0.048672852
473,4.8,N,61.0,83.54293429,445.0,0.041536823
678,4.5,S,82.0,17.04833586,579.0,0.303250411
8721,4.9,S,66.0,189.0,280.0,0.078830091
122,4.8,N,38.0,146.7470701,470.0,0.148426533
8448,4.8,N,58.0,122.0,415.0,0.041608724
521,4.6,N,79.0,77.06901354,294.0,0.010177618
8721,4.9,S,66.0,154.0,372.0,0.111754059
526,4.5,S,60.0,88.18473719,1380.0,0.015813365
148,4.6,S,75.0,14.14970715,315.0,0.390134357
377,4.6,S,64.0,92.2105805,444.0,0.124638421
309,5.4,N,44.0,128.578486,430.0,0.311336935
617,4.9,N,53.0,157.3432278,986.0,0.022089775
473,4.8,N,61.0,93.74934839,549.0,0.067469782
93,4.6,S,76.0,37.97750097,495.0,0.077335395
8852,5.4,N,40.0,185.0,345.0,0.087251586
416,5.3,N,38.0,28.37686747,948.0,0.496875115
639,4.7,N,50.0,87.18797359,221.0,0.105036083
504,4.9,S,60.0,37.73178897,387.0,0.924809729
524,5.2,S,86.0,170.4240654,567.0,0.056389673
278,4.5,N,44.0,70.85032372,373.0,0.028611374
421,4.8,N,42.0,139.3696541,462.0,0.071969096
127,4.7,S,49.0,76.50747345,875.0,0.007910278
591,4.5,S,81.0,101.8786884,863.0,0.041089715
8801,5.0,R,35.0,77.0,457.0,0.142162865
576,4.5,S,89.0,36.15415865,421.0,0.116280235
60,5.2,S,70.0,143.8427625,340.0,0.601568279
440,4.6,S,66.0,56.81157686,193.0,0.401862545
8501,5.3,S,86.0,142.0,236.0,0.10821018
285,4.8,S,82.0,62.75508546,300.0,0.162037295
627,5.0,S,67.0,106.0516905,293.0,0.27905543
8510,5.0,N,44.0,80.0,278.0,0.051844131
380,4.9,N,36.0,55.54519853,460.0,0.168954221
9238,4.6,S,76.0,131.0,372.0,0.017462466
565,4.7,S,70.0,105.5632132,304.0,0.098195947
327,4.6,N,43.0,173.7367445,300.0,0.018834318
255,4.8,S,81.0,181.3765106,361.0,0.033588962
8721,4.9,S,66.0,81.0,305.0,0.319799777
592,5.1,S,80.0,168.3345852,315.0,0.114989577
636,5.1,S,85.0,82.88309183,660.0,0.061080901
380,4.9,N,36.0,189.5051667,683.0,0.03463831
536,4.7,S,89.0,90.81700011,361.0,0.299492527
438,5.0,N,38.0,87.55094634,986.0,0.061039652
9224,4.7,N,59.0,59.0,460.0,0.133665095
9123,5.2,N,34.0,195.0,376.0,0.031812692
55,4.8,S,76.0,65.17205421,460.0,0.092255493
84,4.9,S,60.0,131.8816442,192.0,0.12170281
397,4.7,N,48.0,128.2065339,371.0,0.039885883
418,5.0,N,34.0,98.33488432,369.0,0.064597148
327,4.6,N,43.0,182.0402781,293.0,0.042273925
9201,4.6,N,53.0,22.0,440.0,0.543069598
352,5.0,N,51.0,75.4633899,358.0,0.095435338
623,5.2,S,67.0,139.8424719,301.0,0.130408532
309,5.4,N,44.0,175.1300435,238.0,0.10982549
368,4.9,N,55.0,26.36274617,207.0,0.099208592
61,4.7,S,48.0,82.99987159,412.0,0.152521818
9221,4.5,S,83.0,142.0,374.0,0.040628421
380,4.9,N,36.0,148.9607034,238.0,0.034700523
56,5.0,S,57.0,8.987006246,301.0,6.498757785
743,4.7,N,47.0,63.67420937,894.0,0.049584208
713,4.5,N,55.0,34.60680658,1141.0,0.036240137
135,4.9,S,86.0,24.64857937,671.0,0.115705316
8680,4.8,S,70.0,166.0,312.0,0.190800231
659,5.2,N,33.0,136.9129148,285.0,0.33465008
213,5.1,N,27.0,183.0426826,1113.0,0.036644927
8843,5.0,N,52.0,171.0,444.0,0.030562635
601,5.0,N,30.0,65.79153899,340.0,0.266548193
546,4.8,S,87.0,172.8729027,415.0,0.035879827
352,5.0,N,51.0,143.3734346,630.0,0.053973785
626,4.5,S,70.0,65.60532883,336.0,0.137660991
9000,5.3,R,28.0,40.0,688.0,0.576196979
9235,4.5,N,35.0,72.0,374.0,0.041503847
591,4.5,S,81.0,184.6424064,574.0,0.009946247
9236,4.7,S,57.0,178.0,528.0,0.008325802
9201,4.6,N,53.0,33.0,541.0,0.230234131
27,5.1,S,52.0,110.7262601,321.0,0.150881547
406,4.6,N,32.0,109.8700244,271.0,0.081534471
628,5.0,S,46.0,122.705838,543.0,0.108828706
8804,5.2,S,76.0,39.0,364.0,0.43228153
293,5.0,R,49.0,180.1229223,1747.0,0.013558117
55,4.8,S,76.0,87.78142102,561.0,0.088395632
329,4.5,N,45.0,76.22575969,347.0,0.044187594
8517,4.8,N,43.0,154.0,1010.0,0.007318275
517,4.6,S,86.0,77.82934602,654.0,0.046345837
9154,5.0,S,81.0,126.0,528.0,0.038258207
68,4.5,S,83.0,140.4126017,181.0,0.096666374
715,4.9,N,55.0,139.5476875,732.0,0.007020928
8852,5.4,N,40.0,120.0,328.0,0.199121423
627,5.0,S,67.0,122.0257817,207.0,0.069079745
121,4.5,S,83.0,58.63385923,338.0,0.020106723
358,5.2,N,43.0,81.68910865,415.0,0.223816384
184,4.6,S,90.0,82.71008133,225.0,0.047163417
477,4.8,S,53.0,170.8669892,391.0,0.059294636
457,5.0,S,77.0,66.09381771,555.0,0.309952684
311,5.2,N,42.0,73.89137875,483.0,0.211090151
9221,4.5,S,83.0,121.0,815.0,0.019983807
319,4.6,N,50.0,49.21540283,387.0,0.047985836
713,4.5,N,55.0,78.54506685,205.0,0.084066522
163,4.8,S,79.0,112.1108411,396.0,0.028577793
8496,4.5,N,60.0,128.0,873.0,0.013012913
438,5.0,N,38.0,96.11960899,805.0,0.118771791
8569,5.3,N,56.0,134.0,860.0,0.050307015
739,4.5,S,82.0,184.4919993,361.0,0.022412812
9000,5.3,R,28.0,18.0,430.0,1.623196959
70,5.0,N,44.0,63.74329168,827.0,0.225070841
653,4.7,S,89.0,81.46848083,303.0,0.130975335
72,4.9,S,74.0,58.19045704,907.0,0.106770921
508,4.8,N,50.0,92.99489022,248.0,0.065193759
285,4.8,S,82.0,74.70971259,171.0,0.123863001
330,4.7,N,52.0,115.3016997,558.0,0.100406247
223,4.5,S,54.0,75.36102905,237.0,0.034637558
617,4.9,N,53.0,84.71679524,286.0,0.356001865
627,5.0,S,67.0,175.1762369,429.0,0.10293805
322,4.6,N,51.0,75.89518759,483.0,0.072114537
626,4.5,S,70.0,148.0970175,304.0,0.064424841
457,5.0,S,77.0,151.5340861,347.0,0.087627743
553,4.6,R,52.0,117.9432667,206.0,0.071854459
623,5.2,S,67.0,133.6326552,343.0,0.130272333
307,4.9,N,44.0,129.0548741,299.0,0.040155588
8734,5.3,R,22.0,102.0,408.0,0.093927013
360,4.6,N,47.0,67.72856022,131.0,0.090621321
257,4.7,N,45.0,75.48081824,459.0,0.143645146
9237,4.8,S,77.0,141.0,284.0,0.011198541
601,5.0,N,30.0,157.049037,396.0,0.120008995
8902,4.8,N,64.0,85.0,193.0,0.51406126
591,4.5,S,81.0,57.40959307,407.0,0.045710924
329,4.5,N,45.0,47.03811956,233.0,0.053666358
246,4.7,S,82.0,193.3018653,561.0,0.01864112
121,4.5,S,83.0,27.37767937,190.0,0.060227626
644,4.8,S,82.0,143.7834813,369.0,0.015163067
628,5.0,S,46.0,131.3599788,519.0,0.105946899
352,5.0,N,51.0,51.1009352,298.0,0.654082127
330,4.7,N,52.0,74.51551075,429.0,0.098930041
627,5.0,S,67.0,175.5633197,694.0,0.008917129
105,5.1,N,49.0,117.9824793,265.0,0.267223777
630,4.6,S,87.0,165.860144,543.0,0.01534876
8852,5.4,N,40.0,100.0,249.0,0.277131644
617,4.9,N,53.0,81.06907362,827.0,0.058310718
234,5.1,N,45.0,171.0355189,304.0,0.10700695
480,4.6,S,57.0,91.24811787,523.0,0.15117878
644,4.8,S,82.0,137.4379573,330.0,0.049081641
8900,4.8,R,71.0,188.0,408.0,0.016842525
9235,4.5,N,35.0,175.0,499.0,0.024002746
565,4.7,S,70.0,98.80649298,488.0,0.156900621
354,5.0,R,38.0,133.5107535,529.0,0.099791062
659,5.2,N,33.0,105.6770473,444.0,0.176742379
565,4.7,S,70.0,157.1677389,190.0,0.137447359
592,5.1,S,80.0,171.8027828,567.0,0.048850484
380,4.9,N,36.0,44.91200527,205.0,0.284331167
80,5.4,S,81.0,77.76115559,1380.0,0.346764275
480,4.6,S,57.0,63.59756418,347.0,0.036488733
696,5.3,N,47.0,44.10607161,307.0,0.261880221
9154,5.0,S,81.0,19.0,815.0,0.492408767
265,4.8,S,83.0,175.2949629,207.0,0.185050216
604,4.7,S,82.0,191.3506877,229.0,0.045424597
103,4.8,N,42.0,192.8914071,771.0,0.008894393
223,4.5,S,54.0,77.17749519,196.0,0.045266418
8501,5.3,S,86.0,114.0,873.0,0.071868384
361,4.7,N,36.0,60.08058128,271.0,0.052003599
612,4.7,S,69.0,39.92306405,229.0,0.2107242
285,4.8,S,82.0,117.3077682,371.0,0.06442547
568,4.6,S,53.0,100.103143,745.0,0.027563618
418,5.0,N,34.0,64.41831103,894.0,0.081705527
329,4.5,N,45.0,160.822492,543.0,0.019403519
457,5.0,S,77.0,177.7240454,720.0,0.082358396
231,4.5,N,37.0,185.3861101,196.0,0.037821502
435,4.7,N,41.0,71.03048317,393.0,0.031710215
9225,4.7,S,67.0,187.0,445.0,0.028657084
604,4.7,S,82.0,178.9666339,1080.0,0.003439121
327,4.6,N,43.0,194.0071741,271.0,0.012834134
522,4.7,N,36.0,155.2366589,183.0,0.016329348
351,5.0,N,29.0,156.4543045,249.0,0.192477093
365,4.9,N,41.0,176.9997021,412.0,0.046519733
617,4.9,N,53.0,174.2189711,429.0,0.136389984
235,4.9,N,44.0,163.6339759,273.0,0.073062916
8439,5.0,N,45.0,94.0,460.0,0.086486782
582,4.6,S,70.0,15.57324183,1380.0,0.524379872
416,5.3,N,38.0,169.4012411,131.0,0.270487051
504,4.9,S,60.0,145.8171921,330.0,0.293905074
737,4.7,S,56.0,139.5709227,528.0,0.010642454
377,4.6,S,64.0,95.91287031,468.0,0.070981192
542,4.7,N,27.0,119.4356243,732.0,0.012893343
524,5.2,S,86.0,100.6809273,663.0,0.044342704
286,4.5,S,86.0,83.64223956,460.0,0.068351023
236,4.6,N,55.0,94.11861794,1141.0,0.015365787
397,4.7,N,48.0,168.9746609,477.0,0.007558432
8878,4.6,N,53.0,57.0,873.0,0.032163915
412,4.8,N,35.0,27.92302068,732.0,0.087263445
182,5.3,S,85.0,114.3033225,444.0,0.055243528
93,4.6,S,76.0,6.075841404,375.0,2.825983751
439,5.3,N,34.0,106.7263083,747.0,0.098757258
646,4.7,S,77.0,113.6844891,875.0,0.00854967
8891,4.5,N,46.0,27.0,328.0,0.107388283
509,4.5,N,52.0,4.622163373,303.0,0.714439176
612,4.7,S,69.0,180.5746327,214.0,0.120587339
367,4.9,N,55.0,142.4970469,324.0,0.086534535
8939,4.6,S,75.0,60.0,558.0,0.267429668
319,4.6,N,50.0,141.1069139,460.0,0.017276604
319,4.6,N,50.0,144.3775175,340.0,0.013621737
627,5.0,S,67.0,53.06101195,341.0,0.182414836
715,4.9,N,55.0,118.8583856,273.0,0.114220246
714,4.6,N,55.0,84.20713881,145.0,0.070273025
326,5.3,N,45.0,175.1855322,238.0,0.07147569
591,4.5,S,81.0,132.189675,444.0,0.015104435
223,4.5,S,54.0,104.9636382,487.0,0.008286831
44,5.2,N,42.0,109.9418381,371.0,0.226710677
627,5.0,S,67.0,126.4046517,397.0,0.261368025
522,4.7,N,36.0,130.9087944,357.0,0.026121002
558,4.7,S,62.0,129.9839479,358.0,0.063282571
347,5.0,N,34.0,55.35357646,696.0,0.092440594
223,4.5,S,54.0,100.0132548,314.0,0.037225714
9237,4.8,S,77.0,2.7,329.0,1.514509
9209,4.8,N,60.0,83.0,390.0,0.158573092
9227,5.1,N,45.0,176.0,280.0,0.080923764
722,4.7,S,90.0,23.25613272,356.0,0.410481615
542,4.7,N,27.0,43.44057502,630.0,0.101877138
628,5.0,S,46.0,88.24870713,579.0,0.062323082
322,4.6,N,51.0,105.1548452,214.0,0.11594696
695,4.7,N,41.0,62.31873844,532.0,0.100657327
714,4.6,N,55.0,88.33410592,630.0,0.018896315
9140,4.9,N,39.0,38.0,390.0,0.320096068
184,4.6,S,90.0,31.0863882,403.0,0.115924898
522,4.7,N,36.0,133.5305122,813.0,0.013570984
163,4.8,S,79.0,167.3421626,188.0,0.026767958
368,4.9,N,55.0,82.58945114,745.0,0.053010686
365,4.9,N,41.0,133.4131551,293.0,0.098898585
309,5.4,N,44.0,141.1131192,145.0,0.382628723
480,4.6,S,57.0,123.4593976,618.0,0.067943155
522,4.7,N,36.0,141.6040718,271.0,0.038352292
8843,5.0,N,52.0,134.0,873.0,0.01633526
8729,4.7,S,77.0,60.0,955.0,0.080487616
626,4.5,S,70.0,96.25790778,313.0,0.141253342
134,4.6,S,67.0,76.17920732,618.0,0.065343052
9225,4.7,S,67.0,106.0,317.0,0.154108645
522,4.7,N,36.0,183.8597738,630.0,0.014102787
412,4.8,N,35.0,89.10702573,307.0,0.04735704
457,5.0,S,77.0,73.58057645,1380.0,0.178203461
8609,4.9,N,36.0,85.0,747.0,0.039621423
360,4.6,N,47.0,69.77000966,145.0,0.113070655
8464,4.5,S,87.0,83.0,510.0,0.058823377
70,5.0,N,44.0,95.02036772,273.0,0.558827111
105,5.1,N,49.0,185.9768666,701.0,0.019982693
562,4.8,S,89.0,189.9349999,709.0,0.035021319
8680,4.8,S,70.0,155.0,252.0,0.27437067
520,5.0,N,52.0,148.3855105,286.0,0.253537403
421,4.8,N,42.0,158.2531461,270.0,0.041226043
8686,4.7,S,78.0,191.0,907.0,0.015271007
399,4.6,N,42.0,75.60121784,986.0,0.043995853
356,5.0,N,39.0,184.7136882,549.0,0.132688067
257,4.7,N,45.0,94.5947101,558.0,0.164722426
377,4.6,S,64.0,178.6980926,271.0,0.043692337
455,4.8,N,52.0,96.48105525,321.0,0.059919945
257,4.7,N,45.0,146.6630778,192.0,0.133136743
223,4.5,S,54.0,90.09356883,312.0,0.040611667
501,4.7,S,69.0,192.8482635,401.0,0.033781316
9235,4.5,N,35.0,149.0,376.0,0.088312713
9140,4.9,N,39.0,26.0,445.0,1.312194065
418,5.0,N,34.0,37.06638188,732.0,0.05693485
309,5.4,N,44.0,145.4043678,460.0,0.207708087
380,4.9,N,36.0,67.92122563,875.0,0.130671777
304,4.5,N,45.0,170.880692,330.0,0.036669024
377,4.6,S,64.0,133.9666682,341.0,0.037587977
610,4.5,S,85.0,4.205363987,450.0,1.782695813
172,4.6,S,72.0,48.08185032,350.0,0.074259373
379,5.2,S,79.0,52.01653224,387.0,0.314715429
356,5.0,N,39.0,90.63523969,278.0,0.202730018
636,5.1,S,85.0,76.62579317,660.0,0.08937471
628,5.0,S,46.0,113.4436288,469.0,0.087461254
153,4.9,S,66.0,180.7150912,430.0,0.062905374
644,4.8,S,82.0,122.2398334,207.0,0.020640675
56,5.0,S,57.0,141.4121316,296.0,0.202066237
438,5.0,N,38.0,75.84294908,337.0,0.059108993
421,4.8,N,42.0,97.74468801,236.0,0.10759042
671,4.7,S,88.0,42.7552673,660.0,0.128677123
192,4.9,S,82.0,172.3096672,500.0,0.031876876
379,5.2,S,79.0,29.3726464,328.0,2.112057863
8638,5.1,N,47.0,197.0,340.0,0.069323725
8886,5.0,N,46.0,64.0,485.0,0.291239405
124,4.7,N,51.0,90.33853315,745.0,0.056043742
520,5.0,N,52.0,47.38633743,567.0,0.286981636
354,5.0,R,38.0,152.8660527,416.0,0.066701856
8878,4.6,N,53.0,24.0,549.0,0.446856464
9237,4.8,S,77.0,15.0,907.0,0.361377185
265,4.8,S,83.0,169.1142056,313.0,0.133662537
172,4.6,S,72.0,21.23927794,424.0,0.451557085
285,4.8,S,82.0,75.82519729,468.0,0.076480805
8609,4.9,N,36.0,117.0,630.0,0.028002131
439,5.3,N,34.0,72.13548073,337.0,0.057114494
9130,4.5,N,70.0,133.0,860.0,0.010119883
8691,5.1,N,49.0,164.0,229.0,0.202802277
361,4.7,N,36.0,43.16948107,629.0,0.190004451
477,4.8,S,53.0,177.7578938,815.0,0.023381749
9239,4.5,R,80.0,111.0,523.0,0.062305722
304,4.5,N,45.0,142.9576173,414.0,0.03348711
9080,5.2,S,45.0,68.0,1380.0,0.062738406
293,5.0,R,49.0,171.9628102,286.0,0.05652971
644,4.8,S,82.0,173.2913426,894.0,0.003053897
380,4.9,N,36.0,167.6886082,371.0,0.035491274
667,4.5,S,85.0,61.64852772,860.0,0.03547208
216,4.7,S,84.0,94.22769757,450.0,0.036509317
260,4.5,N,42.0,56.79447253,683.0,0.026707438
524,5.2,S,86.0,138.3491716,936.0,0.084334505
601,5.0,N,30.0,19.36438995,292.0,2.32988373
653,4.7,S,89.0,68.50763021,495.0,0.068994487
8778,4.6,R,23.0,58.0,408.0,0.064719194
688,4.7,N,53.0,63.42627594,630.0,0.065744084
8501,5.3,S,86.0,114.0,894.0,0.02796681
9152,4.6,N,55.0,42.0,714.0,0.069005672
329,4.5,N,45.0,49.40028006,430.0,0.072058786
358,5.2,N,43.0,68.50489776,358.0,0.168761323
351,5.0,N,29.0,111.3789396,301.0,0.201539911
255,4.8,S,81.0,179.8211745,265.0,0.084758627
410,4.7,N,29.0,67.58124694,466.0,0.052613181
8939,4.6,S,75.0,167.0,731.0,0.07519644
410,4.7,N,29.0,171.6836357,131.0,0.041261784
388,4.6,N,55.0,133.9331261,549.0,0.023888882
391,4.7,N,57.0,168.2897743,827.0,0.019997249
163,4.8,S,79.0,156.1907957,253.0,0.025392945
8638,5.1,N,47.0,146.0,562.0,0.020710013
352,5.0,N,51.0,171.5250934,1323.0,0.023961022
9201,4.6,N,53.0,40.0,430.0,0.207550032
8725,4.6,S,77.0,107.0,570.0,0.05023919
722,4.7,S,90.0,81.32549607,303.0,0.027810423
358,5.2,N,43.0,112.6616702,561.0,0.154507618
285,4.8,S,82.0,83.86014041,460.0,0.107318375
163,4.8,S,79.0,166.4972487,215.0,0.022014593
358,5.2,N,43.0,117.0906657,223.0,0.234883336
9236,4.7,S,57.0,157.0,660.0,0.022303653
9130,4.5,N,70.0,98.0,376.0,0.08440799
311,5.2,N,42.0,68.37928434,444.0,0.317539866
135,4.9,S,86.0,76.90760055,618.0,0.042423888
225,4.8,N,38.0,70.09660818,219.0,0.241855894
326,5.3,N,45.0,108.4546678,286.0,0.248796352
257,4.7,N,45.0,76.1497917,171.0,0.140420501
126,4.5,S,67.0,29.62523716,629.0,0.0768725
55,4.8,S,76.0,87.36224075,249.0,0.566741289
473,4.8,N,61.0,92.56088452,567.0,0.057682826
109,5.2,S,85.0,25.55329318,1380.0,0.315867022
9201,4.6,N,53.0,22.0,484.0,0.719776564
300,4.5,R,57.0,51.00388172,293.0,0.063645363
715,4.9,N,55.0,60.07170308,695.0,0.102902396
9221,4.5,S,83.0,56.0,545.0,0.053169238
260,4.5,N,42.0,105.0631108,323.0,0.02051174
439,5.3,N,34.0,76.31744194,580.0,0.246492222
263,4.5,S,32.0,46.21696607,363.0,0.098243544
421,4.8,N,42.0,161.3108811,131.0,0.080190403
285,4.8,S,82.0,87.29333542,358.0,0.053636535
358,5.2,N,43.0,165.9026909,948.0,0.043937136
184,4.6,S,90.0,127.5486263,514.0,0.05084776
644,4.8,S,82.0,145.5425338,555.0,0.016093391
361,4.7,N,36.0,37.79821981,273.0,0.359935654
8725,4.6,S,77.0,105.0,348.0,0.193597715
352,5.0,N,51.0,134.8843451,694.0,0.036799486
623,5.2,S,67.0,164.6169169,377.0,0.205142696
9074,4.8,N,56.0,161.0,366.0,0.020796086
521,4.6,N,79.0,105.1161055,462.0,0.013652087
8682,5.2,R,61.0,104.0,398.0,0.061321708
327,4.6,N,43.0,197.3478533,629.0,0.01734567
361,4.7,N,36.0,90.88736143,460.0,0.125260252
421,4.8,N,42.0,161.2486785,875.0,0.018766571
8680,4.8,S,70.0,175.0,488.0,0.104407435
84,4.9,S,60.0,188.2917455,289.0,0.08336851
501,4.7,S,69.0,99.59363547,362.0,0.110044723
234,5.1,N,45.0,94.90477067,695.0,0.079848054
501,4.7,S,69.0,88.47092456,365.0,0.083835267
562,4.8,S,89.0,133.8571901,416.0,0.178824985
260,4.5,N,42.0,25.10807572,538.0,0.115386512
59,5.3,N,37.0,144.6800163,198.0,0.130436709
8691,5.1,N,49.0,136.0,694.0,0.038092039
246,4.7,S,82.0,67.09601781,455.0,0.034855672
743,4.7,N,47.0,87.43417711,207.0,0.09580796
652,4.6,S,78.0,71.1908976,195.0,0.079703873
644,4.8,S,82.0,101.2169081,358.0,0.017741274
9241,4.5,S,69.0,6.2,329.0,0.586818878
247,4.8,N,44.0,46.52246888,724.0,0.030121398
377,4.6,S,64.0,80.71368419,460.0,0.118308915
529,4.5,S,81.0,114.5422826,304.0,0.038356128
623,5.2,S,67.0,80.56607421,361.0,0.505871862
8721,4.9,S,66.0,178.0,579.0,0.019806874
477,4.8,S,53.0,39.91916028,720.0,0.143354032
236,4.6,N,55.0,86.45772601,145.0,0.077344763
508,4.8,N,50.0,42.84708094,805.0,0.069898235
579,4.5,S,81.0,198.9201898,320.0,0.003782364
9201,4.6,N,53.0,24.0,574.0,0.333747445
9152,4.6,N,55.0,185.0,366.0,0.00717248
435,4.7,N,41.0,98.3767052,1080.0,0.022021351
457,5.0,S,77.0,133.5593079,346.0,0.203196483
235,4.9,N,44.0,89.63287066,468.0,0.087719865
56,5.0,S,57.0,81.81661636,901.0,0.115495719
129,5.0,S,48.0,58.63824223,463.0,0.45134932
9074,4.8,N,56.0,168.0,424.0,0.031251302
105,5.1,N,49.0,192.197011,745.0,0.02839733
84,4.9,S,60.0,125.5129053,460.0,0.12634578
293,5.0,R,49.0,177.0460845,289.0,0.03469886
8843,5.0,N,52.0,146.0,732.0,0.010740637
327,4.6,N,43.0,151.1571527,745.0,0.037719864
105,5.1,N,49.0,189.7395096,282.0,0.076224094
521,4.6,N,79.0,128.861663,285.0,0.012882909
9130,4.5,N,70.0,95.0,445.0,0.019809661
717,4.7,N,55.0,138.2500025,1080.0,0.004584897
659,5.2,N,33.0,69.10826968,145.0,0.854674381
9221,4.5,S,83.0,165.0,272.0,0.059711176
9161,4.8,R,72.0,86.0,430.0,0.066559219
255,4.8,S,81.0,148.2510665,317.0,0.053243749
9152,4.6,N,55.0,137.0,463.0,0.031645269
639,4.7,N,50.0,133.654737,444.0,0.06484024
8448,4.8,N,58.0,184.0,397.0,0.024617969
9221,4.5,S,83.0,128.0,758.0,0.052437186
84,4.9,S,60.0,89.77458,283.0,0.367221215
626,4.5,S,70.0,87.95772468,358.0,0.036529121
737,4.7,S,56.0,93.68663191,815.0,0.009640053
583,4.5,S,84.0,113.3101799,579.0,0.004696083
8914,5.4,S,61.0,129.0,732.0,0.05563475
617,4.9,N,53.0,141.0720997,366.0,0.108177976
601,5.0,N,30.0,161.7929914,459.0,0.112816966
627,5.0,S,67.0,82.49413371,196.0,0.158247327
9074,4.8,N,56.0,107.0,350.0,0.101471339
8886,5.0,N,46.0,124.0,543.0,0.063106621
8569,5.3,N,56.0,95.0,372.0,0.14699991
8439,5.0,N,45.0,131.0,483.0,0.113667197
627,5.0,S,67.0,128.2453816,301.0,0.063762349
103,4.8,N,42.0,194.6089091,190.0,0.094558012
9221,4.5,S,83.0,55.0,715.0,0.048195515
153,4.9,S,66.0,181.2448535,662.0,0.096265665
184,4.6,S,90.0,153.1441837,321.0,0.017654067
579,4.5,S,81.0,88.82322551,489.0,0.004511462
9238,4.6,S,76.0,135.0,373.0,0.010004923
172,4.6,S,72.0,18.06978255,221.0,0.601515153
8496,4.5,N,60.0,137.0,986.0,0.007945166
679,5.2,S,71.0,179.7010274,297.0,0.033955294
659,5.2,N,33.0,62.89744503,196.0,1.127094375
81,5.0,N,42.0,32.93174952,343.0,0.657368229
542,4.7,N,27.0,97.99353901,313.0,0.119139474
8496,4.5,N,60.0,58.0,732.0,0.028623355
9154,5.0,S,81.0,148.0,758.0,0.05048342
347,5.0,N,34.0,79.39485428,580.0,0.126560196
477,4.8,S,53.0,124.0525014,384.0,0.023443518
9130,4.5,N,70.0,133.0,965.0,0.012922671
293,5.0,R,49.0,189.0632499,300.0,0.027982574
163,4.8,S,79.0,57.70651814,247.0,0.037643779
8886,5.0,N,46.0,63.0,317.0,0.183692985
361,4.7,N,36.0,151.0138971,397.0,0.019344897
380,4.9,N,36.0,151.6144769,629.0,0.042129937
8682,5.2,R,61.0,84.0,645.0,0.109054
127,4.7,S,49.0,118.319573,414.0,0.013713652
9241,4.5,S,69.0,152.0,444.0,0.008765367
235,4.9,N,44.0,57.57238092,361.0,0.112352296
628,5.0,S,46.0,68.01875125,815.0,0.138854025
326,5.3,N,45.0,114.5518688,558.0,0.091785084
627,5.0,S,67.0,7.166161795,292.0,1.968540128
8448,4.8,N,58.0,91.0,205.0,0.170810101
8725,4.6,S,77.0,170.0,214.0,0.073929304
604,4.7,S,82.0,84.23212861,193.0,0.098248337
216,4.7,S,84.0,132.0279793,660.0,0.005859917
562,4.8,S,89.0,77.45510287,735.0,0.181747871
604,4.7,S,82.0,42.72756526,558.0,0.086811773
103,4.8,N,42.0,178.9024233,270.0,0.054923101
246,4.7,S,82.0,193.128324,317.0,0.03268648
416,5.3,N,38.0,102.7386867,236.0,0.088397435
56,5.0,S,57.0,102.6412216,561.0,0.154284112
238,4.5,N,55.0,129.9405622,430.0,0.035218279
380,4.9,N,36.0,136.2414259,307.0,0.096762177
9225,4.7,S,67.0,156.0,555.0,0.03772761
601,5.0,N,30.0,146.7752925,403.0,0.183796631
311,5.2,N,42.0,132.665791,315.0,0.383296626
354,5.0,R,38.0,159.2789149,907.0,0.020885566
647,4.6,N,35.0,27.04369772,393.0,0.435141258
307,4.9,N,44.0,143.1074558,344.0,0.050734348
617,4.9,N,53.0,148.0688154,330.0,0.218009464
8442,5.2,N,42.0,183.0,397.0,0.075728878
83,4.5,S,58.0,60.44216001,181.0,0.132338843
129,5.0,S,48.0,29.79593568,671.0,0.513636687
84,4.9,S,60.0,127.8862426,488.0,0.123238842
659,5.2,N,33.0,149.4068489,366.0,0.078699539
153,4.9,S,66.0,109.2554332,225.0,0.496918298
8501,5.3,S,86.0,74.0,278.0,0.089196447
8878,4.6,N,53.0,151.0,630.0,0.020954767
9021,4.5,R,27.0,134.0,758.0,0.073560687
216,4.7,S,84.0,109.8208287,489.0,0.01179126
379,5.2,S,79.0,79.77631996,827.0,0.462513008
477,4.8,S,53.0,106.6956062,338.0,0.145284534
696,5.3,N,47.0,75.88919341,875.0,0.16934307
601,5.0,N,30.0,176.2774587,286.0,0.189464669
172,4.6,S,72.0,100.7911505,362.0,0.016453065
617,4.9,N,53.0,124.1582753,1141.0,0.101752266
351,5.0,N,29.0,179.0076233,348.0,0.160519735
118,5.3,N,60.0,124.7901966,488.0,0.070428092
8721,4.9,S,66.0,114.0,384.0,0.137917131
199,4.6,N,60.0,56.53681345,404.0,0.117376438
558,4.7,S,62.0,130.109643,131.0,0.210977154
358,5.2,N,43.0,75.92991265,361.0,0.275675785
163,4.8,S,79.0,142.1913424,322.0,0.147772473
8721,4.9,S,66.0,128.0,906.0,0.064677654
126,4.5,S,67.0,90.58000178,745.0,0.008410127
737,4.7,S,56.0,71.2981293,660.0,0.01213889
84,4.9,S,60.0,144.0191848,701.0,0.057122075
9235,4.5,N,35.0,56.0,618.0,0.036021668
457,5.0,S,77.0,117.6681345,450.0,0.308502047
102,4.9,S,73.0,23.1175292,304.0,0.363719852
565,4.7,S,70.0,198.2606789,403.0,0.041723077
9227,5.1,N,45.0,61.0,539.0,0.131661493
558,4.7,S,62.0,75.37261093,336.0,0.313826124
8729,4.7,S,77.0,83.0,315.0,0.073732888
380,4.9,N,36.0,85.85126048,444.0,0.181442032
329,4.5,N,45.0,87.39818874,350.0,0.097510906
508,4.8,N,50.0,84.49021496,345.0,0.04438181
542,4.7,N,27.0,109.2292044,875.0,0.035869016
330,4.7,N,52.0,98.1574683,608.0,0.123595779
604,4.7,S,82.0,198.1490988,570.0,0.006106402
236,4.6,N,55.0,62.38130471,361.0,0.012718469
361,4.7,N,36.0,98.8843628,354.0,0.162355735
477,4.8,S,53.0,34.02753915,382.0,0.339393758
236,4.6,N,55.0,145.0047501,403.0,0.006070459
715,4.9,N,55.0,97.10471109,207.0,0.042813874
379,5.2,S,79.0,101.8634195,403.0,0.393225381
38,5.3,N,31.0,37.79230956,301.0,1.296229707
8891,4.5,N,46.0,61.0,836.0,0.02251538
360,4.6,N,47.0,39.26812059,340.0,0.065620053
360,4.6,N,47.0,113.812975,345.0,0.031862864
379,5.2,S,79.0,66.82467473,313.0,0.422540989
70,5.0,N,44.0,71.4496524,836.0,0.106248882
99,5.0,N,10.59,137.9013078,328.0,0.052389174
520,5.0,N,52.0,123.1065973,724.0,0.026637796
473,4.8,N,61.0,110.856937,390.0,0.05758257
356,5.0,N,39.0,147.3141897,234.0,0.346395478
644,4.8,S,82.0,83.81432172,444.0,0.052597522
356,5.0,N,39.0,114.3897527,393.0,0.1536939
9080,5.2,S,45.0,165.0,965.0,0.013215277
8501,5.3,S,86.0,147.0,369.0,0.030957142
421,4.8,N,42.0,127.1263946,477.0,0.030785898
199,4.6,N,60.0,120.7448574,574.0,0.081782175
9080,5.2,S,45.0,79.0,860.0,0.0329528
517,4.6,S,86.0,174.4660871,280.0,0.039348363
617,4.9,N,53.0,79.47577288,361.0,0.182247103
8939,4.6,S,75.0,137.0,317.0,0.247705329
360,4.6,N,47.0,112.9748919,444.0,0.022598611
309,5.4,N,44.0,163.3810379,415.0,0.095125364
726,4.8,S,72.0,159.9642284,346.0,0.078773228
216,4.7,S,84.0,92.35380623,314.0,0.019210111
604,4.7,S,82.0,103.1326062,328.0,0.046082255
644,4.8,S,82.0,63.83362212,340.0,0.046309862
558,4.7,S,62.0,139.7047625,403.0,0.103881701
192,4.9,S,82.0,161.3528141,313.0,0.191536858
435,4.7,N,41.0,59.05203387,278.0,0.045988483
477,4.8,S,53.0,169.4218276,366.0,0.065367884
8448,4.8,N,58.0,162.0,214.0,0.119742843
434,5.0,S,76.0,196.6906279,403.0,0.033436167
477,4.8,S,53.0,158.6941277,612.0,0.035987983
354,5.0,R,38.0,166.148625,567.0,0.034832481
421,4.8,N,42.0,18.82388434,219.0,1.13307833
726,4.8,S,72.0,166.7241241,545.0,0.051422398
388,4.6,N,55.0,109.82459,271.0,0.054616828
473,4.8,N,61.0,124.0441509,462.0,0.097467511
246,4.7,S,82.0,192.3614391,346.0,0.020573195
647,4.6,N,35.0,53.52990911,1080.0,0.057086666
81,5.0,N,42.0,136.1384697,314.0,0.04615803
739,4.5,S,82.0,133.129727,299.0,0.012100711
562,4.8,S,89.0,187.1560066,463.0,0.023681145
309,5.4,N,44.0,145.0122213,313.0,0.13502618
399,4.6,N,42.0,75.48872737,894.0,0.114962262
9227,5.1,N,45.0,57.0,868.0,0.086471077
8680,4.8,S,70.0,85.0,214.0,0.235621648
717,4.7,N,55.0,91.085495,328.0,0.03760764
615,4.5,S,72.0,114.9879142,654.0,0.009783008
659,5.2,N,33.0,72.61966776,745.0,0.381728004
623,5.2,S,67.0,168.2764715,986.0,0.054301045
40,5.4,S,57.0,75.79837901,371.0,0.436660029
583,4.5,S,84.0,183.1412418,709.0,0.008142364
667,4.5,S,85.0,95.15101603,579.0,0.071887694
627,5.0,S,67.0,182.1566075,314.0,0.06944284
8914,5.4,S,61.0,186.0,694.0,0.00998898
416,5.3,N,38.0,112.6177417,549.0,0.08503689
520,5.0,N,52.0,42.72839851,344.0,0.176843012
8721,4.9,S,66.0,172.0,521.0,0.070062721
558,4.7,S,62.0,135.3958577,286.0,0.112421676
307,4.9,N,44.0,148.5759225,1323.0,0.032020565
522,4.7,N,36.0,131.1208565,219.0,0.052647261
678,4.5,S,82.0,183.5515104,390.0,0.009234929
565,4.7,S,70.0,138.7690046,214.0,0.107276229
477,4.8,S,53.0,126.0643518,329.0,0.169599274
255,4.8,S,81.0,74.07368962,366.0,0.160231183
8902,4.8,N,64.0,103.0,986.0,0.078978755
358,5.2,N,43.0,75.42625876,745.0,0.210137176
9201,4.6,N,53.0,13.0,347.0,1.331592493
558,4.7,S,62.0,175.4112527,301.0,0.035623655
192,4.9,S,82.0,170.9396838,430.0,0.042616082
8449,4.5,N,52.0,186.0,714.0,0.033853588
347,5.0,N,34.0,23.44435639,549.0,1.75430471
710,4.9,N,28.0,78.65316861,205.0,0.29591175
558,4.7,S,62.0,92.25680714,375.0,0.075241348
322,4.6,N,51.0,103.4701383,324.0,0.115776846
520,5.0,N,52.0,94.06001538,234.0,0.500721184
399,4.6,N,42.0,67.52975406,696.0,0.032229578
568,4.6,S,53.0,93.25884161,171.0,0.049990651
601,5.0,N,30.0,190.8027531,348.0,0.150161137
231,4.5,N,37.0,98.65025329,396.0,0.124917289
9152,4.6,N,55.0,96.0,637.0,0.010491077
9235,4.5,N,35.0,136.0,946.0,0.010723154
365,4.9,N,41.0,172.2947346,304.0,0.038576971
421,4.8,N,42.0,110.3072651,301.0,0.15325561
9074,4.8,N,56.0,29.0,965.0,0.558826908
692,4.5,N,55.0,98.10244302,207.0,0.032412646
380,4.9,N,36.0,69.52961047,249.0,0.260111208
601,5.0,N,30.0,84.74014306,444.0,0.215519687
644,4.8,S,82.0,170.4701284,488.0,0.016698745
118,5.3,N,60.0,84.76136213,412.0,0.12570588
524,5.2,S,86.0,77.98174715,660.0,0.228381494
257,4.7,N,45.0,165.4775259,894.0,0.015609709
582,4.6,S,70.0,67.34262283,391.0,0.14534718
418,5.0,N,34.0,149.3852504,1141.0,0.022024674
69,5.3,S,85.0,38.49748327,315.0,1.590046104
439,5.3,N,34.0,34.16152136,236.0,0.585599139
246,4.7,S,82.0,6.216357973,210.0,2.092646773
145,5.0,N,41.0,104.7144216,462.0,0.139112505
351,5.0,N,29.0,174.6232963,131.0,0.088860343
8939,4.6,S,75.0,30.0,597.0,1.466697338
644,4.8,S,82.0,169.8313873,214.0,0.05539552
644,4.8,S,82.0,152.3655479,593.0,0.014055519
285,4.8,S,82.0,45.06341373,340.0,0.13796745
172,4.6,S,72.0,16.78042859,233.0,0.577938808
311,5.2,N,42.0,32.13405404,403.0,0.669325932
526,4.5,S,60.0,173.9421557,280.0,0.034714301
8464,4.5,S,87.0,81.0,688.0,0.06031547
455,4.8,N,52.0,35.61064444,406.0,0.415405048
84,4.9,S,60.0,111.3144051,314.0,0.111843548
667,4.5,S,85.0,172.1274016,440.0,0.026554957
8439,5.0,N,45.0,165.0,662.0,0.114485136
9221,4.5,S,83.0,96.0,430.0,0.041567361
8439,5.0,N,45.0,104.0,836.0,0.082493523
419,4.5,N,44.0,67.52539858,1080.0,0.038145372
8878,4.6,N,53.0,148.0,894.0,0.012962754
601,5.0,N,30.0,197.2040672,410.0,0.039287861
628,5.0,S,46.0,186.9108415,758.0,0.052196113
558,4.7,S,62.0,126.9745058,196.0,0.168147816
54,5.0,S,63.0,68.20726082,375.0,0.273385487
715,4.9,N,55.0,62.05159096,468.0,0.129367938
601,5.0,N,30.0,88.17477164,270.0,0.596866165
260,4.5,N,42.0,39.41568382,313.0,0.111035328
8766,5.3,S,61.0,164.0,561.0,0.135012881
8448,4.8,N,58.0,113.0,745.0,0.03814062
522,4.7,N,36.0,131.6738642,285.0,0.01910033
379,5.2,S,79.0,63.38893379,608.0,0.18473221
8439,5.0,N,45.0,141.0,324.0,0.213911901
717,4.7,N,55.0,39.00117713,1141.0,0.026499775
84,4.9,S,60.0,192.5555106,1000.0,0.023168112
601,5.0,N,30.0,46.26461751,229.0,0.677897963
626,4.5,S,70.0,94.83930527,771.0,0.043431201
659,5.2,N,33.0,168.4605622,948.0,0.028234823
623,5.2,S,67.0,143.3758217,369.0,0.088109167
8729,4.7,S,77.0,191.0,425.0,0.016333539
118,5.3,N,60.0,182.9722754,352.0,0.162190145
124,4.7,N,51.0,119.3422692,414.0,0.087744958
623,5.2,S,67.0,168.6368366,488.0,0.061143015
231,4.5,N,37.0,130.0566209,410.0,0.029971788
110,4.9,S,69.0,170.0030436,286.0,0.040919075
9011,4.8,R,39.0,146.0,519.0,0.035853656
84,4.9,S,60.0,125.7753272,301.0,0.215154588
8729,4.7,S,77.0,89.0,907.0,0.009624285
380,4.9,N,36.0,115.315876,271.0,0.163074605
9235,4.5,N,35.0,41.0,440.0,0.098050875
257,4.7,N,45.0,24.02488215,207.0,0.255771871
8442,5.2,N,42.0,97.0,1005.0,0.131714637
504,4.9,S,60.0,69.3667906,193.0,0.717303436
582,4.6,S,70.0,73.53737479,654.0,0.020644251
8638,5.1,N,47.0,196.0,199.0,0.04694513
8618,5.1,N,46.0,141.0,1024.0,0.025240052
418,5.0,N,34.0,54.84942387,630.0,0.219817684
231,4.5,N,37.0,93.02691376,265.0,0.074364385
285,4.8,S,82.0,111.2080043,1141.0,0.075530996
8852,5.4,N,40.0,189.0,549.0,0.06155563
529,4.5,S,81.0,117.0982252,171.0,0.027615087
231,4.5,N,37.0,158.950661,608.0,0.010423274
743,4.7,N,47.0,62.07279931,328.0,0.325104331
659,5.2,N,33.0,161.8513391,391.0,0.251206877
278,4.5,N,44.0,31.28249545,463.0,0.175418372
55,4.8,S,76.0,65.81446015,662.0,0.085228917
679,5.2,S,71.0,92.71831325,369.0,0.047010952
8843,5.0,N,52.0,73.0,986.0,0.067924388
9201,4.6,N,53.0,87.0,721.0,0.056234305
692,4.5,N,55.0,79.93251983,630.0,0.016113798
438,5.0,N,38.0,46.4988216,1080.0,0.125457051
438,5.0,N,38.0,30.15494506,1323.0,0.427940291
644,4.8,S,82.0,132.0938911,366.0,0.034159834
529,4.5,S,81.0,71.21143063,336.0,0.070522883
231,4.5,N,37.0,183.6344721,193.0,0.029789283
238,4.5,N,55.0,55.76879622,193.0,0.175904551
612,4.7,S,69.0,85.28898701,249.0,0.072956797
124,4.7,N,51.0,80.2564077,430.0,0.083265274
659,5.2,N,33.0,192.0688665,192.0,0.178966833
360,4.6,N,47.0,68.5032031,171.0,0.052111141
329,4.5,N,45.0,128.1055501,612.0,0.021191071
17,5.2,S,67.0,162.1146682,192.0,0.259351563
246,4.7,S,82.0,25.77543231,447.0,0.450878155
360,4.6,N,47.0,78.35083231,415.0,0.042698097
714,4.6,N,55.0,88.40432295,459.0,0.01905351
391,4.7,N,57.0,139.3387894,549.0,0.093690681
522,4.7,N,36.0,147.0555906,285.0,0.029717073
352,5.0,N,51.0,118.9020026,532.0,0.087265177
526,4.5,S,60.0,137.3473566,907.0,0.006014605
365,4.9,N,41.0,70.57267131,358.0,0.104439898
380,4.9,N,36.0,177.4975298,986.0,0.018777942
9224,4.7,N,59.0,44.0,344.0,0.15595398
231,4.5,N,37.0,180.796859,1747.0,0.004928706
192,4.9,S,82.0,188.5034076,375.0,0.106347099
628,5.0,S,46.0,195.7702097,435.0,0.031945258
546,4.8,S,87.0,163.8235071,183.0,0.099744936
579,4.5,S,81.0,199.4001278,280.0,0.004878593
293,5.0,R,49.0,153.0233269,487.0,0.034321426
309,5.4,N,44.0,193.825521,629.0,0.089402544
508,4.8,N,50.0,113.6563828,462.0,0.023320603
8729,4.7,S,77.0,170.0,528.0,0.018156157
330,4.7,N,52.0,37.36754963,403.0,0.290013778
8680,4.8,S,70.0,88.0,362.0,0.242864247
285,4.8,S,82.0,71.59033254,459.0,0.107929136
9227,5.1,N,45.0,127.0,494.0,0.017562034
8674,5.2,N,39.0,165.0,596.0,0.032562511
265,4.8,S,83.0,169.3630829,1076.0,0.038979509
304,4.5,N,45.0,75.23757024,403.0,0.097230355
145,5.0,N,41.0,71.49879539,732.0,0.062973793
524,5.2,S,86.0,136.8555367,652.0,0.158195815
260,4.5,N,42.0,192.0992094,558.0,0.006884148
172,4.6,S,72.0,22.01444425,374.0,0.530994458
368,4.9,N,55.0,57.09403683,387.0,0.02438647
304,4.5,N,45.0,115.8747799,558.0,0.046862446
8710,5.1,R,33.0,170.0,408.0,0.03995823
421,4.8,N,42.0,52.55606132,986.0,0.127290418
255,4.8,S,81.0,89.60243479,324.0,0.086235375
601,5.0,N,30.0,96.61331028,468.0,0.254010267
70,5.0,N,44.0,67.66486295,313.0,0.283378829
9225,4.7,S,67.0,194.0,618.0,0.024557775
8843,5.0,N,52.0,169.0,462.0,0.016947804
480,4.6,S,57.0,65.54302623,758.0,0.08992216
9140,4.9,N,39.0,138.0,965.0,0.043997647
565,4.7,S,70.0,148.7657246,289.0,0.070437559
231,4.5,N,37.0,137.0069574,296.0,0.032671129
358,5.2,N,43.0,16.96150774,292.0,2.545908875
105,5.1,N,49.0,129.0071967,430.0,0.204049182
440,4.6,S,66.0,35.48066949,745.0,0.222085542
358,5.2,N,43.0,27.40110128,341.0,2.220414994
591,4.5,S,81.0,129.3748082,907.0,0.007140899
380,4.9,N,36.0,68.53875889,468.0,0.192331853
520,5.0,N,52.0,49.67360676,549.0,0.334450293
679,5.2,S,71.0,114.7906144,384.0,0.089668037
9224,4.7,N,59.0,82.0,539.0,0.031092006
172,4.6,S,72.0,161.6966079,731.0,0.021220395
121,4.5,S,83.0,31.64816984,1013.0,0.054893196
623,5.2,S,67.0,86.33897385,270.0,0.527205137
257,4.7,N,45.0,62.74981516,387.0,0.182995963
418,5.0,N,34.0,27.35907016,747.0,0.335565417
377,4.6,S,64.0,126.7313617,328.0,0.11484285
231,4.5,N,37.0,192.3471001,328.0,0.022646614
83,4.5,S,58.0,64.2252549,305.0,0.078918063
286,4.5,S,86.0,180.412024,396.0,0.023271267
9000,5.3,R,28.0,79.0,439.0,0.204333509
399,4.6,N,42.0,87.60151039,580.0,0.052798868
583,4.5,S,84.0,158.3308077,543.0,0.003999775
126,4.5,S,67.0,85.07212259,298.0,0.017868891
480,4.6,S,57.0,59.3869481,390.0,0.046547827
604,4.7,S,82.0,11.18084141,292.0,0.392537414
231,4.5,N,37.0,140.7306977,229.0,0.111860056
696,5.3,N,47.0,89.56765941,948.0,0.07410613
184,4.6,S,90.0,31.40910441,483.0,0.03807229
105,5.1,N,49.0,140.3490014,370.0,0.343138932
358,5.2,N,43.0,165.3125025,567.0,0.074927168
380,4.9,N,36.0,64.42231772,771.0,0.084569038
710,4.9,N,28.0,61.41144543,313.0,0.483312095
713,4.5,N,55.0,68.40741968,468.0,0.044753741
418,5.0,N,34.0,16.25869817,219.0,0.768340952
8902,4.8,N,64.0,176.0,462.0,0.031371209
627,5.0,S,67.0,156.2735237,403.0,0.199254277
184,4.6,S,90.0,40.53183784,286.0,0.109139432
9227,5.1,N,45.0,105.0,558.0,0.119337188
671,4.7,S,88.0,100.1502167,469.0,0.05093648
58,4.9,N,28.0,44.69048813,269.0,0.278547538
504,4.9,S,60.0,140.7090616,875.0,0.183409386
9011,4.8,R,39.0,100.0,543.0,0.073665695
96,5.2,R,44.0,82.20157866,315.0,0.271865485
9221,4.5,S,83.0,134.0,392.0,0.022497925
286,4.5,S,86.0,159.0925089,330.0,0.04189073
601,5.0,N,30.0,130.2964973,375.0,0.19285552
739,4.5,S,82.0,157.4815531,280.0,0.047381432
192,4.9,S,82.0,179.0746668,293.0,0.081387049
579,4.5,S,81.0,129.440737,469.0,0.001702205
110,4.9,S,69.0,149.7743046,300.0,0.017029445
558,4.7,S,62.0,158.1373365,570.0,0.068783217
521,4.6,N,79.0,50.93988262,549.0,0.046414516
8902,4.8,N,64.0,146.0,336.0,0.10516686
439,5.3,N,34.0,43.84952167,393.0,0.341957073
293,5.0,R,49.0,172.912971,282.0,0.070674455
388,4.6,N,55.0,95.95206778,307.0,0.035552016
225,4.8,N,38.0,62.10357851,303.0,0.241451126
379,5.2,S,79.0,90.9600986,229.0,0.360387058
9116,4.5,S,72.0,97.0,450.0,0.029180931
9225,4.7,S,67.0,161.0,907.0,0.019634082
8682,5.2,R,61.0,60.0,368.0,0.159787706
231,4.5,N,37.0,144.0506789,341.0,0.025215645
627,5.0,S,67.0,92.76349753,771.0,0.069004341
70,5.0,N,44.0,72.65213562,145.0,0.563157826
145,5.0,N,41.0,47.76849009,696.0,0.093130648
591,4.5,S,81.0,51.68778487,450.0,0.137215284
307,4.9,N,44.0,154.9035507,466.0,0.039499035
377,4.6,S,64.0,145.1860605,369.0,0.048356524
354,5.0,R,38.0,109.1805816,314.0,0.047450403
601,5.0,N,30.0,30.74351099,238.0,0.375510104
418,5.0,N,34.0,43.97646744,696.0,0.166799868
163,4.8,S,79.0,114.3030187,286.0,0.149272843
623,5.2,S,67.0,169.3210491,483.0,0.071931588
659,5.2,N,33.0,65.20848002,459.0,0.221795517
9,5.2,N,46.0,76.85231348,226.0,0.455615475
504,4.9,S,60.0,97.89987391,558.0,0.140747892
107,4.9,N,35.0,136.9997442,348.0,0.016866855
639,4.7,N,50.0,117.1900015,688.0,0.081847991
644,4.8,S,82.0,176.5649743,286.0,0.055148942
9227,5.1,N,45.0,91.0,618.0,0.216123167
612,4.7,S,69.0,162.0294531,683.0,0.027549115
9238,4.6,S,76.0,99.0,463.0,0.026818928
309,5.4,N,44.0,136.0243482,683.0,0.149205158
617,4.9,N,53.0,59.9013326,608.0,0.159269649
327,4.6,N,43.0,142.0777081,171.0,0.030581541
678,4.5,S,82.0,165.6708299,372.0,0.011562649
352,5.0,N,51.0,85.58682739,271.0,0.254940557
8725,4.6,S,77.0,158.0,420.0,0.087048801
352,5.0,N,51.0,91.9610182,369.0,0.235994792
153,4.9,S,66.0,195.273734,328.0,0.10263891
628,5.0,S,46.0,75.17308002,391.0,0.323793965
520,5.0,N,52.0,37.36606416,805.0,0.92818078
8851,4.7,N,48.0,107.0,580.0,0.067410533
521,4.6,N,79.0,6.910880518,303.0,0.57525685
304,4.5,N,45.0,140.6668569,459.0,0.021266062
236,4.6,N,55.0,88.1141141,313.0,0.028861111
380,4.9,N,36.0,154.7629722,894.0,0.021439573
743,4.7,N,47.0,185.5341129,430.0,0.02768713
55,4.8,S,76.0,179.5141181,343.0,0.183520879
368,4.9,N,55.0,74.2269846,459.0,0.042479075
286,4.5,S,86.0,118.7287841,371.0,0.040160496
8442,5.2,N,42.0,102.0,131.0,0.321198329
172,4.6,S,72.0,20.69020889,455.0,0.634424994
358,5.2,N,43.0,78.23333199,313.0,0.292449711
285,4.8,S,82.0,73.95669417,298.0,0.165153323
246,4.7,S,82.0,196.6044796,440.0,0.022782839
659,5.2,N,33.0,158.9512824,696.0,0.074624277
62,4.7,N,46.0,113.9714843,387.0,0.046560974
192,4.9,S,82.0,85.27178565,225.0,0.515096748
66,4.6,S,85.0,50.42666905,397.0,0.087531582
330,4.7,N,52.0,180.5113165,293.0,0.153022999
558,4.7,S,62.0,177.5408984,438.0,0.047512736
8686,4.7,S,78.0,103.0,398.0,0.034120276
522,4.7,N,36.0,174.4767006,307.0,0.014718131
8682,5.2,R,61.0,118.0,463.0,0.101263438
615,4.5,S,72.0,104.6576084,519.0,0.027676488
639,4.7,N,50.0,127.1156229,618.0,0.154459697
356,5.0,N,39.0,180.0720773,599.0,0.050326092
103,4.8,N,42.0,186.709885,770.0,0.016646248
56,5.0,S,57.0,4.998782971,370.0,9.41233295
379,5.2,S,79.0,144.1200108,286.0,0.468799632
351,5.0,N,29.0,165.5046892,875.0,0.022756474
199,4.6,N,60.0,122.9331869,366.0,0.02235776
223,4.5,S,54.0,40.52407174,412.0,0.039104303
418,5.0,N,34.0,55.75098126,234.0,0.264992915
351,5.0,N,29.0,181.5616757,313.0,0.036447607
388,4.6,N,55.0,121.3374514,236.0,0.035618642
521,4.6,N,79.0,66.13767915,359.0,0.023134275
59,5.3,N,37.0,117.1589097,232.0,0.240856727
671,4.7,S,88.0,122.7245523,875.0,0.019651962
688,4.7,N,53.0,50.49880208,414.0,0.098727748
522,4.7,N,36.0,113.9529901,580.0,0.036698361
278,4.5,N,44.0,133.4616741,450.0,0.013666203
304,4.5,N,45.0,80.65874455,193.0,0.221565588
286,4.5,S,86.0,148.9366692,986.0,0.019225462
8444,4.8,N,57.0,135.0,429.0,0.11165361
726,4.8,S,72.0,56.08408623,815.0,0.186588304
739,4.5,S,82.0,183.6830638,363.0,0.023145029
8691,5.1,N,49.0,175.0,732.0,0.027679455
286,4.5,S,86.0,106.4245143,561.0,0.030385326
418,5.0,N,34.0,132.2535843,390.0,0.061184536
9239,4.5,R,80.0,107.0,555.0,0.0262345
626,4.5,S,70.0,85.67183282,459.0,0.039982404
293,5.0,R,49.0,126.5670663,407.0,0.170218571
9236,4.7,S,57.0,88.0,519.0,0.069079971
56,5.0,S,57.0,140.3911871,237.0,0.226178745
8725,4.6,S,77.0,119.0,929.0,0.054388573
8439,5.0,N,45.0,50.0,207.0,0.136326963
286,4.5,S,86.0,68.80789971,836.0,0.036630043
126,4.5,S,67.0,108.0056464,460.0,0.0182031
9238,4.6,S,76.0,126.0,320.0,0.018428371
8914,5.4,S,61.0,167.0,630.0,0.027456497
182,5.3,S,85.0,68.37386913,403.0,0.032514078
236,4.6,N,55.0,89.85972515,444.0,0.03324895
309,5.4,N,44.0,146.5520824,196.0,0.199426812
361,4.7,N,36.0,160.9474608,391.0,0.029250214
62,4.7,N,46.0,132.1709141,229.0,0.190792078
9122,4.9,S,78.0,126.0,965.0,0.054372902
521,4.6,N,79.0,123.3399467,393.0,0.008642238
347,5.0,N,34.0,62.29937028,219.0,0.24983723
473,4.8,N,61.0,150.157867,1113.0,0.011220521
504,4.9,S,60.0,140.6160294,709.0,0.138769634
311,5.2,N,42.0,145.1370411,460.0,0.095595573
9221,4.5,S,83.0,195.0,528.0,0.006646662
477,4.8,S,53.0,127.4011225,567.0,0.060994702
234,5.1,N,45.0,137.445555,271.0,0.078266591
9123,5.2,N,34.0,58.0,484.0,0.203195364
416,5.3,N,38.0,77.68820381,580.0,0.163211498
97,5.1,S,72.0,104.6654986,469.0,0.052077487
529,4.5,S,81.0,130.3618531,683.0,0.016951171
9000,5.3,R,28.0,47.0,533.0,0.430100463
9074,4.8,N,56.0,90.0,499.0,0.079623738
455,4.8,N,52.0,169.0618986,388.0,0.024883058
9130,4.5,N,70.0,145.0,463.0,0.055745196
285,4.8,S,82.0,24.83227763,229.0,0.805693974
351,5.0,N,29.0,177.1556268,745.0,0.022315509
9235,4.5,N,35.0,53.0,350.0,0.045566768
9238,4.6,S,76.0,149.0,444.0,0.015825903
127,4.7,S,49.0,92.93459576,313.0,0.01182043
592,5.1,S,80.0,180.6118248,709.0,0.04100399
558,4.7,S,62.0,130.1621845,377.0,0.196573649
286,4.5,S,86.0,53.19452768,430.0,0.135700098
304,4.5,N,45.0,141.7677433,145.0,0.083758408
326,5.3,N,45.0,176.4758351,293.0,0.179310412
361,4.7,N,36.0,16.43514137,292.0,0.803875441
421,4.8,N,42.0,101.2572742,549.0,0.172648967
246,4.7,S,82.0,144.2460379,366.0,0.022247446
612,4.7,S,69.0,103.2454441,328.0,0.107697988
103,4.8,N,42.0,54.14036689,285.0,0.308585406
293,5.0,R,49.0,154.3905859,280.0,0.087848381
365,4.9,N,41.0,74.73153694,328.0,0.115321587
521,4.6,N,79.0,34.19505717,805.0,0.096307641
410,4.7,N,29.0,70.07227802,894.0,0.065323386
628,5.0,S,46.0,51.20045281,407.0,0.561535515
121,4.5,S,83.0,52.17109032,253.0,0.013221685
439,5.3,N,34.0,97.2326191,390.0,0.123453205
565,4.7,S,70.0,113.5493505,515.0,0.075384664
627,5.0,S,67.0,147.7013556,232.0,0.061628988
579,4.5,S,81.0,159.4413971,541.0,0.005744443
358,5.2,N,43.0,131.2363609,285.0,0.106771742
380,4.9,N,36.0,59.13356379,459.0,0.139965498
9116,4.5,S,72.0,134.0,444.0,0.025322601
285,4.8,S,82.0,44.00626188,629.0,0.42285283
524,5.2,S,86.0,112.0907142,875.0,0.108054982
558,4.7,S,62.0,191.6914663,307.0,0.026118089
9161,4.8,R,72.0,71.0,317.0,0.299032117
737,4.7,S,56.0,33.62397355,555.0,0.072579979
286,4.5,S,86.0,117.0162595,271.0,0.063515719
377,4.6,S,64.0,93.43710018,298.0,0.138017283
713,4.5,N,55.0,74.3402116,196.0,0.054884334
330,4.7,N,52.0,76.92390469,192.0,0.146981129
639,4.7,N,50.0,39.8973558,210.0,0.420659352
477,4.8,S,53.0,126.466996,305.0,0.105703285
358,5.2,N,43.0,109.034284,369.0,0.367923397
558,4.7,S,62.0,130.1965929,459.0,0.154956334
739,4.5,S,82.0,120.8342906,460.0,0.037359528
10,5.2,S,75.0,69.97993873,315.0,0.334595587
9161,4.8,R,72.0,93.0,350.0,0.085314986
435,4.7,N,41.0,172.2841139,875.0,0.012377043
508,4.8,N,50.0,31.34813827,367.0,0.16579798
526,4.5,S,60.0,135.9712586,731.0,0.039746867
216,4.7,S,84.0,91.53985191,541.0,0.030827495
419,4.5,N,44.0,54.52668111,393.0,0.035263366
365,4.9,N,41.0,35.39741711,273.0,0.389711354
558,4.7,S,62.0,107.0843715,555.0,0.086806512
726,4.8,S,72.0,169.6633686,574.0,0.052032015
8618,5.1,N,46.0,103.0,948.0,0.023608055
724,4.5,N,40.0,87.23603573,948.0,0.04586625
438,5.0,N,38.0,150.4121062,462.0,0.027954702
397,4.7,N,48.0,58.29153677,278.0,0.071750578
526,4.5,S,60.0,18.81608932,579.0,0.325665383
9152,4.6,N,55.0,165.0,340.0,0.018300386
737,4.7,S,56.0,147.8105289,543.0,0.007125996
235,4.9,N,44.0,79.20915243,608.0,0.058310783
389,4.5,N,55.0,92.34591254,307.0,0.009287602
8607,5.2,N,43.0,93.0,747.0,0.093078171
644,4.8,S,82.0,78.54294781,193.0,0.053551069
8902,4.8,N,64.0,15.0,836.0,0.920953536
225,4.8,N,38.0,30.55924612,234.0,0.733096278
522,4.7,N,36.0,61.19835925,232.0,0.069009991
480,4.6,S,57.0,44.9418353,317.0,0.328346806
105,5.1,N,49.0,40.98197073,336.0,2.39897885
83,4.5,S,58.0,60.69495549,328.0,0.050643003
440,4.6,S,66.0,44.20582607,532.0,0.300426952
286,4.5,S,86.0,75.71111547,193.0,0.158232157
103,4.8,N,42.0,109.0978409,252.0,0.140761413
477,4.8,S,53.0,49.59098123,545.0,0.153628296
311,5.2,N,42.0,160.7192882,415.0,0.062599497
347,5.0,N,34.0,135.9119344,307.0,0.086513818
646,4.7,S,77.0,28.25568132,407.0,0.108894534
388,4.6,N,55.0,95.49217259,580.0,0.053872586
10,5.2,S,75.0,62.81756509,375.0,0.39669673
8496,4.5,N,60.0,69.0,747.0,0.01622091
627,5.0,S,67.0,185.3191794,630.0,0.021241858
360,4.6,N,47.0,20.66071435,292.0,0.79870863
522,4.7,N,36.0,120.1392226,393.0,0.019616245
579,4.5,S,81.0,138.5153074,543.0,0.005333851
9235,4.5,N,35.0,41.0,715.0,0.079672469
304,4.5,N,45.0,73.4854489,483.0,0.094008443
477,4.8,S,53.0,128.9885862,447.0,0.084487681
480,4.6,S,57.0,48.21700808,715.0,0.090558141
213,5.1,N,27.0,80.74375024,920.0,0.210419165
421,4.8,N,42.0,172.1871776,340.0,0.02134506
457,5.0,S,77.0,185.0287506,558.0,0.089174097
615,4.5,S,72.0,133.5586703,416.0,0.026843118
40,5.4,S,57.0,151.2472221,270.0,0.297278698
626,4.5,S,70.0,49.92664724,300.0,0.104453465
8501,5.3,S,86.0,102.0,694.0,0.037281347
285,4.8,S,82.0,82.1073232,313.0,0.257503226
8815,4.5,N,70.0,147.0,243.0,0.019761343
543,4.8,N,41.0,50.08534322,894.0,0.086266218
565,4.7,S,70.0,25.26091864,224.0,1.576404561
8680,4.8,S,70.0,152.0,196.0,0.211273432
601,5.0,N,30.0,65.29892826,341.0,0.250450007
172,4.6,S,72.0,56.96866878,447.0,0.118895965
388,4.6,N,55.0,174.8444039,462.0,0.013520612
643,4.7,S,80.0,113.2713001,272.0,0.233501174
238,4.5,N,55.0,172.1663384,629.0,0.017767377
643,4.7,S,80.0,67.57661269,377.0,0.140056268
234,5.1,N,45.0,189.4125481,371.0,0.038096642
199,4.6,N,60.0,124.3117467,715.0,0.06295884
235,4.9,N,44.0,174.8075374,286.0,0.075110295
565,4.7,S,70.0,89.44499991,196.0,0.169130293
9221,4.5,S,83.0,70.0,543.0,0.105935789
543,4.8,N,41.0,108.3598933,836.0,0.020889154
724,4.5,N,40.0,69.16669932,145.0,0.2621163
216,4.7,S,84.0,108.2221535,1380.0,0.011180957
601,5.0,N,30.0,179.1343313,356.0,0.053488282
225,4.8,N,38.0,84.25624633,356.0,0.113673734
360,4.6,N,47.0,56.13540152,558.0,0.038501746
726,4.8,S,72.0,165.6231482,715.0,0.054344581
8517,4.8,N,43.0,83.0,278.0,0.024675112
659,5.2,N,33.0,108.9023199,301.0,0.418206069
8680,4.8,S,70.0,40.0,272.0,0.917537321
365,4.9,N,41.0,68.59003201,131.0,0.25767607
60,5.2,S,70.0,142.6569413,223.0,0.191719115
8638,5.1,N,47.0,177.0,570.0,0.023273777
504,4.9,S,60.0,106.0150121,207.0,0.32253059
521,4.6,N,79.0,74.81532249,390.0,0.025163108
644,4.8,S,82.0,99.43349362,745.0,0.053987655
163,4.8,S,79.0,89.74962429,323.0,0.025960262
78,4.9,N,44.0,63.31343178,561.0,0.093175868
367,4.9,N,55.0,35.68897362,207.0,0.102387611
121,4.5,S,83.0,3.016071272,412.0,0.76217783
592,5.1,S,80.0,94.2421099,907.0,0.042849889
710,4.9,N,28.0,65.78278319,630.0,0.139059109
623,5.2,S,67.0,100.1919615,313.0,0.521057761
365,4.9,N,41.0,96.1450864,354.0,0.190824273
199,4.6,N,60.0,63.79976934,720.0,0.12584961
439,5.3,N,34.0,132.79915,307.0,0.176447132
517,4.6,S,86.0,49.31563153,815.0,0.19668077
623,5.2,S,67.0,135.2429628,304.0,0.18520213
9225,4.7,S,67.0,111.0,574.0,0.077158855
9239,4.5,R,80.0,137.0,340.0,0.058584774
124,4.7,N,51.0,84.90778479,298.0,0.130740409
644,4.8,S,82.0,88.87365654,459.0,0.061288377
604,4.7,S,82.0,144.4008578,307.0,0.016810633
352,5.0,N,51.0,131.6602371,561.0,0.106118157
717,4.7,N,55.0,72.26775471,827.0,0.024032225
329,4.5,N,45.0,90.57987236,447.0,0.048695827
558,4.7,S,62.0,23.85034556,430.0,1.61675314
9230,4.8,S,84.0,125.0,594.0,0.01739207
713,4.5,N,55.0,64.2705942,771.0,0.035523202
9209,4.8,N,60.0,124.0,558.0,0.105847513
153,4.9,S,66.0,45.40844261,192.0,0.474324329
9140,4.9,N,39.0,59.0,426.0,0.110218875
739,4.5,S,82.0,128.8183968,906.0,0.037904973
8638,5.1,N,47.0,132.0,363.0,0.084390508
225,4.8,N,38.0,124.9113221,1113.0,0.058815357
377,4.6,S,64.0,79.30934685,366.0,0.155487964
356,5.0,N,39.0,150.7463754,372.0,0.081496836
8939,4.6,S,75.0,138.0,721.0,0.098789809
9074,4.8,N,56.0,138.0,758.0,0.091094763
255,4.8,S,81.0,149.2737466,460.0,0.071405103
623,5.2,S,67.0,93.4182478,145.0,1.123384557
565,4.7,S,70.0,94.23727851,301.0,0.231288813
410,4.7,N,29.0,98.60855886,271.0,0.075630022
304,4.5,N,45.0,23.04803458,366.0,0.891829716
8441,4.8,N,52.0,102.0,608.0,0.047531872
468,4.5,S,89.0,18.16410422,293.0,0.376481761
162,4.8,R,37.0,164.5331797,305.0,0.065207209
148,4.6,S,75.0,70.01832334,445.0,0.024006138
265,4.8,S,83.0,109.4045675,361.0,0.388470272
473,4.8,N,61.0,63.6005633,805.0,0.147941834
612,4.7,S,69.0,66.15392454,336.0,0.238734897
9241,4.5,S,69.0,43.0,907.0,0.046025909
421,4.8,N,42.0,35.18259303,694.0,0.15343734
8861,4.8,S,79.0,60.0,463.0,0.178098273
322,4.6,N,51.0,94.05669685,608.0,0.128786254
365,4.9,N,41.0,56.45775811,286.0,0.178375357
38,5.3,N,31.0,148.0829273,270.0,0.199806051
358,5.2,N,43.0,73.23416664,336.0,0.741436196
8878,4.6,N,53.0,47.0,567.0,0.111572509
377,4.6,S,64.0,95.78087501,875.0,0.052369558
246,4.7,S,82.0,110.2261841,208.0,0.028246369
8725,4.6,S,77.0,117.0,397.0,0.039626322
412,4.8,N,35.0,67.91338105,894.0,0.030883845
615,4.5,S,72.0,14.1640047,450.0,1.31916613
626,4.5,S,70.0,103.1672708,328.0,0.098327785
440,4.6,S,66.0,88.70230377,369.0,0.111504562
457,5.0,S,77.0,171.6029893,489.0,0.044505391
9224,4.7,N,59.0,187.0,758.0,0.019445641
520,5.0,N,52.0,159.8481328,314.0,0.059231638
347,5.0,N,34.0,34.63834448,1323.0,0.203860517
508,4.8,N,50.0,73.70804157,294.0,0.02128683
322,4.6,N,51.0,175.1742294,293.0,0.099820574
255,4.8,S,81.0,52.66788782,315.0,0.193215302
612,4.7,S,69.0,44.74560426,430.0,0.269128409
480,4.6,S,57.0,144.3362034,735.0,0.026044401
103,4.8,N,42.0,138.1108065,328.0,0.078522135
725,4.6,S,81.0,90.63635075,519.0,0.006131487
695,4.7,N,41.0,56.76453289,460.0,0.144640801
628,5.0,S,46.0,181.5139602,317.0,0.163935262
255,4.8,S,81.0,54.2672665,403.0,0.144143582
578,4.9,S,78.0,27.52878593,407.0,0.316119775
419,4.5,N,44.0,82.16427667,271.0,0.060313861
354,5.0,R,38.0,168.7622352,329.0,0.043525726
360,4.6,N,47.0,58.67565122,875.0,0.052179028
104,4.8,N,41.0,46.0410144,532.0,0.226185653
8501,5.3,S,86.0,85.0,219.0,0.312473322
64,5.1,S,45.0,183.6839145,480.0,0.021271879
61,4.7,S,48.0,28.58210211,370.0,0.799811385
70,5.0,N,44.0,35.45414816,271.0,0.410706284
361,4.7,N,36.0,114.0374232,561.0,0.027442721
9000,5.3,R,28.0,73.0,208.0,0.217717127
439,5.3,N,34.0,93.60331985,694.0,0.066917764
120,4.7,S,76.0,113.1668323,412.0,0.047454352
286,4.5,S,86.0,149.0844912,232.0,0.035195868
9161,4.8,R,72.0,61.0,426.0,0.133798103
84,4.9,S,60.0,135.4836817,1602.0,0.133752704
8691,5.1,N,49.0,123.0,875.0,0.159296145
358,5.2,N,43.0,117.8421362,387.0,0.070120382
580,4.6,S,79.0,55.39736685,907.0,0.03280691
591,4.5,S,81.0,120.2646364,543.0,0.01215688
8643,4.5,N,44.0,78.0,278.0,0.011889072
8680,4.8,S,70.0,192.0,283.0,0.179676646
66,4.6,S,85.0,46.2460745,223.0,0.503205604
213,5.1,N,27.0,139.2315875,462.0,0.063193129
9201,4.6,N,53.0,180.0,579.0,0.089367988
9225,4.7,S,67.0,44.0,543.0,0.33849025
696,5.3,N,47.0,38.16173564,1141.0,0.548112042
725,4.6,S,81.0,64.82190946,529.0,0.013267121
391,4.7,N,57.0,147.1985714,301.0,0.102194957
520,5.0,N,52.0,144.3987425,299.0,0.09627389
286,4.5,S,86.0,69.52706163,249.0,0.07010382
639,4.7,N,50.0,63.3792759,377.0,0.104017967
9152,4.6,N,55.0,85.0,501.0,0.035965137
223,4.5,S,54.0,52.61914494,300.0,0.139560164
582,4.6,S,70.0,89.28182826,579.0,0.066580822
8725,4.6,S,77.0,128.0,555.0,0.057854447
238,4.5,N,55.0,86.80747301,771.0,0.017848983
643,4.7,S,80.0,66.47529588,350.0,0.270231784
623,5.2,S,67.0,112.4924118,460.0,0.129299228
9201,4.6,N,53.0,17.0,484.0,0.504548279
520,5.0,N,52.0,144.7484255,271.0,0.28239233
416,5.3,N,38.0,16.40685763,747.0,2.539071388
8464,4.5,S,87.0,138.0,415.0,0.031751302
695,4.7,N,41.0,74.47190079,836.0,0.114866247
105,5.1,N,49.0,193.1406873,305.0,0.156174087
360,4.6,N,47.0,195.8002828,429.0,0.012100762
9140,4.9,N,39.0,112.0,344.0,0.14629477
710,4.9,N,28.0,67.85417259,131.0,0.525166562
644,4.8,S,82.0,44.43199805,229.0,0.139636954
628,5.0,S,46.0,65.2024835,735.0,0.163813675
8569,5.3,N,56.0,148.0,875.0,0.058940049
626,4.5,S,70.0,36.98158109,238.0,0.145463038
326,5.3,N,45.0,97.66341001,608.0,0.13356969
722,4.7,S,90.0,67.30673058,495.0,0.05422577
526,4.5,S,60.0,170.971834,715.0,0.024393072
546,4.8,S,87.0,113.8210536,294.0,0.18988151
391,4.7,N,57.0,178.002066,599.0,0.021773313
225,4.8,N,38.0,126.6971984,359.0,0.070037392
225,4.8,N,38.0,106.1909694,813.0,0.069690917
501,4.7,S,69.0,160.9422843,338.0,0.075805448
627,5.0,S,67.0,87.70993111,358.0,0.067853663
517,4.6,S,86.0,87.89407551,1380.0,0.029914985
636,5.1,S,85.0,18.86111714,450.0,6.339323315
8902,4.8,N,64.0,25.0,328.0,1.280927054
639,4.7,N,50.0,154.825565,612.0,0.02019632
627,5.0,S,67.0,193.9745836,229.0,0.181250328
617,4.9,N,53.0,153.0842237,580.0,0.026205414
558,4.7,S,62.0,192.3286978,709.0,0.043979119
520,5.0,N,52.0,35.69221237,337.0,0.138569977
184,4.6,S,90.0,167.8376966,430.0,0.00468046
8843,5.0,N,52.0,161.0,278.0,0.011831946
480,4.6,S,57.0,104.9377428,660.0,0.042674798
9130,4.5,N,70.0,163.0,618.0,0.013650932
8441,4.8,N,52.0,150.0,430.0,0.054129671
517,4.6,S,86.0,135.8598265,567.0,0.018779676
8449,4.5,N,52.0,186.0,731.0,0.020539841
565,4.7,S,70.0,99.84798603,344.0,0.083645367
125,5.1,S,67.0,193.9079479,709.0,0.052294716
255,4.8,S,81.0,163.1971718,293.0,0.076675255
653,4.7,S,89.0,73.17094006,375.0,0.089614327
529,4.5,S,81.0,51.39588636,558.0,0.028071029
522,4.7,N,36.0,93.85428812,198.0,0.081833897
582,4.6,S,70.0,176.2001783,280.0,0.032656548
238,4.5,N,55.0,83.13197003,313.0,0.072858088
526,4.5,S,60.0,105.1463492,450.0,0.019457017
517,4.6,S,86.0,147.3025413,305.0,0.100384002
8886,5.0,N,46.0,55.0,208.0,0.339411991
61,4.7,S,48.0,157.8102409,328.0,0.021449789
17,5.2,S,67.0,114.6342129,270.0,0.271922023
8444,4.8,N,57.0,97.0,403.0,0.303441923
267,4.5,N,26.0,60.09427723,273.0,0.054854647
568,4.6,S,53.0,109.1914518,415.0,0.033784507
8710,5.1,R,33.0,70.0,540.0,0.175246446
354,5.0,R,38.0,80.72947558,375.0,0.144926813
8691,5.1,N,49.0,102.0,415.0,0.458797336
9154,5.0,S,81.0,153.0,347.0,0.045658143
604,4.7,S,82.0,140.8174699,366.0,0.021871913
138,4.5,S,74.0,115.8284513,745.0,0.040001832
365,4.9,N,41.0,100.5778949,662.0,0.051288213
260,4.5,N,42.0,112.8045025,312.0,0.037039175
520,5.0,N,52.0,75.61706,294.0,0.064445741
536,4.7,S,89.0,153.7871979,732.0,0.01330899
416,5.3,N,38.0,27.73451139,219.0,0.609453897
358,5.2,N,43.0,96.85355067,371.0,0.333946851
246,4.7,S,82.0,27.89055194,567.0,0.209847734
715,4.9,N,55.0,90.23713642,323.0,0.044451118
162,4.8,R,37.0,177.4036942,253.0,0.045400296
416,5.3,N,38.0,45.9222124,694.0,0.185866428
389,4.5,N,55.0,89.62863094,1080.0,0.005962161
8464,4.5,S,87.0,144.0,362.0,0.040782075
8501,5.3,S,86.0,136.0,307.0,0.050721495
8680,4.8,S,70.0,156.0,348.0,0.048454983
520,5.0,N,52.0,187.101875,630.0,0.101875416
265,4.8,S,83.0,136.1347719,214.0,0.271289817
231,4.5,N,37.0,112.6114439,314.0,0.101306746
644,4.8,S,82.0,42.73901932,300.0,0.123597715
421,4.8,N,42.0,154.5890405,337.0,0.032667616
9239,4.5,R,80.0,127.0,579.0,0.014266258
351,5.0,N,29.0,178.7144309,229.0,0.134042252
522,4.7,N,36.0,121.0501071,371.0,0.021469226
8638,5.1,N,47.0,191.0,358.0,0.024637
9080,5.2,S,45.0,107.0,450.0,0.040386329
365,4.9,N,41.0,57.71165475,271.0,0.082132314
329,4.5,N,45.0,97.26586046,715.0,0.026877893
9122,4.9,S,78.0,130.0,376.0,0.149893471
724,4.5,N,40.0,61.60227258,695.0,0.140489886
636,5.1,S,85.0,48.90953886,907.0,0.197213736
8691,5.1,N,49.0,98.0,369.0,0.203503066
129,5.0,S,48.0,142.1795991,815.0,0.041820849
351,5.0,N,29.0,86.72592353,593.0,0.130069937
9152,4.6,N,55.0,110.0,445.0,0.011993457
234,5.1,N,45.0,128.9202846,430.0,0.231555186
311,5.2,N,42.0,155.303891,1141.0,0.051632561
223,4.5,S,54.0,140.447655,304.0,0.027760361
327,4.6,N,43.0,144.0797528,131.0,0.065873235
352,5.0,N,51.0,38.59564693,273.0,0.232468849
520,5.0,N,52.0,91.42097649,198.0,0.319035195
9130,4.5,N,70.0,154.0,583.0,0.011584466
591,4.5,S,81.0,198.2725981,804.0,0.002489201
260,4.5,N,42.0,129.3642589,358.0,0.014353596
526,4.5,S,60.0,146.7569362,305.0,0.063508377
695,4.7,N,41.0,87.80658633,694.0,0.085988652
671,4.7,S,88.0,192.5578249,305.0,0.068890387
8725,4.6,S,77.0,146.0,630.0,0.036226878
265,4.8,S,83.0,104.9152176,369.0,0.104880077
739,4.5,S,82.0,55.92913312,450.0,0.05172276
531,4.6,N,39.0,68.88917824,986.0,0.043641634
307,4.9,N,44.0,113.3346395,278.0,0.035562833
162,4.8,R,37.0,156.6646214,303.0,0.074189896
8854,4.6,N,40.0,82.0,415.0,0.083448026
117,4.7,S,83.0,39.62611478,1113.0,0.16009658
537,4.7,N,48.0,83.78541432,462.0,0.120238848
457,5.0,S,77.0,138.0639293,714.0,0.154072246
137,4.6,S,74.0,188.0733885,131.0,0.052024514
592,5.1,S,80.0,67.979136,481.0,0.101900646
623,5.2,S,67.0,99.61505086,745.0,0.169113839
435,4.7,N,41.0,87.43243776,234.0,0.095124295
330,4.7,N,52.0,103.6779971,361.0,0.092624031
388,4.6,N,55.0,58.44836099,278.0,0.045630263
473,4.8,N,61.0,109.0497731,599.0,0.01508059
304,4.5,N,45.0,70.53234018,444.0,0.120127155
617,4.9,N,53.0,193.2094926,229.0,0.142407114
8496,4.5,N,60.0,154.0,236.0,0.023070312
480,4.6,S,57.0,116.8911907,444.0,0.085945515
8680,4.8,S,70.0,187.0,396.0,0.082854235
122,4.8,N,38.0,57.3760063,346.0,0.15340662
134,4.6,S,67.0,103.4849167,246.0,0.215924406
617,4.9,N,53.0,176.0141152,488.0,0.064191241
592,5.1,S,80.0,28.74047988,1380.0,0.367560048
628,5.0,S,46.0,198.5438031,390.0,0.030200083
8697,4.9,S,89.0,162.0,303.0,0.039281991
439,5.3,N,34.0,52.25640069,696.0,0.230608297
388,4.6,N,55.0,81.19432401,986.0,0.073787078
8891,4.5,N,46.0,37.0,415.0,0.053362678
517,4.6,S,86.0,136.4534584,731.0,0.097706266
9225,4.7,S,67.0,76.0,735.0,0.042211593
365,4.9,N,41.0,67.24156917,298.0,0.194787797
379,5.2,S,79.0,77.08650157,1141.0,0.654518595
8630,4.8,S,73.0,92.0,278.0,0.02132432
477,4.8,S,53.0,153.3068417,637.0,0.014541117
604,4.7,S,82.0,116.3657773,462.0,0.010180647
329,4.5,N,45.0,89.24473422,377.0,0.041251077
406,4.6,N,32.0,74.97118894,393.0,0.034783757
542,4.7,N,27.0,52.50406859,369.0,0.164179033
439,5.3,N,34.0,123.4123954,894.0,0.09559042
579,4.5,S,81.0,95.75046487,654.0,0.00418462
627,5.0,S,67.0,83.93766098,193.0,0.258621671
435,4.7,N,41.0,77.75839255,986.0,0.052771248
8680,4.8,S,70.0,99.0,445.0,0.120707045
504,4.9,S,60.0,99.36462035,361.0,0.26851502
97,5.1,S,72.0,25.93439541,463.0,0.211522529
78,4.9,N,44.0,34.19282312,336.0,1.367207645
118,5.3,N,60.0,187.7498354,249.0,0.025407091
329,4.5,N,45.0,104.7842119,484.0,0.054955769
358,5.2,N,43.0,148.5570656,462.0,0.083067603
8510,5.0,N,44.0,53.0,732.0,0.075341996
8464,4.5,S,87.0,97.0,393.0,0.097853685
623,5.2,S,67.0,137.8417309,330.0,0.188672752
696,5.3,N,47.0,95.56937606,340.0,0.245624273
480,4.6,S,57.0,196.4722504,567.0,0.015657379
726,4.8,S,72.0,118.550537,875.0,0.034227545
234,5.1,N,45.0,141.6204625,483.0,0.181799203
8886,5.0,N,46.0,68.0,440.0,0.16071502
172,4.6,S,72.0,38.24046962,539.0,0.178974597
9154,5.0,S,81.0,180.0,936.0,0.042096551
329,4.5,N,45.0,49.87118318,501.0,0.031203649
46,5.3,N,45.0,118.869464,232.0,0.791065483
238,4.5,N,55.0,46.64726733,328.0,0.080869527
260,4.5,N,42.0,157.1860881,430.0,0.024533488
9130,4.5,N,70.0,81.0,545.0,0.030064148
659,5.2,N,33.0,107.3446271,462.0,0.172988387
105,5.1,N,49.0,152.386828,251.0,0.174679024
724,4.5,N,40.0,78.13163882,694.0,0.076155977
8854,4.6,N,40.0,115.0,219.0,0.079393925
8449,4.5,N,52.0,62.0,1072.0,0.048542972
361,4.7,N,36.0,170.3078294,304.0,0.026968987
558,4.7,S,62.0,185.7127634,420.0,0.032169578
397,4.7,N,48.0,162.4130784,286.0,0.038614437
8442,5.2,N,42.0,104.0,836.0,0.101439609
627,5.0,S,67.0,83.54986746,459.0,0.103682896
70,5.0,N,44.0,66.95600154,298.0,0.300290157
8437,5.0,S,81.0,189.0,450.0,0.147694618
582,4.6,S,70.0,168.3559367,484.0,0.018608585
391,4.7,N,57.0,172.9182854,131.0,0.056519503
351,5.0,N,29.0,196.2769468,1323.0,0.017497217
579,4.5,S,81.0,168.5359691,567.0,0.002978609
421,4.8,N,42.0,26.61035606,747.0,0.25884935
473,4.8,N,61.0,149.9007642,358.0,0.035209926
438,5.0,N,38.0,86.7970632,462.0,0.120781892
118,5.3,N,60.0,20.87757143,304.0,0.315138422
558,4.7,S,62.0,125.6975946,836.0,0.060321892
9235,4.5,N,35.0,64.0,463.0,0.121899367
8442,5.2,N,42.0,188.0,629.0,0.058572981
60,5.2,S,70.0,167.3438171,369.0,0.046262441
103,4.8,N,42.0,87.55843691,412.0,0.106773129
529,4.5,S,81.0,122.0499224,328.0,0.031918339
352,5.0,N,51.0,152.7582259,948.0,0.02315098
368,4.9,N,55.0,164.5828035,629.0,0.0167226
627,5.0,S,67.0,182.2944686,214.0,0.291658946
199,4.6,N,60.0,54.28892253,283.0,0.091358769
659,5.2,N,33.0,113.4472011,561.0,0.382357806
643,4.7,S,80.0,196.7666145,521.0,0.021807954
354,5.0,R,38.0,142.8431737,243.0,0.018468598
421,4.8,N,42.0,157.0759116,249.0,0.05110695
601,5.0,N,30.0,114.19221,460.0,0.143469508
235,4.9,N,44.0,96.1125078,827.0,0.127720971
62,4.7,N,46.0,171.6179347,701.0,0.015200582
578,4.9,S,78.0,128.1074531,444.0,0.022540157
8677,4.8,S,70.0,187.0,574.0,0.018505041
9201,4.6,N,53.0,22.0,714.0,0.962429992
626,4.5,S,70.0,158.0628589,403.0,0.087049504
8852,5.4,N,40.0,91.0,745.0,0.247066517
439,5.3,N,34.0,111.3899619,271.0,0.430917064
379,5.2,S,79.0,157.8637508,271.0,0.253067237
579,4.5,S,81.0,198.8970732,284.0,0.001994787
368,4.9,N,55.0,134.5609312,369.0,0.020131939
517,4.6,S,86.0,129.3849382,282.0,0.034054786
9080,5.2,S,45.0,94.0,731.0,0.097326591
182,5.3,S,85.0,29.05974328,192.0,0.1919212
626,4.5,S,70.0,128.8531583,301.0,0.031869278
710,4.9,N,28.0,93.19365074,986.0,0.048832147
234,5.1,N,45.0,167.4737979,214.0,0.331971721
601,5.0,N,30.0,94.39255142,131.0,0.586199694
360,4.6,N,47.0,191.9427949,683.0,0.008858598
617,4.9,N,53.0,91.5195585,561.0,0.062840301
67,4.9,S,56.0,62.96639023,481.0,0.135314559
522,4.7,N,36.0,41.93119788,356.0,0.096802471
644,4.8,S,82.0,108.8573086,415.0,0.028918564
627,5.0,S,67.0,178.7865639,192.0,0.213089652
61,4.7,S,48.0,80.61244919,289.0,0.12004025
8939,4.6,S,75.0,109.0,758.0,0.123773486
360,4.6,N,47.0,147.3063865,1080.0,0.006340921
26,5.3,S,57.0,32.58075318,412.0,0.869198768
8501,5.3,S,86.0,122.0,234.0,0.266638435
558,4.7,S,62.0,163.9860073,410.0,0.139556093
612,4.7,S,69.0,147.0128657,330.0,0.05053923
546,4.8,S,87.0,94.33828886,362.0,0.102514817
8854,4.6,N,40.0,124.0,328.0,0.02790042
9021,4.5,R,27.0,199.0,575.0,0.007785572
695,4.7,N,41.0,62.15859305,745.0,0.305068289
148,4.6,S,75.0,83.04699279,390.0,0.008641582
389,4.5,N,55.0,70.61572036,894.0,0.009199133
439,5.3,N,34.0,40.55291221,567.0,0.213699196
329,4.5,N,45.0,40.06867034,426.0,0.069580273
591,4.5,S,81.0,112.089939,329.0,0.024933036
8680,4.8,S,70.0,198.0,299.0,0.036688802
8496,4.5,N,60.0,87.0,278.0,0.014748312
8939,4.6,S,75.0,99.0,428.0,0.361806683
9227,5.1,N,45.0,123.0,523.0,0.179003405
135,4.9,S,86.0,25.09288543,390.0,0.097768329
309,5.4,N,44.0,115.147487,558.0,0.25428044
627,5.0,S,67.0,99.96537499,328.0,0.166130605
128,4.8,S,77.0,25.56763804,671.0,0.103130014
9221,4.5,S,83.0,125.0,558.0,0.050842948
410,4.7,N,29.0,79.33936168,580.0,0.045655815
504,4.9,S,60.0,143.7064657,270.0,0.246799052
8449,4.5,N,52.0,184.0,545.0,0.023856987
311,5.2,N,42.0,71.37965799,192.0,0.404837827
326,5.3,N,45.0,169.8673401,555.0,0.075013482
477,4.8,S,53.0,35.27334091,347.0,0.205748188
9239,4.5,R,80.0,20.0,186.0,0.851908015
388,4.6,N,55.0,171.1786121,313.0,0.010432138
643,4.7,S,80.0,192.7877831,428.0,0.098254364
558,4.7,S,62.0,150.7161663,229.0,0.39050981
521,4.6,N,79.0,40.14599272,356.0,0.06003197
626,4.5,S,70.0,124.1843408,207.0,0.040602269
435,4.7,N,41.0,92.22666861,580.0,0.039404307
520,5.0,N,52.0,117.3065437,580.0,0.259219412
118,5.3,N,60.0,194.7654743,171.0,0.019908784
356,5.0,N,39.0,177.7909471,1080.0,0.034919657
517,4.6,S,86.0,47.89472874,860.0,0.295055829
520,5.0,N,52.0,187.7993711,629.0,0.054436732
236,4.6,N,55.0,95.10842298,745.0,0.013121858
347,5.0,N,34.0,61.09032496,248.0,0.182129562
109,5.2,S,85.0,60.90277034,815.0,0.025463405
508,4.8,N,50.0,68.9372008,232.0,0.077352973
68,4.5,S,83.0,101.4803273,344.0,0.187768513
743,4.7,N,47.0,146.0712157,558.0,0.027228595
391,4.7,N,57.0,94.54846227,234.0,0.614927154
627,5.0,S,67.0,142.447932,375.0,0.156963594
379,5.2,S,79.0,190.0168896,269.0,0.222806992
604,4.7,S,82.0,57.1445126,341.0,0.032504163
8902,4.8,N,64.0,121.0,430.0,0.134121009
358,5.2,N,43.0,179.172972,1323.0,0.034304743
388,4.6,N,55.0,176.8027637,345.0,0.013484223
365,4.9,N,41.0,103.7328943,1141.0,0.096417658
365,4.9,N,41.0,70.57317459,145.0,0.240856649
419,4.5,N,44.0,44.88144626,696.0,0.065684649
380,4.9,N,36.0,100.0087215,328.0,0.490178387
8691,5.1,N,49.0,108.0,307.0,0.150801556
639,4.7,N,50.0,104.2386971,272.0,0.197208171
418,5.0,N,34.0,23.53981703,948.0,0.757200397
501,4.7,S,69.0,160.3817714,914.0,0.021561682
255,4.8,S,81.0,127.1921125,555.0,0.033534066
542,4.7,N,27.0,72.04438862,1141.0,0.09106032
457,5.0,S,77.0,27.67761946,391.0,1.966897374
304,4.5,N,45.0,142.9477351,460.0,0.020672811
524,5.2,S,86.0,123.9129241,376.0,0.309656358
739,4.5,S,82.0,49.73890973,265.0,0.152522153
360,4.6,N,47.0,155.2054108,397.0,0.018864517
579,4.5,S,81.0,158.0004737,314.0,0.003532424
153,4.9,S,66.0,122.2232774,324.0,0.162169437
419,4.5,N,44.0,131.9640598,390.0,0.028288502
329,4.5,N,45.0,50.39114908,720.0,0.090549701
737,4.7,S,56.0,114.5548303,875.0,0.013030878
477,4.8,S,53.0,87.25061222,597.0,0.129655727
726,4.8,S,72.0,92.92823095,376.0,0.186105823
329,4.5,N,45.0,23.94934261,374.0,0.219494495
659,5.2,N,33.0,59.14793749,270.0,1.014343152
743,4.7,N,47.0,178.7820279,629.0,0.036731044
81,5.0,N,42.0,114.8659329,460.0,0.058250779
418,5.0,N,34.0,38.0669051,694.0,0.125942001
128,4.8,S,77.0,63.56295603,463.0,0.258029101
299,4.6,N,84.0,51.1201235,293.0,0.128592534
520,5.0,N,52.0,102.8388583,269.0,0.525794974
8852,5.4,N,40.0,93.0,771.0,0.129270578
644,4.8,S,82.0,98.92230768,771.0,0.048506128
223,4.5,S,54.0,70.95220726,199.0,0.051824941
8729,4.7,S,77.0,140.0,567.0,0.024804936
128,4.8,S,77.0,9.855395189,484.0,0.405628407
319,4.6,N,50.0,153.0722305,827.0,0.008356506
8891,4.5,N,46.0,57.0,460.0,0.048339239
601,5.0,N,30.0,186.7496586,267.0,0.117706282
347,5.0,N,34.0,10.20869072,372.0,0.739440453
412,4.8,N,35.0,118.3197208,567.0,0.067493193
9237,4.8,S,77.0,148.0,444.0,0.015789191
213,5.1,N,27.0,154.1041976,299.0,0.08147327
504,4.9,S,60.0,106.9277715,328.0,0.387189115
365,4.9,N,41.0,96.71397593,271.0,0.195436272
9221,4.5,S,83.0,152.0,688.0,0.022997792
361,4.7,N,36.0,59.19727404,286.0,0.134780993
8801,5.0,R,35.0,132.0,1007.0,0.018160725
260,4.5,N,42.0,170.4508793,253.0,0.015740337
612,4.7,S,69.0,102.9572231,328.0,0.076963874
480,4.6,S,57.0,193.6328193,460.0,0.016521164
620,4.6,N,77.0,116.8409464,732.0,0.009774742
508,4.8,N,50.0,105.9039675,1323.0,0.019218752
659,5.2,N,33.0,59.8004366,238.0,0.843660334
9140,4.9,N,39.0,105.0,583.0,0.033644627
472,4.6,R,67.0,56.49931964,271.0,0.054695877
223,4.5,S,54.0,38.61972942,214.0,0.13382577
8618,5.1,N,46.0,86.0,278.0,0.027939463
579,4.5,S,81.0,40.47291907,555.0,0.015733326
615,4.5,S,72.0,41.67019642,555.0,0.135770851
8680,4.8,S,70.0,185.0,420.0,0.107177609
406,4.6,N,32.0,81.85243864,986.0,0.051317363
652,4.6,S,78.0,54.12567347,320.0,0.08295967
546,4.8,S,87.0,77.74593392,338.0,0.056216052
9236,4.7,S,57.0,13.0,907.0,0.409975768
9154,5.0,S,81.0,131.0,484.0,0.037910957
679,5.2,S,71.0,165.0941659,583.0,0.054844657
580,4.6,S,79.0,112.6270542,519.0,0.05406736
627,5.0,S,67.0,92.10992932,561.0,0.124003203
8439,5.0,N,45.0,89.0,608.0,0.07189392
223,4.5,S,54.0,66.15054815,265.0,0.02659758
8729,4.7,S,77.0,92.0,372.0,0.05381882
9230,4.8,S,84.0,96.0,372.0,0.026166519
612,4.7,S,69.0,89.95293578,205.0,0.102098403
8725,4.6,S,77.0,150.0,570.0,0.036744003
223,4.5,S,54.0,93.41561288,587.0,0.040632733
421,4.8,N,42.0,130.9492258,390.0,0.098497369
542,4.7,N,27.0,107.6712355,836.0,0.036665699
223,4.5,S,54.0,58.82778774,280.0,0.089689848
322,4.6,N,51.0,170.5811465,330.0,0.039741522
639,4.7,N,50.0,114.7546656,519.0,0.02416379
327,4.6,N,43.0,179.6531172,238.0,0.015313625
379,5.2,S,79.0,134.9433359,324.0,0.396139103
9152,4.6,N,55.0,112.0,758.0,0.060125375
234,5.1,N,45.0,45.86735539,328.0,0.229614986
9154,5.0,S,81.0,128.0,714.0,0.061760961
543,4.8,N,41.0,117.0995147,219.0,0.075384569
617,4.9,N,53.0,186.1799304,630.0,0.020042914
9239,4.5,R,80.0,150.0,374.0,0.020059636
627,5.0,S,67.0,169.0211058,462.0,0.032386311
235,4.9,N,44.0,136.8002044,271.0,0.09685094
379,5.2,S,79.0,84.58224358,415.0,0.850920692
351,5.0,N,29.0,147.5850205,445.0,0.031316242
391,4.7,N,57.0,174.4839928,171.0,0.026437491
477,4.8,S,53.0,33.2723042,523.0,0.281027117
601,5.0,N,30.0,89.73225136,836.0,0.167669692
246,4.7,S,82.0,30.3716774,344.0,0.393288652
722,4.7,S,90.0,31.68332787,373.0,0.192630859
105,5.1,N,49.0,176.9521472,300.0,0.111774108
205,4.6,S,56.0,90.23805522,267.0,0.049631179
379,5.2,S,79.0,72.89931224,875.0,0.49324813
388,4.6,N,55.0,54.16329863,630.0,0.048876713
517,4.6,S,86.0,146.9938929,659.0,0.01654252
319,4.6,N,50.0,21.17411104,366.0,0.435885843
352,5.0,N,51.0,183.7279038,375.0,0.065393329
8686,4.7,S,78.0,60.0,368.0,0.115480451
9221,4.5,S,83.0,156.0,463.0,0.02342761
418,5.0,N,34.0,182.7649521,462.0,0.023913963
724,4.5,N,40.0,82.57344806,986.0,0.070257641
9122,4.9,S,78.0,101.0,272.0,0.532235036
726,4.8,S,72.0,125.8452903,731.0,0.057047545
639,4.7,N,50.0,98.69828524,377.0,0.06394185
647,4.6,N,35.0,77.99124784,732.0,0.05021857
583,4.5,S,84.0,129.1754398,376.0,0.011145305
126,4.5,S,67.0,87.7210939,171.0,0.015299082
137,4.6,S,74.0,181.8646896,460.0,0.018393842
627,5.0,S,67.0,172.9279286,377.0,0.198032787
351,5.0,N,29.0,181.8132021,570.0,0.02933043
9238,4.6,S,76.0,143.0,875.0,0.00778626
234,5.1,N,45.0,189.5518159,683.0,0.065700888
612,4.7,S,69.0,182.2003109,314.0,0.025246553
473,4.8,N,61.0,102.6893339,357.0,0.083135495
105,5.1,N,49.0,194.7880299,303.0,0.102496023
8725,4.6,S,77.0,142.0,484.0,0.044650442
55,4.8,S,76.0,138.9716985,192.0,0.304346065
93,4.6,S,76.0,44.10273673,316.0,0.084087921
565,4.7,S,70.0,91.11341076,683.0,0.13483002
9123,5.2,N,34.0,154.0,678.0,0.133305168
601,5.0,N,30.0,94.36030908,171.0,0.512834214
8442,5.2,N,42.0,104.0,1141.0,0.090654486
612,4.7,S,69.0,95.80796811,745.0,0.086113757
9130,4.5,N,70.0,156.0,350.0,0.027038791
8496,4.5,N,60.0,155.0,1010.0,0.00506374
213,5.1,N,27.0,126.0085471,805.0,0.071182622
97,5.1,S,72.0,134.2295523,376.0,0.045521117
172,4.6,S,72.0,51.8375053,448.0,0.087619265
473,4.8,N,61.0,128.2699116,236.0,0.08839114
644,4.8,S,82.0,79.43232914,361.0,0.054255706
521,4.6,N,79.0,103.2158826,1323.0,0.00989782
235,4.9,N,44.0,179.3849521,397.0,0.020485168
659,5.2,N,33.0,60.45262309,286.0,0.783195087
582,4.6,S,70.0,132.517355,444.0,0.028565104
358,5.2,N,43.0,98.35009969,269.0,0.639048201
9238,4.6,S,76.0,129.0,416.0,0.041618102
257,4.7,N,45.0,55.48276333,532.0,0.139852814
480,4.6,S,57.0,89.71585747,815.0,0.028127448
257,4.7,N,45.0,160.3436554,662.0,0.100776642
725,4.6,S,81.0,67.93607288,373.0,0.033337579
379,5.2,S,79.0,74.81894072,249.0,0.664064127
546,4.8,S,87.0,187.3664366,401.0,0.038679513
421,4.8,N,42.0,163.9762897,145.0,0.070956372
421,4.8,N,42.0,126.3872867,286.0,0.082971423
8442,5.2,N,42.0,108.0,875.0,0.12312697
329,4.5,N,45.0,48.06349333,444.0,0.114194829
319,4.6,N,50.0,145.6744594,875.0,0.011377068
438,5.0,N,38.0,104.3146365,747.0,0.082069433
457,5.0,S,77.0,103.0023258,543.0,0.227170998
627,5.0,S,67.0,152.5687245,580.0,0.034407373
223,4.5,S,54.0,32.8604396,190.0,0.192041515
659,5.2,N,33.0,19.12470699,229.0,7.00392758
67,4.9,S,56.0,69.04960262,391.0,0.274235836
172,4.6,S,72.0,42.25050224,688.0,0.129139698
617,4.9,N,53.0,88.45757105,358.0,0.0734204
9130,4.5,N,70.0,52.0,815.0,0.102373127
257,4.7,N,45.0,155.8884601,403.0,0.055931594
8852,5.4,N,40.0,80.0,328.0,0.584751537
397,4.7,N,48.0,104.041628,307.0,0.082873628
358,5.2,N,43.0,183.3738827,555.0,0.061724213
457,5.0,S,77.0,84.56908437,481.0,0.13505842
725,4.6,S,81.0,133.8906017,450.0,0.004491224
565,4.7,S,70.0,98.89541271,570.0,0.107511418
9227,5.1,N,45.0,158.0,390.0,0.053366221
576,4.5,S,89.0,149.2177842,193.0,0.043878651
520,5.0,N,52.0,152.2919261,694.0,0.047744178
213,5.1,N,27.0,98.46755142,363.0,0.097613112
9140,4.9,N,39.0,62.0,758.0,0.117838223
536,4.7,S,89.0,26.32075999,1141.0,0.812025485
8852,5.4,N,40.0,120.0,219.0,0.417015763
379,5.2,S,79.0,62.10585085,460.0,0.584475015
9021,4.5,R,27.0,103.0,519.0,0.045529172
358,5.2,N,43.0,114.2060512,307.0,0.327552399
610,4.5,S,85.0,50.83076181,1380.0,0.087997299
234,5.1,N,45.0,166.0027897,238.0,0.073011207
524,5.2,S,86.0,154.8488268,541.0,0.052414499
8569,5.3,N,56.0,86.0,365.0,0.110831529
739,4.5,S,82.0,119.5487352,340.0,0.061917844
9000,5.3,R,28.0,88.0,377.0,0.367360339
388,4.6,N,55.0,152.6500813,248.0,0.043231103
129,5.0,S,48.0,71.88605439,618.0,0.40858225
304,4.5,N,45.0,144.894034,131.0,0.036883146
118,5.3,N,60.0,51.46146861,285.0,0.362971423
604,4.7,S,82.0,91.2180393,358.0,0.015325111
9161,4.8,R,72.0,66.0,715.0,0.093331422
8710,5.1,R,33.0,141.0,507.0,0.05864323
388,4.6,N,55.0,71.50139216,393.0,0.072217436
329,4.5,N,45.0,98.39890093,317.0,0.070740972
9130,4.5,N,70.0,84.0,574.0,0.038073025
522,4.7,N,36.0,91.88917548,234.0,0.131300754
576,4.5,S,89.0,193.6259514,372.0,0.028416485
579,4.5,S,81.0,194.7324355,426.0,0.003006144
105,5.1,N,49.0,196.8070649,214.0,0.080191159
311,5.2,N,42.0,96.37405203,608.0,0.218477923
8464,4.5,S,87.0,57.0,466.0,0.102029007
8937,4.6,S,86.0,59.0,495.0,0.006420485
309,5.4,N,44.0,151.2921433,709.0,0.183129831
558,4.7,S,62.0,109.4341772,361.0,0.15257885
360,4.6,N,47.0,70.54809754,358.0,0.034663805
309,5.4,N,44.0,128.9312233,315.0,0.51491257
9140,4.9,N,39.0,62.0,715.0,0.149130928
617,4.9,N,53.0,36.92124783,238.0,0.296920613
9116,4.5,S,72.0,121.0,528.0,0.01975731
351,5.0,N,29.0,173.8475802,459.0,0.019853569
9235,4.5,N,35.0,95.0,208.0,0.038744409
712,4.5,N,55.0,69.54872613,415.0,0.029691334
627,5.0,S,67.0,113.802414,462.0,0.055346873
8878,4.6,N,53.0,114.0,732.0,0.006292997
615,4.5,S,72.0,127.1958683,376.0,0.057722931
543,4.8,N,41.0,104.7015797,131.0,0.088360041
354,5.0,R,38.0,196.8759421,444.0,0.026299757
9011,4.8,R,39.0,85.0,376.0,0.101366314
110,4.9,S,69.0,174.5443375,214.0,0.035293358
8864,5.3,S,76.0,46.0,417.0,0.757615263
285,4.8,S,82.0,55.86760085,608.0,0.081579442
192,4.9,S,82.0,144.1949823,317.0,0.203691928
265,4.8,S,83.0,117.3061088,193.0,0.153161995
8902,4.8,N,64.0,9.3,745.0,6.121710678
9239,4.5,R,80.0,81.0,445.0,0.075786536
8891,4.5,N,46.0,54.0,827.0,0.023691767
610,4.5,S,85.0,106.5830104,660.0,0.02405221
576,4.5,S,89.0,118.816459,362.0,0.095206636
526,4.5,S,60.0,74.8611826,445.0,0.033861817
234,5.1,N,45.0,173.0815558,271.0,0.081390314
653,4.7,S,89.0,60.81838013,365.0,0.138794335
121,4.5,S,83.0,63.84537523,914.0,0.048464625
8843,5.0,N,52.0,56.0,171.0,0.17208819
8674,5.2,N,39.0,173.0,198.0,0.199794988
717,4.7,N,55.0,93.27038375,948.0,0.018020617
410,4.7,N,29.0,58.83570582,1323.0,0.047525864
9239,4.5,R,80.0,102.0,430.0,0.019039992
504,4.9,S,60.0,139.3848711,131.0,0.382035557
671,4.7,S,88.0,184.9485667,390.0,0.015559445
114,4.8,N,34.0,23.6648795,343.0,0.098486118
501,4.7,S,69.0,50.44353583,510.0,0.0782663
309,5.4,N,44.0,147.7974697,298.0,0.203987941
667,4.5,S,85.0,77.51760247,654.0,0.018714669
480,4.6,S,57.0,162.8825843,233.0,0.067749067
9122,4.9,S,78.0,83.0,426.0,0.090934921
9152,4.6,N,55.0,47.0,280.0,0.169118986
722,4.7,S,90.0,56.99334317,529.0,0.04821483
421,4.8,N,42.0,20.57575744,948.0,1.344988958
419,4.5,N,44.0,22.13302658,323.0,0.21092746
367,4.9,N,55.0,93.33774398,745.0,0.03902866
9221,4.5,S,83.0,164.0,868.0,0.016768735
379,5.2,S,79.0,81.2649573,444.0,0.4690984
480,4.6,S,57.0,46.16931329,484.0,0.09608711
439,5.3,N,34.0,190.8691896,827.0,0.054350103
231,4.5,N,37.0,98.55614475,314.0,0.039821395
457,5.0,S,77.0,77.48010226,654.0,0.098999753
72,4.9,S,74.0,70.31476962,489.0,0.064372188
358,5.2,N,43.0,69.11037346,695.0,0.160190484
367,4.9,N,55.0,135.5595657,429.0,0.104630285
8843,5.0,N,52.0,119.0,1010.0,0.017371807
553,4.6,R,52.0,168.9036328,894.0,0.007127539
145,5.0,N,41.0,69.27388944,248.0,0.244483398
439,5.3,N,34.0,57.53146656,344.0,0.146845972
546,4.8,S,87.0,188.0860482,363.0,0.05544818
8843,5.0,N,52.0,57.0,145.0,0.364638822
543,4.8,N,41.0,119.742727,732.0,0.013897151
8843,5.0,N,52.0,74.0,340.0,0.092577459
504,4.9,S,60.0,98.6982433,304.0,0.237061798
223,4.5,S,54.0,31.68941855,215.0,0.139727767
8442,5.2,N,42.0,74.0,532.0,0.149710125
326,5.3,N,45.0,144.9434235,340.0,0.089990708
636,5.1,S,85.0,79.27589024,329.0,0.247015194
8729,4.7,S,77.0,169.0,450.0,0.027049298
172,4.6,S,72.0,19.99123956,439.0,0.182371683
153,4.9,S,66.0,115.6111242,304.0,0.235740358
380,4.9,N,36.0,64.09595792,836.0,0.090262457
509,4.5,N,52.0,30.13065641,477.0,0.038961793
361,4.7,N,36.0,115.2871648,223.0,0.034497696
8939,4.6,S,75.0,127.0,501.0,0.021905189
9235,4.5,N,35.0,111.0,338.0,0.030074877
351,5.0,N,29.0,178.690263,771.0,0.014649843
8464,4.5,S,87.0,152.0,328.0,0.038837623
8815,4.5,N,70.0,94.0,432.0,0.033854763
659,5.2,N,33.0,49.05333011,558.0,0.405311384
9000,5.3,R,28.0,7.9,523.0,5.480605259
260,4.5,N,42.0,127.2341633,488.0,0.014920733
717,4.7,N,55.0,145.2956271,732.0,0.004642678
186,4.5,S,90.0,33.19907438,403.0,0.058349402
601,5.0,N,30.0,39.82617158,300.0,0.307973773
358,5.2,N,43.0,93.92099126,328.0,0.251267526
110,4.9,S,69.0,125.8815251,701.0,0.022319761
531,4.6,N,39.0,57.24636557,1323.0,0.101111294
352,5.0,N,51.0,47.94800155,836.0,0.550735305
477,4.8,S,53.0,88.62393112,424.0,0.105782419
536,4.7,S,89.0,55.28044604,145.0,0.370450514
199,4.6,N,60.0,124.5390236,484.0,0.049194457
182,5.3,S,85.0,121.1334118,538.0,0.069884406
172,4.6,S,72.0,162.838954,721.0,0.052454743
9130,4.5,N,70.0,172.0,501.0,0.009222051
352,5.0,N,51.0,58.60482418,328.0,0.278997786
326,5.3,N,45.0,103.9142046,324.0,0.249141014
410,4.7,N,29.0,91.12775266,307.0,0.051561753
358,5.2,N,43.0,171.3173156,304.0,0.103407119
153,4.9,S,66.0,189.4753784,361.0,0.060224601
643,4.7,S,80.0,97.22510339,424.0,0.323779869
8902,4.8,N,64.0,141.0,300.0,0.053529326
162,4.8,R,37.0,81.88892057,348.0,0.081834968
726,4.8,S,72.0,56.72537007,391.0,0.300956774
410,4.7,N,29.0,30.71554515,948.0,0.185801013
8939,4.6,S,75.0,194.0,543.0,0.072336494
192,4.9,S,82.0,35.10385824,315.0,0.541953134
710,4.9,N,28.0,72.40825527,459.0,0.313611334
377,4.6,S,64.0,98.15699668,270.0,0.091259835
327,4.6,N,43.0,175.5869894,555.0,0.143677684
601,5.0,N,30.0,197.3467078,630.0,0.034658403
9227,5.1,N,45.0,131.0,501.0,0.034828979
568,4.6,S,53.0,149.9839795,403.0,0.019491377
70,5.0,N,44.0,59.84761297,695.0,0.140057958
617,4.9,N,53.0,37.82895334,229.0,0.275366902
636,5.1,S,85.0,153.8682093,314.0,0.045095115
628,5.0,S,46.0,159.6811776,955.0,0.020057279
8851,4.7,N,48.0,124.0,732.0,0.023230618
644,4.8,S,82.0,113.6335088,397.0,0.02675206
352,5.0,N,51.0,89.15504253,371.0,0.094729276
543,4.8,N,41.0,109.3788803,459.0,0.0365276
643,4.7,S,80.0,65.85248674,567.0,0.064743341
653,4.7,S,89.0,22.89902506,356.0,0.613420077
522,4.7,N,36.0,91.15097989,599.0,0.020939649
163,4.8,S,79.0,56.55387734,330.0,0.055353286
379,5.2,S,79.0,184.5462554,293.0,0.158261958
307,4.9,N,44.0,118.81707,393.0,0.053320593
247,4.8,N,44.0,115.8100365,445.0,0.007711376
263,4.5,S,32.0,97.68016531,295.0,0.018134172
329,4.5,N,45.0,62.94903425,539.0,0.037902405
9227,5.1,N,45.0,103.0,350.0,0.171739371
192,4.9,S,82.0,122.2259148,444.0,0.045802871
9224,4.7,N,59.0,87.0,485.0,0.030283732
9123,5.2,N,34.0,74.0,390.0,0.13854731
127,4.7,S,49.0,106.2605418,193.0,0.05561421
739,4.5,S,82.0,161.7368368,255.0,0.035424526
9002,5.3,N,32.0,112.0,583.0,0.241396137
9227,5.1,N,45.0,127.0,555.0,0.089888769
327,4.6,N,43.0,186.0068193,321.0,0.029624963
524,5.2,S,86.0,141.3231467,955.0,0.019560065
710,4.9,N,28.0,59.45247429,745.0,0.280110885
9221,4.5,S,83.0,141.0,579.0,0.007400952
455,4.8,N,52.0,61.20380221,607.0,0.086755432
56,5.0,S,57.0,90.95504203,321.0,0.212463847
477,4.8,S,53.0,81.46395299,439.0,0.080332582
565,4.7,S,70.0,61.05518868,514.0,0.068203759
636,5.1,S,85.0,141.7671149,469.0,0.044391259
8677,4.8,S,70.0,128.0,519.0,0.092084327
361,4.7,N,36.0,40.72340157,340.0,0.121366157
741,4.6,S,90.0,42.66538096,1380.0,0.039218843
80,5.4,S,81.0,56.08004945,663.0,0.190313765
234,5.1,N,45.0,109.8545728,229.0,0.221843883
122,4.8,N,38.0,48.64418748,390.0,0.114243478
8691,5.1,N,49.0,175.0,608.0,0.074742973
416,5.3,N,38.0,80.2405161,1080.0,0.08052991
293,5.0,R,49.0,169.9772674,215.0,0.089126346
365,4.9,N,41.0,66.95333544,695.0,0.063837738
17,5.2,S,67.0,135.0857395,459.0,0.332647696
105,5.1,N,49.0,189.8257397,300.0,0.019581747
145,5.0,N,41.0,126.6045381,307.0,0.05862783
56,5.0,S,57.0,135.5383111,662.0,0.116948123
612,4.7,S,69.0,137.042674,369.0,0.030391962
509,4.5,N,52.0,92.7544934,236.0,0.016389302
576,4.5,S,89.0,116.1366227,445.0,0.093139801
601,5.0,N,30.0,133.150006,343.0,0.117448789
9130,4.5,N,70.0,164.0,528.0,0.03396912
457,5.0,S,77.0,139.227194,280.0,0.375880564
105,5.1,N,49.0,24.34038524,343.0,1.971321729
9224,4.7,N,59.0,93.0,271.0,0.06697937
360,4.6,N,47.0,106.8939363,259.0,0.078298583
558,4.7,S,62.0,178.9722828,199.0,0.121464129
477,4.8,S,53.0,25.45303253,426.0,0.877163949
565,4.7,S,70.0,60.79768465,555.0,0.032152445
8766,5.3,S,61.0,190.0,305.0,0.168768256
319,4.6,N,50.0,179.0201594,321.0,0.021180808
329,4.5,N,45.0,115.264477,758.0,0.070387953
739,4.5,S,82.0,66.96808274,510.0,0.055629692
9230,4.8,S,84.0,146.0,521.0,0.02336513
8449,4.5,N,52.0,171.0,284.0,0.020123968
9122,4.9,S,78.0,108.0,501.0,0.032996494
8801,5.0,R,35.0,110.0,408.0,0.039101433
9236,4.7,S,57.0,5.1,329.0,2.184929284
8729,4.7,S,77.0,134.0,375.0,0.037075113
293,5.0,R,49.0,169.1957,190.0,0.136527504
199,4.6,N,60.0,129.0205266,440.0,0.157495085
286,4.5,S,86.0,88.93786885,328.0,0.092481359
604,4.7,S,82.0,177.8476505,483.0,0.011748898
604,4.7,S,82.0,86.71423494,459.0,0.02708875
558,4.7,S,62.0,125.7407799,205.0,0.24823763
659,5.2,N,33.0,13.8568949,292.0,6.760999278
311,5.2,N,42.0,180.7802117,328.0,0.090301127
9201,4.6,N,53.0,155.0,344.0,0.045222341
9161,4.8,R,72.0,134.0,439.0,0.023610795
520,5.0,N,52.0,95.17204126,248.0,0.110374859
646,4.7,S,77.0,91.66292283,660.0,0.016734723
162,4.8,R,37.0,77.08751286,273.0,0.082767548
9209,4.8,N,60.0,85.0,347.0,0.071542394
543,4.8,N,41.0,107.7202696,270.0,0.063375662
388,4.6,N,55.0,166.1272445,745.0,0.00641099
236,4.6,N,55.0,114.3081158,229.0,0.025199891
286,4.5,S,86.0,137.8061903,304.0,0.08629456
399,4.6,N,42.0,59.14949486,630.0,0.074934206
612,4.7,S,69.0,173.8848902,429.0,0.040475001
129,5.0,S,48.0,122.8309798,376.0,0.11791109
439,5.3,N,34.0,195.5032429,745.0,0.04091779
627,5.0,S,67.0,86.50691619,131.0,0.17015657
582,4.6,S,70.0,131.325173,315.0,0.081430605
352,5.0,N,51.0,102.3411559,301.0,0.086313564
247,4.8,N,44.0,54.74244969,337.0,0.068585528
9116,4.5,S,72.0,113.0,875.0,0.02162052
360,4.6,N,47.0,58.97816148,270.0,0.106621191
542,4.7,N,27.0,139.3880307,361.0,0.037787766
309,5.4,N,44.0,148.2046329,771.0,0.066984306
562,4.8,S,89.0,145.8883379,543.0,0.071347784
626,4.5,S,70.0,47.79014586,430.0,0.349359469
112,5.3,R,51.0,172.6299373,232.0,0.143136129
440,4.6,S,66.0,29.88462017,361.0,0.418999099
480,4.6,S,57.0,71.57015328,428.0,0.121180356
477,4.8,S,53.0,114.3035129,543.0,0.060945488
327,4.6,N,43.0,133.42463,430.0,0.031063587
105,5.1,N,49.0,187.0072459,181.0,0.182476419
265,4.8,S,83.0,131.1060519,885.0,0.039773822
260,4.5,N,42.0,95.58948881,277.0,0.041661513
70,5.0,N,44.0,84.1439418,340.0,0.239171542
536,4.7,S,89.0,98.67594222,229.0,0.178664481
9123,5.2,N,34.0,192.0,660.0,0.036972455
234,5.1,N,45.0,155.2293584,307.0,0.114181115
247,4.8,N,44.0,41.95441506,359.0,0.172667866
223,4.5,S,54.0,17.49971105,381.0,0.192264871
438,5.0,N,38.0,122.4644045,894.0,0.042344479
457,5.0,S,77.0,154.3394488,382.0,0.146876042
8691,5.1,N,49.0,115.0,328.0,0.238895333
118,5.3,N,60.0,182.1816976,279.0,0.138415299
688,4.7,N,53.0,60.13693435,695.0,0.081800871
368,4.9,N,55.0,50.50278431,361.0,0.021863168
501,4.7,S,69.0,146.0807831,466.0,0.027421586
234,5.1,N,45.0,62.2391286,532.0,0.253599392
636,5.1,S,85.0,96.9911993,815.0,0.031029942
8674,5.2,N,39.0,171.0,226.0,0.154642759
311,5.2,N,42.0,179.8305003,321.0,0.096623745
365,4.9,N,41.0,136.7493903,343.0,0.07378984
8721,4.9,S,66.0,187.0,731.0,0.034356821
658,5.3,N,48.0,52.32976432,363.0,0.355863664
504,4.9,S,60.0,46.89792883,444.0,0.756659542
9011,4.8,R,39.0,103.0,907.0,0.022935043
418,5.0,N,34.0,86.43332272,271.0,0.125819131
304,4.5,N,45.0,180.6064431,321.0,0.031366789
418,5.0,N,34.0,143.2307123,345.0,0.049032301
568,4.6,S,53.0,104.2239763,328.0,0.061861106
418,5.0,N,34.0,45.8102237,278.0,0.066817672
8851,4.7,N,48.0,78.0,415.0,0.097183857
610,4.5,S,85.0,132.4994892,654.0,0.017391685
130,4.8,S,79.0,5.166091916,484.0,0.340863672
286,4.5,S,86.0,129.8158827,307.0,0.029454261
234,5.1,N,45.0,87.64583803,1141.0,0.185422393
9239,4.5,R,80.0,62.0,280.0,0.078765159
438,5.0,N,38.0,195.7574402,270.0,0.062413597
623,5.2,S,67.0,38.48661348,558.0,1.086464482
182,5.3,S,85.0,70.96646362,225.0,0.118133192
627,5.0,S,67.0,147.1766642,304.0,0.196598567
626,4.5,S,70.0,62.51556678,608.0,0.057531915
8643,4.5,N,44.0,96.0,630.0,0.018427451
9235,4.5,N,35.0,169.0,660.0,0.033722014
223,4.5,S,54.0,91.46402283,338.0,0.013172964
9224,4.7,N,59.0,188.0,390.0,0.009837378
351,5.0,N,29.0,95.32539554,390.0,0.25747733
627,5.0,S,67.0,81.71206495,836.0,0.070870796
612,4.7,S,69.0,183.1541329,238.0,0.03988224
717,4.7,N,55.0,70.60751038,131.0,0.113714479
520,5.0,N,52.0,116.8851591,354.0,0.282412777
623,5.2,S,67.0,163.4388502,249.0,0.242812755
8449,4.5,N,52.0,145.0,583.0,0.036925997
9074,4.8,N,56.0,85.0,501.0,0.103062357
391,4.7,N,57.0,175.6845838,344.0,0.047300563
8886,5.0,N,46.0,160.0,678.0,0.101672263
44,5.2,N,42.0,123.0920893,269.0,0.504301392
354,5.0,R,38.0,44.36766153,320.0,1.009400115
416,5.3,N,38.0,163.9427171,771.0,0.042061714
326,5.3,N,45.0,73.33819925,483.0,0.314111869
8496,4.5,N,60.0,151.0,372.0,0.009849654
397,4.7,N,48.0,156.4938311,271.0,0.017825133
9161,4.8,R,72.0,141.0,392.0,0.074781077
725,4.6,S,81.0,60.17629976,284.0,0.027953772
380,4.9,N,36.0,64.21658184,608.0,0.056640502
8852,5.4,N,40.0,47.0,630.0,0.752066807
8600,4.8,N,53.0,52.0,732.0,0.012759813
526,4.5,S,60.0,166.4688969,440.0,0.022847094
688,4.7,N,53.0,83.73372336,694.0,0.019616396
715,4.9,N,55.0,60.55220412,771.0,0.041163949
163,4.8,S,79.0,158.3693527,223.0,0.058216628
8878,4.6,N,53.0,29.0,236.0,0.224272235
659,5.2,N,33.0,193.8573001,249.0,0.465598335
286,4.5,S,86.0,46.16245995,629.0,0.351735487
8852,5.4,N,40.0,143.0,229.0,0.17591648
536,4.7,S,89.0,57.56615033,270.0,0.390138105
389,4.5,N,55.0,14.02416532,747.0,0.092923731
134,4.6,S,67.0,34.40689481,346.0,0.173588855
617,4.9,N,53.0,128.9369483,301.0,0.05113078
627,5.0,S,67.0,46.800326,430.0,0.599891257
724,4.5,N,40.0,55.47130984,414.0,0.287481236
9241,4.5,S,69.0,85.0,519.0,0.032597921
529,4.5,S,81.0,112.8571127,836.0,0.015669735
421,4.8,N,42.0,57.3513275,234.0,0.35609404
326,5.3,N,45.0,146.0960445,460.0,0.133075489
8442,5.2,N,42.0,92.0,403.0,0.395978811
480,4.6,S,57.0,34.15391665,543.0,0.118435599
480,4.6,S,57.0,62.90485303,654.0,0.022815262
225,4.8,N,38.0,191.8328512,445.0,0.007542003
9209,4.8,N,60.0,146.0,494.0,0.021965279
389,4.5,N,55.0,99.507164,372.0,0.006022172
8441,4.8,N,52.0,54.0,207.0,0.108653505
8939,4.6,S,75.0,103.0,382.0,0.249039419
365,4.9,N,41.0,184.5113506,314.0,0.032085226
299,4.6,N,84.0,31.39367178,363.0,0.22886357
536,4.7,S,89.0,91.74330098,286.0,0.13663513
659,5.2,N,33.0,180.1606051,555.0,0.081584024
94,4.5,N,37.0,49.73427524,315.0,0.12431704
358,5.2,N,43.0,147.5426617,356.0,0.101106532
327,4.6,N,43.0,144.5127064,836.0,0.021916104
591,4.5,S,81.0,67.61371994,815.0,0.031925618
307,4.9,N,44.0,179.673883,1080.0,0.022536506
162,4.8,R,37.0,161.5300555,286.0,0.097818055
62,4.7,N,46.0,89.09915424,561.0,0.051642203
647,4.6,N,35.0,47.88675936,219.0,0.289277592
391,4.7,N,57.0,174.8425812,875.0,0.019834947
307,4.9,N,44.0,183.5563534,367.0,0.02289983
643,4.7,S,80.0,175.9195259,555.0,0.047529402
8464,4.5,S,87.0,82.0,348.0,0.086991632
360,4.6,N,47.0,117.5800917,561.0,0.037611607
639,4.7,N,50.0,174.3497434,521.0,0.011994872
255,4.8,S,81.0,182.0417958,328.0,0.037394338
579,4.5,S,81.0,159.8703066,731.0,0.004119564
347,5.0,N,34.0,148.7119425,462.0,0.046563531
9154,5.0,S,81.0,136.0,574.0,0.061363885
615,4.5,S,72.0,91.87612498,907.0,0.009115656
520,5.0,N,52.0,81.95448391,372.0,0.166789631
9154,5.0,S,81.0,163.0,637.0,0.013257066
351,5.0,N,29.0,153.1973551,448.0,0.109174302
695,4.7,N,41.0,37.09912937,1141.0,0.240298767
293,5.0,R,49.0,191.8581621,323.0,0.018596877
416,5.3,N,38.0,151.6344592,1141.0,0.078754347
558,4.7,S,62.0,84.37879048,229.0,0.199131179
70,5.0,N,44.0,94.19768384,301.0,0.095178739
480,4.6,S,57.0,24.04888232,469.0,0.294931903
329,4.5,N,45.0,88.282113,470.0,0.051870677
9116,4.5,S,72.0,105.0,376.0,0.049942345
610,4.5,S,85.0,125.1051686,579.0,0.015361992
68,4.5,S,83.0,153.4983938,1000.0,0.032854145
127,4.7,S,49.0,89.36857129,745.0,0.007421124
9011,4.8,R,39.0,183.0,305.0,0.101886724
8878,4.6,N,53.0,20.0,372.0,0.468732257
438,5.0,N,38.0,95.51216271,269.0,0.32265657
601,5.0,N,30.0,95.15523768,145.0,1.259189695
627,5.0,S,67.0,164.2383258,683.0,0.09336829
438,5.0,N,38.0,102.7931977,367.0,0.040027153
380,4.9,N,36.0,65.83645514,196.0,0.189191509
361,4.7,N,36.0,69.65647092,131.0,0.197579692
319,4.6,N,50.0,139.744312,145.0,0.042515861
8852,5.4,N,40.0,125.0,732.0,0.059189533
601,5.0,N,30.0,96.73982394,695.0,0.210727586
360,4.6,N,47.0,63.0783425,196.0,0.115513201
8682,5.2,R,61.0,80.0,373.0,0.198335589
473,4.8,N,61.0,54.28990899,337.0,0.076441637
8449,4.5,N,52.0,125.0,366.0,0.0377425
304,4.5,N,45.0,104.3734339,324.0,0.093836149
9209,4.8,N,60.0,48.0,583.0,0.115093862
68,4.5,S,83.0,117.6225082,300.0,0.063307349
9201,4.6,N,53.0,102.0,583.0,0.08296065
418,5.0,N,34.0,91.15256979,371.0,0.077761858
8852,5.4,N,40.0,149.0,278.0,0.050850642
739,4.5,S,82.0,120.9286484,393.0,0.047164719
715,4.9,N,55.0,92.46383675,328.0,0.088347311
421,4.8,N,42.0,155.4197261,358.0,0.043231223
8517,4.8,N,43.0,105.0,630.0,0.021669457
529,4.5,S,81.0,98.93260895,361.0,0.032161646
8729,4.7,S,77.0,103.0,416.0,0.055013492
725,4.6,S,81.0,77.42923413,372.0,0.015224556
710,4.9,N,28.0,71.78345236,836.0,0.154269919
55,4.8,S,76.0,164.3330356,901.0,0.093716846
388,4.6,N,55.0,179.8159558,459.0,0.006548123
627,5.0,S,67.0,133.7386097,369.0,0.044773936
54,5.0,S,63.0,40.05984083,485.0,0.241645707
691,4.7,N,55.0,74.08911339,415.0,0.04078039
421,4.8,N,42.0,157.4711817,341.0,0.028695178
678,4.5,S,82.0,144.9404794,567.0,0.00716808
327,4.6,N,43.0,106.5896016,361.0,0.049220255
9154,5.0,S,81.0,132.0,715.0,0.043805191
457,5.0,S,77.0,143.0683745,715.0,0.133028747
9239,4.5,R,80.0,181.0,539.0,0.006510286
8517,4.8,N,43.0,56.0,732.0,0.040768984
9021,4.5,R,27.0,190.0,246.0,0.070023073
604,4.7,S,82.0,189.3914461,630.0,0.005666992
8501,5.3,S,86.0,197.0,344.0,0.072258938
192,4.9,S,82.0,138.4077959,555.0,0.077946416
231,4.5,N,37.0,185.1126751,361.0,0.015179227
120,4.7,S,76.0,83.80414423,223.0,0.105633475
61,4.7,S,48.0,29.95521123,570.0,0.280273909
524,5.2,S,86.0,100.5880798,391.0,0.496922205
8510,5.0,N,44.0,135.0,986.0,0.020896695
9238,4.6,S,76.0,170.0,567.0,0.007681511
94,4.5,N,37.0,47.72911861,579.0,0.106987537
725,4.6,S,81.0,46.57585786,955.0,0.019367719
715,4.9,N,55.0,74.91132963,694.0,0.035100184
84,4.9,S,60.0,99.97299794,265.0,0.19661452
358,5.2,N,43.0,194.4055496,429.0,0.061113315
604,4.7,S,82.0,44.1362153,430.0,0.193721793
8851,4.7,N,48.0,135.0,1010.0,0.024354205
330,4.7,N,52.0,114.2893759,286.0,0.201194893
536,4.7,S,89.0,66.59192823,205.0,0.317138395
391,4.7,N,57.0,183.2907659,356.0,0.055780901
9140,4.9,N,39.0,83.0,439.0,0.081856446
419,4.5,N,44.0,53.82370953,278.0,0.033303212
457,5.0,S,77.0,143.6092605,545.0,0.165219618
592,5.1,S,80.0,191.7366504,804.0,0.014737484
601,5.0,N,30.0,91.05306804,249.0,0.287833075
8766,5.3,S,61.0,62.0,815.0,0.157783571
368,4.9,N,55.0,124.1705407,430.0,0.027260807
9239,4.5,R,80.0,181.0,424.0,0.013403054
223,4.5,S,54.0,83.52940896,301.0,0.079825491
56,5.0,S,57.0,101.0107066,402.0,0.202771096
553,4.6,R,52.0,89.99873611,219.0,0.045616501
520,5.0,N,52.0,124.0994894,371.0,0.225171319
501,4.7,S,69.0,29.82441452,348.0,0.648546587
8878,4.6,N,53.0,55.0,337.0,0.094971711
55,4.8,S,76.0,98.21424248,366.0,0.499393843
105,5.1,N,49.0,142.2249412,366.0,0.124835649
565,4.7,S,70.0,78.88970351,1862.0,0.042101145
365,4.9,N,41.0,148.2607003,1080.0,0.021957419
293,5.0,R,49.0,161.8863544,412.0,0.031151906
692,4.5,N,55.0,94.03595758,131.0,0.082369072
406,4.6,N,32.0,72.31044404,894.0,0.04357072
612,4.7,S,69.0,169.2064163,249.0,0.056672548
626,4.5,S,70.0,82.17690761,827.0,0.036911966
644,4.8,S,82.0,88.2304203,561.0,0.016997532
354,5.0,R,38.0,114.6948783,372.0,0.076504173
216,4.7,S,84.0,115.0820778,282.0,0.020723575
380,4.9,N,36.0,169.902189,630.0,0.034506423
627,5.0,S,67.0,92.87556148,745.0,0.15084028
257,4.7,N,45.0,54.17642556,361.0,0.066806548
132,4.8,R,42.0,59.67812805,311.0,0.100563872
192,4.9,S,82.0,167.2868373,662.0,0.062498149
225,4.8,N,38.0,77.40499125,278.0,0.026660913
612,4.7,S,69.0,136.692121,390.0,0.022347405
223,4.5,S,54.0,65.82215602,401.0,0.01667407
213,5.1,N,27.0,154.7280497,449.0,0.030555325
520,5.0,N,52.0,43.24770585,356.0,1.062377664
388,4.6,N,55.0,170.1786769,460.0,0.009120827
644,4.8,S,82.0,96.89956347,271.0,0.034920504
61,4.7,S,48.0,46.5184723,249.0,0.060656308
304,4.5,N,45.0,145.1362007,836.0,0.016044808
522,4.7,N,36.0,62.84124457,206.0,0.084362346
636,5.1,S,85.0,142.4867568,955.0,0.022866524
83,4.5,S,58.0,81.01570512,701.0,0.216671367
9074,4.8,N,56.0,76.0,637.0,0.042371864
8725,4.6,S,77.0,75.0,459.0,0.108519057
9123,5.2,N,34.0,168.0,366.0,0.022613794
696,5.3,N,47.0,74.06356198,836.0,0.227280717
536,4.7,S,89.0,71.71117347,630.0,0.134051681
457,5.0,S,77.0,188.8732977,907.0,0.033399811
23,5.4,S,23.0,20.63173447,356.0,2.395854738
311,5.2,N,42.0,77.8411963,193.0,0.571268472
28,5.4,N,15.0,41.57728278,611.0,0.267691102
8729,4.7,S,77.0,124.0,367.0,0.034783673
9000,5.3,R,28.0,121.0,485.0,0.089899851
536,4.7,S,89.0,89.21295316,986.0,0.048157469
617,4.9,N,53.0,101.0913421,328.0,0.164878783
8725,4.6,S,77.0,123.0,312.0,0.153687439
329,4.5,N,45.0,121.2340164,671.0,0.060657022
626,4.5,S,70.0,125.3980318,1141.0,0.039227211
536,4.7,S,89.0,128.5057421,558.0,0.075301656
309,5.4,N,44.0,21.25950971,366.0,3.922737183
8448,4.8,N,58.0,80.0,532.0,0.084716768
145,5.0,N,41.0,97.91414378,560.0,0.203998789
234,5.1,N,45.0,139.7566684,369.0,0.112582871
255,4.8,S,81.0,159.5884539,558.0,0.042720952
492,4.7,N,36.0,176.4315903,948.0,0.00315078
9140,4.9,N,39.0,100.0,460.0,0.097574293
418,5.0,N,34.0,126.4885111,328.0,0.059437496
260,4.5,N,42.0,120.9384328,396.0,0.023118461
8441,4.8,N,52.0,116.0,875.0,0.07670079
358,5.2,N,43.0,40.62413676,629.0,0.662214509
351,5.0,N,29.0,75.41019629,314.0,0.20451332
319,4.6,N,50.0,144.7066049,460.0,0.026022239
671,4.7,S,88.0,61.34228353,450.0,0.087603586
626,4.5,S,70.0,99.70818051,223.0,0.073069855
80,5.4,S,81.0,11.61886025,907.0,2.083905918
400,4.6,N,42.0,77.63403358,986.0,0.009734564
540,4.8,N,46.0,160.8111125,234.0,0.248251532
172,4.6,S,72.0,40.21780984,338.0,0.347813873
223,4.5,S,54.0,40.48431047,1000.0,0.024371438
439,5.3,N,34.0,93.8477353,732.0,0.114009283
78,4.9,N,44.0,30.3535695,304.0,0.895163087
293,5.0,R,49.0,179.7408254,344.0,0.072572279
643,4.7,S,80.0,103.1597121,539.0,0.114448562
311,5.2,N,42.0,103.3877507,324.0,0.164833834
9002,5.3,N,32.0,106.0,501.0,0.1452217
9000,5.3,R,28.0,140.0,494.0,0.025338618
365,4.9,N,41.0,134.7327148,894.0,0.022624897
8439,5.0,N,45.0,101.0,313.0,0.129500082
162,4.8,R,37.0,166.0006845,188.0,0.059107243
329,4.5,N,45.0,48.7960861,374.0,0.044909182
601,5.0,N,30.0,176.625158,301.0,0.139397585
153,4.9,S,66.0,194.1308426,500.0,0.079756849
562,4.8,S,89.0,182.5608894,186.0,0.103810186
9152,4.6,N,55.0,40.0,545.0,0.072809381
628,5.0,S,46.0,196.6787426,305.0,0.092587168
646,4.7,S,77.0,41.32156187,907.0,0.019981672
352,5.0,N,51.0,43.59261718,875.0,0.36263027
520,5.0,N,52.0,64.03672738,359.0,0.165063534
610,4.5,S,85.0,190.5826881,315.0,0.05107498
110,4.9,S,69.0,161.2831441,181.0,0.060371277
192,4.9,S,82.0,95.89472784,304.0,0.187467277
225,4.8,N,38.0,93.58816666,301.0,0.085272527
78,4.9,N,44.0,86.84247249,267.0,0.44243388
695,4.7,N,41.0,37.47758426,369.0,0.291709919
416,5.3,N,38.0,53.28517639,630.0,0.640043119
604,4.7,S,82.0,60.56885716,340.0,0.029980102
724,4.5,N,40.0,59.21076271,745.0,0.101724736
469,4.7,S,63.0,170.070058,295.0,0.015908014
9122,4.9,S,78.0,128.0,439.0,0.100418815
504,4.9,S,60.0,146.0681019,468.0,0.092258958
521,4.6,N,79.0,75.39650783,345.0,0.025997654
9221,4.5,S,83.0,90.0,428.0,0.070519859
542,4.7,N,27.0,83.08185459,328.0,0.166118443
627,5.0,S,67.0,133.9398039,390.0,0.036869025
8680,4.8,S,70.0,52.0,229.0,0.416335552
103,4.8,N,42.0,132.021929,232.0,0.170554753
326,5.3,N,45.0,140.868707,171.0,0.086429357
628,5.0,S,46.0,143.8675773,731.0,0.083005897
623,5.2,S,67.0,108.8819526,415.0,0.347290263
368,4.9,N,55.0,79.19333517,836.0,0.028686584
391,4.7,N,57.0,164.1127613,745.0,0.010389188
236,4.6,N,55.0,87.90603449,171.0,0.031710281
508,4.8,N,50.0,162.7266071,314.0,0.014245594
8627,4.8,N,44.0,94.0,432.0,0.030911421
356,5.0,N,39.0,185.4446852,580.0,0.056175626
659,5.2,N,33.0,137.8561409,304.0,0.701884554
457,5.0,S,77.0,146.773772,574.0,0.130745558
285,4.8,S,82.0,132.2231787,390.0,0.042994225
358,5.2,N,43.0,76.37290326,328.0,0.346463059
9161,4.8,R,72.0,65.0,501.0,0.130375223
658,5.3,N,48.0,59.56588497,293.0,0.234450598
8464,4.5,S,87.0,143.0,338.0,0.038775691
354,5.0,R,38.0,122.2866467,316.0,0.05424647
725,4.6,S,81.0,70.27429832,356.0,0.031553344
236,4.6,N,55.0,165.6694437,214.0,0.017816216
231,4.5,N,37.0,94.26032505,459.0,0.061073626
9221,4.5,S,83.0,92.0,445.0,0.038261878
213,5.1,N,27.0,159.7381605,560.0,0.01349539
377,4.6,S,64.0,176.6717393,629.0,0.023850212
205,4.6,S,56.0,64.7148839,629.0,0.023756171
592,5.1,S,80.0,177.9220767,463.0,0.028823983
636,5.1,S,85.0,65.52100079,481.0,0.089817381
647,4.6,N,35.0,51.90588175,696.0,0.057271929
103,4.8,N,42.0,140.3651686,370.0,0.184254069
8618,5.1,N,46.0,59.0,732.0,0.037153407
8861,4.8,S,79.0,114.0,372.0,0.061862589
327,4.6,N,43.0,135.8243531,315.0,0.092900151
509,4.5,N,52.0,109.9423539,462.0,0.009286672
522,4.7,N,36.0,149.0422643,694.0,0.006818003
8902,4.8,N,64.0,38.0,414.0,0.563891409
582,4.6,S,70.0,32.93669444,481.0,0.166728559
9238,4.6,S,76.0,154.0,660.0,0.011965788
319,4.6,N,50.0,104.6109456,361.0,0.032850333
726,4.8,S,72.0,163.3845524,317.0,0.131849383
379,5.2,S,79.0,181.8802295,358.0,0.067053669
8886,5.0,N,46.0,138.0,721.0,0.073644992
117,4.7,S,83.0,126.6575022,367.0,0.108907426
501,4.7,S,69.0,172.8739613,906.0,0.006911478
8448,4.8,N,58.0,191.0,629.0,0.019301118
558,4.7,S,62.0,146.2566579,214.0,0.227620778
724,4.5,N,40.0,140.2098919,1323.0,0.017557769
615,4.5,S,72.0,88.4546457,660.0,0.019489544
8710,5.1,R,33.0,126.0,1822.0,0.058109945
352,5.0,N,51.0,52.71382751,131.0,1.024514317
110,4.9,S,69.0,116.9909327,500.0,0.107958685
668,4.6,S,83.0,118.563485,315.0,0.032817372
134,4.6,S,67.0,139.6542222,815.0,0.097516226
617,4.9,N,53.0,84.32339455,459.0,0.120844036
628,5.0,S,46.0,178.3128481,346.0,0.0771475
659,5.2,N,33.0,76.7546317,336.0,2.325356617
440,4.6,S,66.0,23.24094176,460.0,0.489193178
360,4.6,N,47.0,74.32922636,361.0,0.030738398
9130,4.5,N,70.0,152.0,426.0,0.026429228
397,4.7,N,48.0,27.08511552,732.0,0.209816264
8939,4.6,S,75.0,133.0,280.0,0.152787969
311,5.2,N,42.0,154.3946452,709.0,0.133636996
246,4.7,S,82.0,27.89425234,329.0,0.714401561
529,4.5,S,81.0,117.3473649,131.0,0.053392361
419,4.5,N,44.0,57.3493579,466.0,0.06893813
659,5.2,N,33.0,162.7476922,805.0,0.078832638
186,4.5,S,90.0,29.49224186,483.0,0.020061962
526,4.5,S,60.0,83.76582152,340.0,0.065952332
724,4.5,N,40.0,123.3968357,273.0,0.15757998
644,4.8,S,82.0,129.4136341,1141.0,0.024249773
568,4.6,S,53.0,173.3951641,214.0,0.03203123
347,5.0,N,34.0,151.2740888,369.0,0.085425853
361,4.7,N,36.0,99.76247612,371.0,0.084482188
9227,5.1,N,45.0,153.0,347.0,0.048612641
8766,5.3,S,61.0,89.0,376.0,0.110534803
184,4.6,S,90.0,146.3235984,322.0,0.014417233
46,5.3,N,45.0,192.7046947,270.0,0.160494999
9239,4.5,R,80.0,132.0,1072.0,0.018339097
246,4.7,S,82.0,65.35231213,539.0,0.06170305
536,4.7,S,89.0,34.36188278,415.0,0.601661276
8680,4.8,S,70.0,81.0,190.0,0.319300523
235,4.9,N,44.0,148.9873689,403.0,0.078200192
659,5.2,N,33.0,165.7606281,403.0,0.073510512
326,5.3,N,45.0,182.0136998,328.0,0.055538198
84,4.9,S,60.0,162.672672,587.0,0.189865263
410,4.7,N,29.0,81.45557168,1080.0,0.040181851
368,4.9,N,55.0,92.7605964,415.0,0.044949017
562,4.8,S,89.0,90.18707104,815.0,0.100502491
9239,4.5,R,80.0,127.0,384.0,0.006981691
526,4.5,S,60.0,153.8376199,637.0,0.005880497
659,5.2,N,33.0,62.49842464,836.0,0.272392424
186,4.5,S,90.0,91.32535358,683.0,0.006400615
644,4.8,S,82.0,136.7673322,343.0,0.024219255
418,5.0,N,34.0,106.7407978,269.0,0.156349646
8682,5.2,R,61.0,55.0,495.0,0.248995773
83,4.5,S,58.0,63.90474351,348.0,0.061388945
162,4.8,R,37.0,161.9302508,289.0,0.052303201
120,4.7,S,76.0,27.2735416,397.0,0.125986892
235,4.9,N,44.0,86.94464343,1141.0,0.276072519
717,4.7,N,55.0,54.49254005,894.0,0.040938663
536,4.7,S,89.0,56.29657754,196.0,0.313316669
329,4.5,N,45.0,135.8448657,731.0,0.036129261
361,4.7,N,36.0,151.5744697,356.0,0.039648646
440,4.6,S,66.0,35.59905996,196.0,0.251904116
8449,4.5,N,52.0,127.0,246.0,0.153910237
592,5.1,S,80.0,113.9262045,875.0,0.085405507
8843,5.0,N,52.0,86.0,328.0,0.452800264
8878,4.6,N,53.0,112.0,986.0,0.013517114
627,5.0,S,67.0,186.1310379,301.0,0.177107557
98,5.1,S,51.0,42.04598265,336.0,0.310231675
639,4.7,N,50.0,163.4478222,430.0,0.037079337
352,5.0,N,51.0,64.36120005,361.0,0.293688117
643,4.7,S,80.0,126.8950528,688.0,0.142583175
8597,4.8,N,40.0,67.0,732.0,0.031588124
615,4.5,S,72.0,70.64110446,489.0,0.026259867
231,4.5,N,37.0,96.01094435,293.0,0.142725889
480,4.6,S,57.0,121.5298621,305.0,0.086786129
110,4.9,S,69.0,139.0449296,906.0,0.021228377
517,4.6,S,86.0,118.2253778,416.0,0.049843112
8886,5.0,N,46.0,39.0,523.0,0.189029212
8902,4.8,N,64.0,128.0,948.0,0.03322184
725,4.6,S,81.0,78.87555012,907.0,0.013699803
524,5.2,S,86.0,162.0573472,445.0,0.047338414
361,4.7,N,36.0,60.70700371,238.0,0.069277611
526,4.5,S,60.0,81.44697327,660.0,0.039676535
536,4.7,S,89.0,65.80267826,271.0,0.135324761
480,4.6,S,57.0,194.5481708,470.0,0.033765343
8766,5.3,S,61.0,166.0,280.0,0.118348845
8852,5.4,N,40.0,95.0,468.0,0.186925679
743,4.7,N,47.0,174.8969425,390.0,0.015152225
9227,5.1,N,45.0,47.0,344.0,0.867797178
8854,4.6,N,40.0,94.0,745.0,0.052197674
9152,4.6,N,55.0,114.0,499.0,0.026413137
9122,4.9,S,78.0,164.0,637.0,0.020980575
380,4.9,N,36.0,121.0287831,369.0,0.131684968
688,4.7,N,53.0,30.98356075,369.0,0.132183791
9201,4.6,N,53.0,160.0,384.0,0.026071516
9002,5.3,N,32.0,28.0,280.0,0.666270502
9237,4.8,S,77.0,122.0,315.0,0.016007314
246,4.7,S,82.0,193.8952364,715.0,0.008807444
330,4.7,N,52.0,171.6183761,300.0,0.052797182
647,4.6,N,35.0,162.0277139,299.0,0.029410505
524,5.2,S,86.0,73.21796534,489.0,0.077216923
8449,4.5,N,52.0,157.0,248.0,0.069883267
639,4.7,N,50.0,163.6247128,555.0,0.017960309
610,4.5,S,85.0,56.40783125,329.0,0.122497994
617,4.9,N,53.0,88.45642832,145.0,0.406726204
126,4.5,S,67.0,91.61230296,771.0,0.007651884
98,5.1,S,51.0,135.7414161,328.0,0.052389174
360,4.6,N,47.0,111.4741355,307.0,0.054295067
9152,4.6,N,55.0,194.0,612.0,0.008542263
529,4.5,S,81.0,24.39778293,238.0,0.140563404
319,4.6,N,50.0,73.31265622,483.0,0.074590594
121,4.5,S,83.0,40.60173911,826.0,0.018821234
9154,5.0,S,81.0,149.0,390.0,0.044384883
421,4.8,N,42.0,49.89001368,393.0,0.103425033
192,4.9,S,82.0,144.5959298,322.0,0.055030478
520,5.0,N,52.0,183.5890427,336.0,0.080953274
360,4.6,N,47.0,179.115626,330.0,0.034349033
710,4.9,N,28.0,70.13318191,827.0,0.104119818
9239,4.5,R,80.0,30.0,246.0,0.234338514
8939,4.6,S,75.0,137.0,545.0,0.068409551
480,4.6,S,57.0,63.94566814,315.0,0.166548607
361,4.7,N,36.0,175.8362013,412.0,0.035019328
9230,4.8,S,84.0,125.0,375.0,0.032879863
234,5.1,N,45.0,143.4566237,238.0,0.368422477
153,4.9,S,66.0,166.102085,330.0,0.192174228
98,5.1,S,51.0,107.0378634,252.0,0.163990079
9152,4.6,N,55.0,71.0,426.0,0.081683262
260,4.5,N,42.0,102.9509833,441.0,0.024794493
9002,5.3,N,32.0,112.0,208.0,0.1651063
285,4.8,S,82.0,105.1779187,561.0,0.064972703
56,5.0,S,57.0,139.536428,328.0,0.168739996
235,4.9,N,44.0,144.8458237,238.0,0.158017462
8510,5.0,N,44.0,147.0,236.0,0.054199209
8618,5.1,N,46.0,102.0,219.0,0.100040046
659,5.2,N,33.0,134.7835959,324.0,0.279162018
678,4.5,S,82.0,165.7696232,574.0,0.011362175
579,4.5,S,81.0,134.4776653,416.0,0.008932103
399,4.6,N,42.0,171.3700953,827.0,0.012978396
69,5.3,S,85.0,121.4709633,409.0,0.708098642
129,5.0,S,48.0,28.34663364,758.0,0.373721462
9201,4.6,N,53.0,130.0,338.0,0.045181676
231,4.5,N,37.0,111.1911091,292.0,0.079926138
83,4.5,S,58.0,90.63527329,344.0,0.202302707
8609,4.9,N,36.0,152.0,986.0,0.007218935
8834,4.6,S,88.0,69.0,285.0,0.033728446
536,4.7,S,89.0,127.007852,608.0,0.065770895
257,4.7,N,45.0,90.8703837,827.0,0.08141646
9209,4.8,N,60.0,72.0,440.0,0.092540591
329,4.5,N,45.0,67.417175,460.0,0.052480842
529,4.5,S,81.0,80.56681067,223.0,0.023981338
9,5.2,N,46.0,5.386202215,198.0,8.899946203
8809,4.9,N,43.0,158.0,732.0,0.006652514
162,4.8,R,37.0,173.1342903,514.0,0.024852325
617,4.9,N,53.0,114.3221634,462.0,0.034281885
247,4.8,N,44.0,65.60123474,294.0,0.018065735
659,5.2,N,33.0,184.3728038,683.0,0.059308768
129,5.0,S,48.0,105.8424038,539.0,0.235994303
8939,4.6,S,75.0,80.0,523.0,0.356064576
8902,4.8,N,64.0,130.0,444.0,0.155234735
604,4.7,S,82.0,88.34550115,286.0,0.09308339
9221,4.5,S,83.0,14.0,246.0,1.386421278
351,5.0,N,29.0,149.703426,558.0,0.089647433
389,4.5,N,55.0,44.48123022,323.0,0.038987951
70,5.0,N,44.0,67.70488464,270.0,0.508550775
19,5.8,S,59.0,94.92323556,595.0,0.801734381
73,5.9,N,46.0,133.594292,348.0,0.897563854
651,5.9,S,82.0,67.83625125,495.0,1.000041439
313,5.5,N,47.0,101.2394024,328.0,0.278369956
366,6.3,N,42.0,177.69,630.0,1.165395638
551,5.7,S,60.0,162.8787888,300.0,0.228133845
49,5.6,S,78.0,65.41387509,375.0,0.999528537
52,5.8,S,71.0,138.8868183,269.0,0.786801675
605,5.5,N,43.0,192.7980097,248.0,0.091492834
551,5.7,S,60.0,140.0873489,826.0,0.661036727
47,5.6,S,79.0,64.73161852,350.0,0.459516314
73,5.9,N,46.0,172.6445259,270.0,0.84466939
73,5.9,N,46.0,104.544931,273.0,1.629559565
50,5.5,S,70.0,194.36998,232.0,0.239423443
19,5.8,S,59.0,10.78484744,305.0,45.09139039
538,5.9,N,34.0,137.4607277,920.0,0.708182367
111,6.1,S,78.0,138.09,560.0,1.560303257
313,5.5,N,47.0,33.42379278,403.0,0.482738012
567,5.6,S,59.0,173.0468986,214.0,0.47690599
567,5.6,S,59.0,95.24216654,259.0,0.825566761
507,5.7,N,35.0,120.533672,445.0,0.138390206
651,5.9,S,82.0,117.4940515,372.0,0.537107366
733,5.6,S,34.0,183.357094,450.0,0.317867339
551,5.7,S,60.0,86.7728874,196.0,1.451499993
5,5.8,S,71.0,116.5184818,407.0,1.009947911
507,5.7,N,35.0,81.48455335,372.0,0.343865368
8915,6.1,S,77.0,76.0,303.0,1.769742842
567,5.6,S,59.0,104.5221226,328.0,0.731899737
733,5.6,S,34.0,107.5868761,519.0,0.510627236
52,5.8,S,71.0,188.6720717,232.0,0.633349759
551,5.7,S,60.0,43.0374414,313.0,0.707168596
8915,6.1,S,77.0,85.0,826.0,0.639455497
136,5.8,S,80.0,170.5940757,205.0,0.762014847
507,5.7,N,35.0,81.60703715,345.0,1.171189934
366,6.3,N,42.0,182.56,371.0,0.547280165
567,5.6,S,59.0,187.1747869,229.0,0.50750368
654,5.5,S,81.0,196.5195249,804.0,0.042068634
8915,6.1,S,77.0,82.0,769.0,0.357256112
8915,6.1,S,77.0,77.0,338.0,1.992774904
73,5.9,N,46.0,106.8303408,292.0,2.877251598
331,5.6,S,63.0,173.9322395,489.0,0.141997596
507,5.7,N,35.0,137.4862003,299.0,0.192563805
331,5.6,S,63.0,136.2184496,574.0,0.193747337
313,5.5,N,47.0,179.5705142,321.0,0.087411774
24,6.0,N,46.0,17.84,348.0,7.046937042
331,5.6,S,63.0,130.2125934,484.0,0.154206312
651,5.9,S,82.0,179.6623266,860.0,0.14712603
9242,6.3,N,53.0,187.0,541.0,0.941138722
85,5.6,S,84.0,70.43038121,413.0,0.725491492
651,5.9,S,82.0,167.5761403,480.0,0.174562769
567,5.6,S,59.0,64.55536275,273.0,0.882037279
73,5.9,N,46.0,178.8513963,695.0,0.272421884
651,5.9,S,82.0,69.19733968,195.0,1.05391234
507,5.7,N,35.0,152.4914597,183.0,0.335799972
551,5.7,S,60.0,91.87680413,301.0,1.161888403
567,5.6,S,59.0,96.35886721,313.0,0.853293362
111,6.1,S,78.0,141.37,747.0,0.403244746
654,5.5,S,81.0,107.2368685,519.0,0.147450626
551,5.7,S,60.0,136.7709462,214.0,0.36605825
8915,6.1,S,77.0,114.0,300.0,0.827211247
567,5.6,S,59.0,174.5509663,462.0,0.233867015
9242,6.3,N,53.0,154.0,494.0,0.381867103
366,6.3,N,42.0,83.11,875.0,0.930107977
366,6.3,N,42.0,83.4,468.0,0.803259309
51,5.8,S,79.0,190.0156097,232.0,0.44746066
551,5.7,S,60.0,93.23202569,199.0,1.681628905
366,6.3,N,42.0,79.23,836.0,1.061401195
331,5.6,S,63.0,128.8428421,280.0,0.256683117
136,5.8,S,80.0,168.5201061,225.0,2.430810464
567,5.6,S,59.0,139.7487364,390.0,0.265034406
567,5.6,S,59.0,37.76162067,558.0,0.876874901
665,5.6,S,76.0,132.8004462,907.0,0.191346115
9242,6.3,N,53.0,86.0,618.0,3.149941761
313,5.5,N,47.0,168.5169476,341.0,0.069070194
331,5.6,S,63.0,145.0030597,186.0,0.164586615
366,6.3,N,42.0,140.56,403.0,1.160498511
538,5.9,N,34.0,84.41812502,445.0,0.923315817
567,5.6,S,59.0,140.6948072,330.0,0.430063104
111,6.1,S,78.0,152.41,232.0,1.178443907
48,5.8,S,74.0,78.37034937,315.0,0.293519386
111,6.1,S,78.0,155.86,301.0,1.492122813
366,6.3,N,42.0,79.33,1141.0,2.050051588
366,6.3,N,42.0,51.38,193.0,5.410516018
1,6.1,S,70.0,36.97,397.0,3.895401969
366,6.3,N,42.0,80.93,196.0,2.300724167
567,5.6,S,59.0,175.7017048,238.0,0.172603345
538,5.9,N,34.0,88.37905545,285.0,0.834462937
366,6.3,N,42.0,93.19,403.0,3.71679587
538,5.9,N,34.0,56.92711879,359.0,4.089901299
8915,6.1,S,77.0,118.0,587.0,0.819532724
52,5.8,S,71.0,115.4648502,371.0,0.611098117
43,5.5,N,40.0,152.9095098,232.0,0.414004707
567,5.6,S,59.0,131.3833897,271.0,0.509512784
551,5.7,S,60.0,113.8645024,906.0,0.740287812
15,6.2,S,81.0,25.79,461.0,0.010311555
8915,6.1,S,77.0,165.0,429.0,1.37570923
567,5.6,S,59.0,91.09948675,271.0,0.59533935
366,6.3,N,42.0,75.2,171.0,2.135982599
9242,6.3,N,53.0,170.0,484.0,1.385639234
331,5.6,S,63.0,128.7986667,317.0,0.334352979
8915,6.1,S,77.0,180.0,277.0,0.858652251
551,5.7,S,60.0,61.97086756,452.0,1.022448622
313,5.5,N,47.0,109.6628102,558.0,0.106641093
8915,6.1,S,77.0,136.0,199.0,1.481655224
507,5.7,N,35.0,152.6570417,694.0,0.138643116
538,5.9,N,34.0,138.2684476,248.0,0.575171159
85,5.6,S,84.0,146.4156676,489.0,0.308994998
331,5.6,S,63.0,192.8937798,485.0,0.202142968
313,5.5,N,47.0,95.24164122,207.0,0.440684678
313,5.5,N,47.0,141.4139201,397.0,0.05498142
507,5.7,N,35.0,110.5326828,462.0,0.608452468
33,6.3,S,67.0,4.11,529.0,28.53363898
73,5.9,N,46.0,186.2630758,253.0,1.296438216
9242,6.3,N,53.0,50.0,539.0,2.987774639
73,5.9,N,46.0,142.1902554,805.0,0.636191207
567,5.6,S,59.0,89.67450182,145.0,1.387569761
136,5.8,S,80.0,192.7951327,875.0,0.266423937
8915,6.1,S,77.0,167.0,459.0,0.822003933
507,5.7,N,35.0,90.4780223,248.0,0.53125005
538,5.9,N,34.0,187.8409117,307.0,0.093712721
313,5.5,N,47.0,141.2989706,771.0,0.074384067
507,5.7,N,35.0,192.0341179,369.0,0.284073577
8915,6.1,S,77.0,119.0,393.0,0.968466778
9242,6.3,N,53.0,36.0,460.0,22.22874436
551,5.7,S,60.0,96.46568564,382.0,1.034705803
654,5.5,S,81.0,81.03135799,303.0,0.484574148
551,5.7,S,60.0,89.5786924,683.0,0.244593008
8915,6.1,S,77.0,2.5,282.0,33.17746876
651,5.9,S,82.0,51.80899875,529.0,1.148922066
331,5.6,S,63.0,172.3419248,246.0,0.264808216
733,5.6,S,34.0,104.3818497,815.0,0.079194318
73,5.9,N,46.0,85.85532533,412.0,1.436267452
313,5.5,N,47.0,138.5289177,683.0,0.134462694
654,5.5,S,81.0,142.6110602,280.0,0.21572146
507,5.7,N,35.0,44.72564749,462.0,1.700474966
73,5.9,N,46.0,150.3716478,1602.0,0.490553023
331,5.6,S,63.0,123.1776801,346.0,0.227805085
49,5.6,S,78.0,71.39500865,315.0,0.396164156
538,5.9,N,34.0,151.8949088,986.0,0.050390984
73,5.9,N,46.0,180.8641906,468.0,0.258970841
366,6.3,N,42.0,90.96,340.0,1.919016904
733,5.6,S,34.0,114.3569572,444.0,0.21765102
85,5.6,S,84.0,63.52265683,314.0,0.932451802
567,5.6,S,59.0,88.40553533,205.0,0.99317586
111,6.1,S,78.0,110.37,299.0,5.060145972
8915,6.1,S,77.0,142.0,358.0,0.761136605
331,5.6,S,63.0,163.2626388,523.0,0.21841083
567,5.6,S,59.0,93.26108457,358.0,0.433389743
538,5.9,N,34.0,142.4311772,286.0,0.297621784
9242,6.3,N,53.0,77.0,439.0,1.749001034
567,5.6,S,59.0,32.30151531,238.0,1.243967637
654,5.5,S,81.0,71.96533372,375.0,0.619130525
49,5.6,S,78.0,36.79463445,485.0,0.77024985
73,5.9,N,46.0,133.382558,314.0,0.943605139
567,5.6,S,59.0,55.49839147,608.0,0.365340066
551,5.7,S,60.0,130.0328742,324.0,0.445693838
538,5.9,N,34.0,174.5922366,299.0,0.424679443
136,5.8,S,80.0,185.2555466,145.0,1.060811044
733,5.6,S,34.0,65.6538871,329.0,0.579501122
8915,6.1,S,77.0,147.0,570.0,0.373829328
605,5.5,N,43.0,160.4171746,278.0,0.032280395
73,5.9,N,46.0,142.3763687,348.0,1.801812232
313,5.5,N,47.0,165.6522081,300.0,0.071571495
313,5.5,N,47.0,137.372703,131.0,0.216087926
49,5.6,S,78.0,73.17231176,350.0,0.178587893
366,6.3,N,42.0,156.12,662.0,1.36726753
73,5.9,N,46.0,34.21953392,336.0,17.68448691
605,5.5,N,43.0,195.3610011,1113.0,0.034042314
654,5.5,S,81.0,75.46100582,435.0,0.558160379
73,5.9,N,46.0,189.0399774,313.0,0.379354812
507,5.7,N,35.0,118.1752237,580.0,0.725727185
65,6.1,S,80.0,72.1,407.0,0.841838834
73,5.9,N,46.0,112.8682424,265.0,2.896403528
50,5.5,S,70.0,78.21112305,340.0,0.762443317
47,5.6,S,79.0,61.88692734,375.0,1.069000184
651,5.9,S,82.0,143.4587269,416.0,0.534162983
9242,6.3,N,53.0,182.0,440.0,1.390337387
366,6.3,N,42.0,187.9,354.0,0.822652243
111,6.1,S,78.0,111.92,367.0,0.999766806
507,5.7,N,35.0,137.0147254,285.0,0.112026797
52,5.8,S,71.0,188.9272339,662.0,0.335732293
654,5.5,S,81.0,86.36043494,907.0,0.200501623
507,5.7,N,35.0,71.82599795,294.0,0.255902419
551,5.7,S,60.0,129.1288058,709.0,0.120087392
551,5.7,S,60.0,21.91626288,224.0,2.641122095
665,5.6,S,76.0,61.65832181,860.0,0.329023024
651,5.9,S,82.0,72.51651444,375.0,0.974121071
366,6.3,N,42.0,84.61,249.0,2.581034136
8915,6.1,S,77.0,191.0,299.0,0.501668951
654,5.5,S,81.0,88.88329227,284.0,0.217058462
538,5.9,N,34.0,25.4728828,805.0,1.179217391
15,6.2,S,81.0,16.87,253.0,0.017280126
73,5.9,N,46.0,184.4262106,701.0,0.224854838
567,5.6,S,59.0,164.2347177,459.0,0.17677991
36,5.7,S,71.0,172.2628455,662.0,0.199781408
567,5.6,S,59.0,108.8708211,460.0,0.426667161
33,6.3,S,67.0,74.63,350.0,0.92277493
15,6.2,S,81.0,0.37,267.0,0.033164417
73,5.9,N,46.0,188.7365648,300.0,0.200955115
50,5.5,S,70.0,56.86670732,270.0,1.174247853
331,5.6,S,63.0,138.3249325,390.0,0.158038733
507,5.7,N,35.0,57.8929085,359.0,1.268231859
73,5.9,N,46.0,183.7368994,145.0,1.379818621
9242,6.3,N,53.0,125.0,555.0,1.916796144
567,5.6,S,59.0,66.57363756,336.0,1.034987949
8915,6.1,S,77.0,78.0,282.0,1.197479235
19,5.8,S,59.0,12.19843397,826.0,10.03331719
605,5.5,N,43.0,161.8796275,732.0,0.028196158
111,6.1,S,78.0,174.9,271.0,0.703457027
366,6.3,N,42.0,89.49,444.0,2.269429811
733,5.6,S,34.0,95.55305537,660.0,0.127643876
136,5.8,S,80.0,183.5007255,397.0,0.449230207
665,5.6,S,76.0,72.01929272,654.0,0.075226752
551,5.7,S,60.0,30.29922698,247.0,3.612293252
9242,6.3,N,53.0,92.0,445.0,1.675693731
538,5.9,N,34.0,75.98795777,462.0,0.790934509
366,6.3,N,42.0,38.79,328.0,2.411948929
43,5.5,N,40.0,115.4166112,354.0,0.269682787
9242,6.3,N,53.0,16.0,283.0,64.22068769
551,5.7,S,60.0,136.0605275,286.0,0.206565193
538,5.9,N,34.0,163.806931,363.0,0.477516587
665,5.6,S,76.0,184.8796851,567.0,0.148496547
665,5.6,S,76.0,182.4632381,372.0,0.144233308
507,5.7,N,35.0,52.69341309,206.0,0.879624979
136,5.8,S,80.0,125.1124385,286.0,2.275868796
8915,6.1,S,77.0,152.0,407.0,0.542935285
136,5.8,S,80.0,195.5505177,270.0,0.365926782
313,5.5,N,47.0,139.7160898,196.0,0.013775658
654,5.5,S,81.0,124.7409308,398.0,0.318116886
733,5.6,S,34.0,174.8221886,804.0,0.061504763
15,6.2,S,81.0,0.64,210.0,0.022959752
73,5.9,N,46.0,180.0107757,459.0,0.262468423
366,6.3,N,42.0,88.02,695.0,0.975688418
654,5.5,S,81.0,91.8450798,315.0,0.546434809
21,5.6,S,50.0,110.1902878,459.0,0.398457452
313,5.5,N,47.0,110.4805568,286.0,0.489665602
313,5.5,N,47.0,66.47403851,444.0,0.302762755
654,5.5,S,81.0,129.3479258,367.0,0.359188358
507,5.7,N,35.0,90.0256698,236.0,0.474018147
665,5.6,S,76.0,188.4460576,390.0,0.047368734
331,5.6,S,63.0,158.4967611,519.0,0.426553211
15,6.2,S,81.0,16.59,483.0,0.017867689
654,5.5,S,81.0,69.05907031,195.0,0.82257487
538,5.9,N,34.0,69.92122545,390.0,0.326593354
9242,6.3,N,53.0,137.0,362.0,0.825987614
551,5.7,S,60.0,93.38315217,377.0,0.864355474
551,5.7,S,60.0,180.8395135,593.0,0.363004828
538,5.9,N,34.0,57.22845482,367.0,1.738111952
551,5.7,S,60.0,166.3135327,901.0,0.335130848
73,5.9,N,46.0,59.23986489,561.0,1.084383593
538,5.9,N,34.0,140.2389877,273.0,0.311629619
8915,6.1,S,77.0,166.0,323.0,0.397766131
9242,6.3,N,53.0,148.0,501.0,0.536300948
8915,6.1,S,77.0,57.0,215.0,3.066082729
551,5.7,S,60.0,75.35993935,1862.0,0.412086492
507,5.7,N,35.0,125.8370313,371.0,0.462635123
567,5.6,S,59.0,134.597325,301.0,0.526123356
8562,5.5,N,54.0,74.0,747.0,0.098022287
73,5.9,N,46.0,113.7042696,265.0,0.857714586
9242,6.3,N,53.0,180.0,715.0,0.756854754
538,5.9,N,34.0,85.28555205,344.0,0.47046662
567,5.6,S,59.0,159.8031701,396.0,0.303611478
73,5.9,N,46.0,185.386784,193.0,0.77307965
8915,6.1,S,77.0,157.0,312.0,1.43882476
567,5.6,S,59.0,88.81638299,171.0,0.684125592
366,6.3,N,42.0,147.17,307.0,0.983125777
136,5.8,S,80.0,195.1652521,468.0,0.170151683
567,5.6,S,59.0,82.20000588,270.0,1.085256183
313,5.5,N,47.0,143.389989,249.0,0.147342119
507,5.7,N,35.0,37.19119738,344.0,0.634258859
551,5.7,S,60.0,104.4516445,304.0,0.327352619
651,5.9,S,82.0,173.6341705,567.0,0.224585807
538,5.9,N,34.0,149.4607188,336.0,0.387479491
567,5.6,S,59.0,166.1751633,377.0,0.45069629
366,6.3,N,42.0,82.38,745.0,1.318427106
567,5.6,S,59.0,170.1368707,488.0,0.149535302
551,5.7,S,60.0,132.5135477,251.0,2.489050537
654,5.5,S,81.0,192.1913582,875.0,0.062399793
366,6.3,N,42.0,64.0,414.0,2.66735302
331,5.6,S,63.0,118.7967528,450.0,0.640600659
366,6.3,N,42.0,74.98,608.0,1.010165704
651,5.9,S,82.0,86.19863773,284.0,0.497447842
538,5.9,N,34.0,162.9281158,534.0,0.663058072
733,5.6,S,34.0,148.2408867,936.0,0.266281187
567,5.6,S,59.0,79.67895177,193.0,1.015611114
331,5.6,S,63.0,97.11934161,731.0,0.211143263
651,5.9,S,82.0,112.4524175,541.0,0.663004086
567,5.6,S,59.0,145.5919262,307.0,0.302498382
567,5.6,S,59.0,166.4434536,429.0,0.131719956
551,5.7,S,60.0,139.9571936,445.0,0.399830387
507,5.7,N,35.0,95.73674886,301.0,1.205207616
654,5.5,S,81.0,73.10871452,367.0,0.156195597
366,6.3,N,42.0,134.3,192.0,4.008346924
538,5.9,N,34.0,158.0674419,350.0,0.315766841
313,5.5,N,47.0,139.5257804,340.0,0.100226661
507,5.7,N,35.0,173.5470895,226.0,0.332994564
654,5.5,S,81.0,67.30313926,495.0,0.611716269
313,5.5,N,47.0,75.90668299,483.0,0.23485045
15,6.2,S,81.0,27.71,478.0,0.00807027
733,5.6,S,34.0,177.4642132,356.0,0.127500236
331,5.6,S,63.0,188.450626,618.0,0.138341445
567,5.6,S,59.0,100.5902392,328.0,0.557346356
651,5.9,S,82.0,193.0319966,804.0,0.145281611
654,5.5,S,81.0,52.34642908,320.0,1.062796204
651,5.9,S,82.0,126.5595902,367.0,0.589782309
366,6.3,N,42.0,53.84,532.0,2.328973771
85,5.6,S,84.0,16.92335482,567.0,1.490231872
8915,6.1,S,77.0,6.9,914.0,23.82039473
507,5.7,N,35.0,110.8776402,696.0,0.276007177
551,5.7,S,60.0,154.1470201,190.0,3.386078014
73,5.9,N,46.0,175.6563439,300.0,1.072795938
3,6.1,N,43.0,1.67,198.0,36.3338525
651,5.9,S,82.0,72.44652281,435.0,1.176536059
9242,6.3,N,53.0,141.0,428.0,4.394141368
313,5.5,N,47.0,140.3513551,875.0,0.063220521
8915,6.1,S,77.0,148.0,348.0,1.29602437
9242,6.3,N,53.0,175.0,280.0,1.679021455
111,6.1,S,78.0,157.15,920.0,1.031519315
538,5.9,N,34.0,164.7370372,323.0,0.072664777
665,5.6,S,76.0,165.4125416,484.0,0.097078298
73,5.9,N,46.0,145.0347668,570.0,0.461091351
48,5.8,S,74.0,38.15431064,485.0,0.677275608
551,5.7,S,60.0,157.0559536,203.0,2.034977212
551,5.7,S,60.0,64.98017594,330.0,0.209396858
551,5.7,S,60.0,107.3878991,280.0,0.925442067
32,5.7,S,70.0,103.0283638,371.0,0.66991453
651,5.9,S,82.0,105.4634293,519.0,0.36806896
665,5.6,S,76.0,64.29508666,815.0,0.128168952
551,5.7,S,60.0,98.23985027,410.0,0.935329714
366,6.3,N,42.0,75.39,313.0,2.753790055
21,5.6,S,50.0,108.2886966,595.0,0.344698562
665,5.6,S,76.0,170.8113999,561.0,0.141661907
551,5.7,S,60.0,131.8147875,441.0,0.279104196
605,5.5,N,43.0,180.1239384,393.0,0.031911662
733,5.6,S,34.0,52.62207399,555.0,0.857290845
567,5.6,S,59.0,170.9140544,483.0,0.125670946
48,5.8,S,74.0,69.60620063,375.0,1.053700049
366,6.3,N,42.0,161.36,238.0,0.973291685
8915,6.1,S,77.0,47.0,412.0,0.839564707
65,6.1,S,80.0,89.02,519.0,0.59719957
733,5.6,S,34.0,162.7721434,543.0,0.071372562
30,5.8,S,45.0,127.7134426,285.0,0.575819919
73,5.9,N,46.0,137.8476473,370.0,3.880107252
8598,5.6,N,50.0,61.0,732.0,0.220002483
567,5.6,S,59.0,163.1644662,986.0,0.19858923
136,5.8,S,80.0,194.9198945,745.0,0.177399756
567,5.6,S,59.0,104.5572062,415.0,0.777530507
313,5.5,N,47.0,170.0625092,330.0,0.069783031
654,5.5,S,81.0,158.211539,450.0,0.165650547
51,5.8,S,79.0,50.6284497,270.0,1.44996546
665,5.6,S,76.0,92.50141896,579.0,0.160678269
366,6.3,N,42.0,68.76,460.0,1.78853804
136,5.8,S,80.0,102.8579416,387.0,1.02163922
51,5.8,S,79.0,117.1272586,371.0,0.311865083
651,5.9,S,82.0,160.8404176,521.0,0.4612571
551,5.7,S,60.0,76.83557045,436.0,1.397974647
567,5.6,S,59.0,134.4870721,366.0,0.277577098
665,5.6,S,76.0,114.5247415,543.0,0.064466073
733,5.6,S,34.0,157.563856,435.0,0.117071074
507,5.7,N,35.0,160.0873505,314.0,0.368912354
567,5.6,S,59.0,148.8999861,555.0,0.167262539
366,6.3,N,42.0,193.32,694.0,0.208090139
331,5.6,S,63.0,91.83007733,543.0,0.240645426
313,5.5,N,47.0,148.5019704,695.0,0.060036454
567,5.6,S,59.0,117.8961348,462.0,0.233270007
111,6.1,S,78.0,17.05,248.0,17.4207865
8915,6.1,S,77.0,129.0,304.0,0.890246748
331,5.6,S,63.0,147.1164468,428.0,0.37120254
733,5.6,S,34.0,109.2484825,579.0,0.057380542
65,6.1,S,80.0,166.46,709.0,0.419700319
111,6.1,S,78.0,161.52,584.0,0.758227123
551,5.7,S,60.0,149.4461405,303.0,1.924663276
507,5.7,N,35.0,125.8881623,813.0,0.127839954
567,5.6,S,59.0,137.6304348,345.0,0.297408333
654,5.5,S,81.0,186.6134385,444.0,0.144616687
665,5.6,S,76.0,55.20669791,450.0,3.287231515
538,5.9,N,34.0,157.3263272,388.0,0.30806243
32,5.7,S,70.0,110.2062061,354.0,1.028063834
9242,6.3,N,53.0,183.0,297.0,0.734352543
331,5.6,S,63.0,68.89917822,555.0,0.584049274
567,5.6,S,59.0,39.98930981,229.0,1.654525698
507,5.7,N,35.0,90.66527151,198.0,1.087557119
551,5.7,S,60.0,49.26101231,420.0,1.981561733
73,5.9,N,46.0,195.4498339,1862.0,0.118884413
8915,6.1,S,77.0,91.0,445.0,1.265211459
313,5.5,N,47.0,133.1721166,459.0,0.096676359
331,5.6,S,63.0,67.97482695,654.0,0.137298875
8915,6.1,S,77.0,5.6,398.0,35.5543076
551,5.7,S,60.0,135.0479651,279.0,2.995269426
313,5.5,N,47.0,176.5275724,328.0,0.126729156
551,5.7,S,60.0,61.5757473,323.0,1.727123073
8562,5.5,N,54.0,61.0,732.0,0.162290746
366,6.3,N,42.0,85.51,270.0,1.819090237
8915,6.1,S,77.0,144.0,482.0,0.329067574
331,5.6,S,63.0,127.1680372,561.0,0.211368833
52,5.8,S,71.0,72.80133183,340.0,1.23414595
366,6.3,N,42.0,164.33,894.0,0.444831819
8915,6.1,S,77.0,62.0,381.0,5.457328995
331,5.6,S,63.0,144.8872278,382.0,0.192688172
567,5.6,S,59.0,193.401852,348.0,0.273933173
665,5.6,S,76.0,134.5177967,731.0,0.118477124
551,5.7,S,60.0,176.1987903,381.0,1.134906903
9242,6.3,N,53.0,183.0,721.0,0.838270461
538,5.9,N,34.0,107.6987555,183.0,1.503496478
32,5.7,S,70.0,175.7270053,662.0,0.219821771
43,5.5,N,40.0,124.0380488,269.0,0.477541279
8598,5.6,N,50.0,74.0,747.0,0.116003404
9242,6.3,N,53.0,151.0,347.0,0.944883959
507,5.7,N,35.0,177.6622143,894.0,0.165031598
24,6.0,N,46.0,89.11,362.0,0.921563117
507,5.7,N,35.0,115.7301962,724.0,0.154329119
366,6.3,N,42.0,178.49,397.0,0.428266522
538,5.9,N,34.0,104.3324383,269.0,0.487818651
331,5.6,S,63.0,112.2250208,484.0,0.21101496
331,5.6,S,63.0,18.02593094,391.0,2.448488758
51,5.8,S,79.0,140.365497,269.0,0.494626077
733,5.6,S,34.0,188.3127555,367.0,0.087059158
507,5.7,N,35.0,159.2982416,273.0,0.332061202
507,5.7,N,35.0,85.28900575,507.0,0.134079794
654,5.5,S,81.0,54.19437462,529.0,1.015633221
551,5.7,S,60.0,96.58026466,488.0,1.270669808
73,5.9,N,46.0,176.8397843,836.0,0.403866143
331,5.6,S,63.0,122.0986167,315.0,0.316653403
654,5.5,S,81.0,91.64879233,955.0,0.154093005
551,5.7,S,60.0,93.1986655,396.0,0.665136539
538,5.9,N,34.0,122.81733,507.0,0.228587144
507,5.7,N,35.0,159.1788032,948.0,0.155731618
567,5.6,S,59.0,134.1184146,375.0,0.354965789
136,5.8,S,80.0,191.5597283,771.0,0.122446764
73,5.9,N,46.0,139.7145545,237.0,0.535062736
567,5.6,S,59.0,187.0577332,267.0,0.372109274
331,5.6,S,63.0,84.03125139,721.0,0.697594021
49,5.6,S,78.0,63.53888492,529.0,0.592411413
366,6.3,N,42.0,156.79,460.0,1.309822751
8915,6.1,S,77.0,145.0,252.0,2.087850447
366,6.3,N,42.0,125.62,430.0,2.222839403
73,5.9,N,46.0,50.80174834,285.0,4.000631466
313,5.5,N,47.0,105.2228675,214.0,0.334605211
8915,6.1,S,77.0,92.0,352.0,2.375274853
331,5.6,S,63.0,167.1282474,430.0,0.10819711
366,6.3,N,42.0,163.36,300.0,0.64354625
313,5.5,N,47.0,137.6655387,836.0,0.09063986
366,6.3,N,42.0,90.71,558.0,1.478227542
73,5.9,N,46.0,181.6385158,131.0,1.293006681
18,7.6,S,87.0,62.73,459.0,8.79752929
684,7.0,N,43.0,125.54,696.0,1.147976229
22,7.1,S,65.0,3.76,760.0,7.686662219
8994,7.8,S,70.0,28.0,350.0,29.96902772
22,7.1,S,65.0,3.49,454.2,7.295069547
8997,6.8,S,66.0,53.0,463.0,4.857355408
385,6.6,N,37.0,68.23,894.0,1.388367462
577,6.7,S,68.0,196.44,426.0,1.712417283
8994,7.8,S,70.0,0.8,533.0,135.5454504
181,6.9,S,85.0,25.29,403.0,10.56221397
684,7.0,N,43.0,63.76,145.0,14.23132285
8994,7.8,S,70.0,20.0,654.0,29.85368959
385,6.6,N,37.0,56.91,1323.0,1.269986287
684,7.0,N,43.0,105.38,371.0,1.817926995
385,6.6,N,37.0,185.23,340.0,0.72867469
385,6.6,N,37.0,90.62,307.0,1.821328585
9043,7.7,S,46.0,52.0,574.0,25.85128488
385,6.6,N,37.0,184.63,205.0,1.360886642
577,6.7,S,68.0,32.29,481.0,6.770629335
8994,7.8,S,70.0,3.1,272.0,153.4821705
18,7.6,S,87.0,62.84,175.0,7.147650218
577,6.7,S,68.0,9.54,1380.0,26.98258521
577,6.7,S,68.0,67.33,735.0,3.645514158
684,7.0,N,43.0,186.08,238.0,1.306817063
22,7.1,S,65.0,8.65,338.0,2.714874591
8997,6.8,S,66.0,11.0,280.0,16.49690899
9043,7.7,S,46.0,64.0,660.0,18.82090197
22,7.1,S,65.0,10.88,481.0,2.464264717
385,6.6,N,37.0,48.64,393.0,1.695053775
29,6.5,N,60.0,125.24,285.0,1.37177774
385,6.6,N,37.0,134.81,328.0,1.71991959
22,7.1,S,65.0,163.85,459.0,1.976238086
181,6.9,S,85.0,132.8,322.0,2.36256035
181,6.9,S,85.0,128.3,444.0,1.993618324
684,7.0,N,43.0,56.23,771.0,3.34270241
577,6.7,S,68.0,145.3,541.0,1.67330561
577,6.7,S,68.0,154.66,186.0,2.091189668
385,6.6,N,37.0,128.7,301.0,1.432278092
8994,7.8,S,70.0,21.0,374.0,41.26199164
8997,6.8,S,66.0,50.0,485.0,11.29102459
8994,7.8,S,70.0,55.0,426.0,20.47610777
577,6.7,S,68.0,32.7,555.0,12.81048448
684,7.0,N,43.0,30.47,1141.0,6.887276713
181,6.9,S,85.0,42.42,192.0,14.22078698
385,6.6,N,37.0,140.53,477.0,0.468700116
8997,6.8,S,66.0,168.0,362.0,1.136034615
181,6.9,S,85.0,40.65,483.0,10.17247072
9043,7.7,S,46.0,74.0,390.0,12.5571108
18,7.6,S,87.0,4.94,297.0,14.05475131
385,6.6,N,37.0,123.6,269.0,3.990463655
8997,6.8,S,66.0,168.0,579.0,0.954068419
8994,7.8,S,70.0,22.0,344.0,55.38893059
385,6.6,N,37.0,162.44,414.0,0.878774797
8994,7.8,S,70.0,17.0,574.0,28.83739064
8994,7.8,S,70.0,0.6,390.0,92.53318556
385,6.6,N,37.0,71.62,986.0,1.832854651
385,6.6,N,37.0,158.71,356.0,1.755678396
8994,7.8,S,70.0,15.0,731.0,41.27856187
8994,7.8,S,70.0,77.0,735.0,10.62153879
684,7.0,N,43.0,186.65,366.0,1.250389438
9043,7.7,S,46.0,54.0,541.0,21.6205913
684,7.0,N,43.0,63.17,131.0,18.11475362
8997,6.8,S,66.0,100.0,377.0,6.678867148
8994,7.8,S,70.0,0.0,485.0,138.5239141
8997,6.8,S,66.0,100.0,654.0,1.002852143
181,6.9,S,85.0,108.11,324.0,4.819127073
8997,6.8,S,66.0,123.0,344.0,8.3406694
18,7.6,S,87.0,30.96,197.0,20.94553278
9043,7.7,S,46.0,53.0,484.0,23.5446755
22,7.1,S,65.0,96.45,297.0,1.124752621
18,7.6,S,87.0,60.4,346.0,2.584168333
385,6.6,N,37.0,163.86,460.0,0.84217649
181,6.9,S,85.0,76.61,225.0,11.54547915
18,7.6,S,87.0,56.56,289.69,3.50671917
577,6.7,S,68.0,67.42,329.0,3.249576434
18,7.6,S,87.0,47.84,341.56,2.940028963
577,6.7,S,68.0,126.13,416.0,2.479034285
8994,7.8,S,70.0,31.0,758.0,14.90551499
385,6.6,N,37.0,101.97,369.0,1.189030517
385,6.6,N,37.0,35.93,278.0,1.42351717
18,7.6,S,87.0,119.63,341.56,2.172004406
22,7.1,S,65.0,24.79,782.0,1.521460527
385,6.6,N,37.0,170.55,171.0,0.947889038
8994,7.8,S,70.0,12.0,868.0,39.9731302
8994,7.8,S,70.0,73.0,376.0,18.77656828
181,6.9,S,85.0,100.97,366.0,2.816633347
385,6.6,N,37.0,156.32,303.0,0.999264078
8997,6.8,S,66.0,19.0,430.0,10.46417117
9043,7.7,S,46.0,90.0,430.0,11.87859764
385,6.6,N,37.0,162.96,771.0,0.735009551
8997,6.8,S,66.0,20.0,574.0,7.954020331
8997,6.8,S,66.0,87.0,208.0,5.00508816
9043,7.7,S,46.0,67.0,579.0,10.80661234
8994,7.8,S,70.0,3.0,688.0,77.6826649
385,6.6,N,37.0,110.94,549.0,1.529325818
18,7.6,S,87.0,11.12,792.0,7.589723835
684,7.0,N,43.0,92.87,948.0,1.558351641
577,6.7,S,68.0,73.28,654.0,2.458995702
8997,6.8,S,66.0,120.0,447.0,6.17257289
8994,7.8,S,70.0,63.0,208.0,29.7125853
684,7.0,N,43.0,102.23,747.0,1.452486748
385,6.6,N,37.0,129.52,248.0,2.774783133
8994,7.8,S,70.0,95.0,583.0,6.079358683
18,7.6,S,87.0,5.17,826.0,30.49759414
8997,6.8,S,66.0,119.0,305.0,4.776587612
577,6.7,S,68.0,163.48,567.0,1.688342572
9043,7.7,S,46.0,76.0,637.0,7.523493414
684,7.0,N,43.0,175.49,444.0,1.151361699
577,6.7,S,68.0,47.54,660.0,3.84357235
8997,6.8,S,66.0,37.0,731.0,2.990703413
9043,7.7,S,46.0,4.0,246.0,114.7522061
577,6.7,S,68.0,183.87,804.0,0.610889889
577,6.7,S,68.0,155.49,340.0,1.937034381
385,6.6,N,37.0,113.79,354.0,2.397638134
22,7.1,S,65.0,1.21,529.18,3.183447109
684,7.0,N,43.0,82.25,328.0,4.990209824
8994,7.8,S,70.0,42.0,815.0,20.32331801
181,6.9,S,85.0,168.3,193.0,4.352265095
8994,7.8,S,70.0,0.0,618.0,171.2972007
577,6.7,S,68.0,38.6,907.0,2.85252852
18,7.6,S,87.0,7.37,701.0,21.97610434
8997,6.8,S,66.0,38.0,445.0,16.21198288
8997,6.8,S,66.0,128.0,376.0,2.71991484
684,7.0,N,43.0,176.48,430.0,2.00287802
684,7.0,N,43.0,127.53,273.0,3.149540495
577,6.7,S,68.0,180.39,284.0,0.470759393
684,7.0,N,43.0,185.9,223.0,1.216098286
8997,6.8,S,66.0,77.0,868.0,5.471535452
577,6.7,S,68.0,125.01,444.0,2.434173913
9043,7.7,S,46.0,58.0,280.0,19.00582842
8994,7.8,S,70.0,76.0,485.0,12.69287921
385,6.6,N,37.0,102.83,271.0,3.821878955
22,7.1,S,65.0,8.02,638.39,2.268465258
22,7.1,S,65.0,166.57,386.75,0.642540723
385,6.6,N,37.0,147.24,415.0,1.210199178
8994,7.8,S,70.0,14.0,484.0,35.60577969
8997,6.8,S,66.0,65.0,426.0,5.479635546
8997,6.8,S,66.0,138.0,485.0,3.524717027
684,7.0,N,43.0,180.63,567.0,0.954960498
577,6.7,S,68.0,177.12,320.0,0.643739876
8994,7.8,S,70.0,90.0,579.0,11.45599998
684,7.0,N,43.0,62.32,630.0,5.66394241
385,6.6,N,37.0,42.64,323.0,3.740839188
8997,6.8,S,66.0,80.0,539.0,6.423402914
8994,7.8,S,70.0,9.5,283.0,107.0270982
385,6.6,N,37.0,108.17,371.0,1.538847932
8994,7.8,S,70.0,75.0,246.0,17.4964203
8997,6.8,S,66.0,85.0,424.0,8.368774937
181,6.9,S,85.0,80.76,403.0,2.993117923
577,6.7,S,68.0,184.41,594.0,0.684806014
18,7.6,S,87.0,47.52,595.0,6.669385329
684,7.0,N,43.0,109.12,229.0,5.583896134
8997,6.8,S,66.0,70.0,272.0,19.32980689
22,7.1,S,65.0,163.55,329.45,0.496490123
8997,6.8,S,66.0,139.0,445.0,1.036065726
22,7.1,S,65.0,130.06,523.0,0.545662518
385,6.6,N,37.0,173.91,459.0,0.685316842
577,6.7,S,68.0,65.72,391.0,8.886215521
684,7.0,N,43.0,65.68,196.0,15.65459205
8997,6.8,S,66.0,7.0,346.0,13.00991878
577,6.7,S,68.0,106.2,469.0,3.698999305
577,6.7,S,68.0,101.17,519.0,2.473140457
385,6.6,N,37.0,164.27,827.0,0.717875853
684,7.0,N,43.0,138.81,292.0,4.589454074
9043,7.7,S,46.0,68.0,484.0,18.29680897
577,6.7,S,68.0,136.79,731.0,3.051580794
22,7.1,S,65.0,3.13,282.0,74.53179908
8994,7.8,S,70.0,0.0,523.0,135.3355407
577,6.7,S,68.0,131.04,955.0,0.600226958
684,7.0,N,43.0,85.33,694.0,1.403456182
9043,7.7,S,46.0,26.0,731.0,23.36767767
684,7.0,N,43.0,64.66,249.0,12.16009815
385,6.6,N,37.0,47.96,630.0,3.790433178
8997,6.8,S,66.0,178.0,1380.0,0.532586694
18,7.6,S,87.0,52.02,310.01,3.265877418
684,7.0,N,43.0,43.59,532.0,7.988282454
577,6.7,S,68.0,143.24,314.0,2.098682278
